ISO-10303-21;
HEADER;
/* Generated by software containing ST-Developer
 * from STEP Tools, Inc. (www.steptools.com) 
 */

FILE_DESCRIPTION(
/* description */ (''),
/* implementation_level */ '2;1');

FILE_NAME(
/* name */ 'sms-telegram-enclosure.step',
/* time_stamp */ '2026-09-10T17:44:00+03:00',
/* author */ (''),
/* organization */ (''),
/* preprocessor_version */ 'ST-DEVELOPER v20.1',
/* originating_system */ 'Autodesk Translation Framework v15.8.0.0',
/* authorisation */ '');

FILE_SCHEMA (('AUTOMOTIVE_DESIGN { 1 0 10303 214 3 1 1 }'));
ENDSEC;

DATA;
#10=MECHANICAL_DESIGN_GEOMETRIC_PRESENTATION_REPRESENTATION('',(#17,#18,
#19,#20,#21,#22,#23,#24,#25,#26,#27,#28,#29,#30,#31,#32,#33,#34,#35,#36,
#37,#38,#39,#40,#41),#10110);
#11=SHAPE_REPRESENTATION_RELATIONSHIP('SRR','None',#10117,#12);
#12=ADVANCED_BREP_SHAPE_REPRESENTATION('',(#42,#43,#44,#45,#46,#47,#48,
#49,#50,#51,#52,#53,#54,#55,#56,#57,#58,#59,#60,#61,#62,#63,#64,#65,#66),
#10109);
#13=CONICAL_SURFACE('',#6464,5.6,0.785398163397447);
#14=CONICAL_SURFACE('',#6468,5.6,0.785398163397447);
#15=CONICAL_SURFACE('',#6472,5.6,0.785398163397446);
#16=CONICAL_SURFACE('',#6476,5.6,0.78539816339745);
#17=STYLED_ITEM('',(#10127),#42);
#18=STYLED_ITEM('',(#10127),#43);
#19=STYLED_ITEM('',(#10128),#44);
#20=STYLED_ITEM('',(#10129),#45);
#21=STYLED_ITEM('',(#10130),#46);
#22=STYLED_ITEM('',(#10131),#47);
#23=STYLED_ITEM('',(#10128),#48);
#24=STYLED_ITEM('',(#10127),#49);
#25=STYLED_ITEM('',(#10132),#50);
#26=STYLED_ITEM('',(#10133),#51);
#27=STYLED_ITEM('',(#10134),#52);
#28=STYLED_ITEM('',(#10126),#53);
#29=STYLED_ITEM('',(#10135),#54);
#30=STYLED_ITEM('',(#10127),#55);
#31=STYLED_ITEM('',(#10127),#56);
#32=STYLED_ITEM('',(#10129),#57);
#33=STYLED_ITEM('',(#10129),#58);
#34=STYLED_ITEM('',(#10126),#59);
#35=STYLED_ITEM('',(#10126),#60);
#36=STYLED_ITEM('',(#10126),#61);
#37=STYLED_ITEM('',(#10126),#62);
#38=STYLED_ITEM('',(#10126),#63);
#39=STYLED_ITEM('',(#10126),#64);
#40=STYLED_ITEM('',(#10126),#65);
#41=STYLED_ITEM('',(#10126),#66);
#42=MANIFOLD_SOLID_BREP('BottomCover',#6138);
#43=MANIFOLD_SOLID_BREP('UpperShell',#6139);
#44=MANIFOLD_SOLID_BREP('XIAO_pcb',#6140);
#45=MANIFOLD_SOLID_BREP('XIAO_bottom',#6141);
#46=MANIFOLD_SOLID_BREP('XIAO_shield',#6142);
#47=MANIFOLD_SOLID_BREP('XIAO_usbc',#6143);
#48=MANIFOLD_SOLID_BREP('TFT_pcb',#6144);
#49=MANIFOLD_SOLID_BREP('TFT_panel',#6145);
#50=MANIFOLD_SOLID_BREP('TFT_glass',#6146);
#51=MANIFOLD_SOLID_BREP('SIM800L',#6147);
#52=MANIFOLD_SOLID_BREP('CAP_bulk',#6148);
#53=MANIFOLD_SOLID_BREP('ANT_wifi',#6149);
#54=MANIFOLD_SOLID_BREP('BTN_strip',#6150);
#55=MANIFOLD_SOLID_BREP('BTN_sw_next',#6151);
#56=MANIFOLD_SOLID_BREP('BTN_sw_ok',#6152);
#57=MANIFOLD_SOLID_BREP('BTN_cap_next',#6153);
#58=MANIFOLD_SOLID_BREP('BTN_cap_ok',#6154);
#59=MANIFOLD_SOLID_BREP('INSERT_0',#6155);
#60=MANIFOLD_SOLID_BREP('SCREW_0',#6156);
#61=MANIFOLD_SOLID_BREP('INSERT_1',#6157);
#62=MANIFOLD_SOLID_BREP('SCREW_1',#6158);
#63=MANIFOLD_SOLID_BREP('INSERT_2',#6159);
#64=MANIFOLD_SOLID_BREP('SCREW_2',#6160);
#65=MANIFOLD_SOLID_BREP('INSERT_3',#6161);
#66=MANIFOLD_SOLID_BREP('SCREW_3',#6162);
#67=FACE_BOUND('',#811,.T.);
#68=FACE_BOUND('',#812,.T.);
#69=FACE_BOUND('',#813,.T.);
#70=FACE_BOUND('',#814,.T.);
#71=FACE_BOUND('',#815,.T.);
#72=FACE_BOUND('',#816,.T.);
#73=FACE_BOUND('',#817,.T.);
#74=FACE_BOUND('',#818,.T.);
#75=FACE_BOUND('',#819,.T.);
#76=FACE_BOUND('',#820,.T.);
#77=FACE_BOUND('',#821,.T.);
#78=FACE_BOUND('',#822,.T.);
#79=FACE_BOUND('',#823,.T.);
#80=FACE_BOUND('',#824,.T.);
#81=FACE_BOUND('',#825,.T.);
#82=FACE_BOUND('',#826,.T.);
#83=FACE_BOUND('',#827,.T.);
#84=FACE_BOUND('',#828,.T.);
#85=FACE_BOUND('',#829,.T.);
#86=FACE_BOUND('',#830,.T.);
#87=FACE_BOUND('',#832,.T.);
#88=FACE_BOUND('',#835,.T.);
#89=FACE_BOUND('',#838,.T.);
#90=FACE_BOUND('',#841,.T.);
#91=FACE_BOUND('',#844,.T.);
#92=FACE_BOUND('',#853,.T.);
#93=FACE_BOUND('',#857,.T.);
#94=FACE_BOUND('',#861,.T.);
#95=FACE_BOUND('',#922,.T.);
#96=FACE_BOUND('',#928,.T.);
#97=FACE_BOUND('',#981,.T.);
#98=FACE_BOUND('',#982,.T.);
#99=FACE_BOUND('',#983,.T.);
#100=FACE_BOUND('',#984,.T.);
#101=FACE_BOUND('',#995,.T.);
#102=FACE_BOUND('',#999,.T.);
#103=FACE_BOUND('',#1003,.T.);
#104=FACE_BOUND('',#1005,.T.);
#105=FACE_BOUND('',#1008,.T.);
#106=FACE_BOUND('',#1009,.T.);
#107=FACE_BOUND('',#1010,.T.);
#108=FACE_BOUND('',#1011,.T.);
#109=FACE_BOUND('',#1012,.T.);
#110=FACE_BOUND('',#1013,.T.);
#111=FACE_BOUND('',#1014,.T.);
#112=FACE_BOUND('',#1015,.T.);
#113=FACE_BOUND('',#1016,.T.);
#114=FACE_BOUND('',#1017,.T.);
#115=FACE_BOUND('',#1076,.T.);
#116=FACE_BOUND('',#1077,.T.);
#117=FACE_BOUND('',#1078,.T.);
#118=FACE_BOUND('',#1161,.T.);
#119=FACE_BOUND('',#1162,.T.);
#120=FACE_BOUND('',#1164,.T.);
#121=FACE_BOUND('',#1165,.T.);
#122=FACE_BOUND('',#1173,.T.);
#123=FACE_BOUND('',#1182,.T.);
#124=FACE_BOUND('',#1190,.T.);
#125=FACE_BOUND('',#1192,.T.);
#126=FACE_BOUND('',#1199,.T.);
#127=FACE_BOUND('',#1201,.T.);
#128=FACE_BOUND('',#1205,.T.);
#129=FACE_BOUND('',#1207,.T.);
#130=FACE_BOUND('',#1212,.T.);
#131=FACE_BOUND('',#1217,.T.);
#132=FACE_BOUND('',#1219,.T.);
#133=FACE_BOUND('',#1224,.T.);
#134=FACE_BOUND('',#1229,.T.);
#135=FACE_BOUND('',#1231,.T.);
#136=FACE_BOUND('',#1236,.T.);
#137=FACE_BOUND('',#1241,.T.);
#138=FACE_BOUND('',#1243,.T.);
#139=FACE_BOUND('',#1248,.T.);
#140=PLANE('',#6185);
#141=PLANE('',#6195);
#142=PLANE('',#6200);
#143=PLANE('',#6205);
#144=PLANE('',#6210);
#145=PLANE('',#6215);
#146=PLANE('',#6224);
#147=PLANE('',#6225);
#148=PLANE('',#6228);
#149=PLANE('',#6229);
#150=PLANE('',#6232);
#151=PLANE('',#6233);
#152=PLANE('',#6236);
#153=PLANE('',#6237);
#154=PLANE('',#6239);
#155=PLANE('',#6251);
#156=PLANE('',#6252);
#157=PLANE('',#6253);
#158=PLANE('',#6254);
#159=PLANE('',#6255);
#160=PLANE('',#6256);
#161=PLANE('',#6257);
#162=PLANE('',#6258);
#163=PLANE('',#6259);
#164=PLANE('',#6260);
#165=PLANE('',#6261);
#166=PLANE('',#6262);
#167=PLANE('',#6263);
#168=PLANE('',#6264);
#169=PLANE('',#6265);
#170=PLANE('',#6266);
#171=PLANE('',#6267);
#172=PLANE('',#6268);
#173=PLANE('',#6269);
#174=PLANE('',#6270);
#175=PLANE('',#6271);
#176=PLANE('',#6272);
#177=PLANE('',#6273);
#178=PLANE('',#6274);
#179=PLANE('',#6275);
#180=PLANE('',#6276);
#181=PLANE('',#6277);
#182=PLANE('',#6278);
#183=PLANE('',#6279);
#184=PLANE('',#6280);
#185=PLANE('',#6281);
#186=PLANE('',#6282);
#187=PLANE('',#6283);
#188=PLANE('',#6284);
#189=PLANE('',#6285);
#190=PLANE('',#6286);
#191=PLANE('',#6287);
#192=PLANE('',#6288);
#193=PLANE('',#6289);
#194=PLANE('',#6290);
#195=PLANE('',#6291);
#196=PLANE('',#6292);
#197=PLANE('',#6293);
#198=PLANE('',#6294);
#199=PLANE('',#6295);
#200=PLANE('',#6296);
#201=PLANE('',#6297);
#202=PLANE('',#6302);
#203=PLANE('',#6303);
#204=PLANE('',#6304);
#205=PLANE('',#6305);
#206=PLANE('',#6306);
#207=PLANE('',#6307);
#208=PLANE('',#6308);
#209=PLANE('',#6309);
#210=PLANE('',#6310);
#211=PLANE('',#6311);
#212=PLANE('',#6312);
#213=PLANE('',#6313);
#214=PLANE('',#6314);
#215=PLANE('',#6315);
#216=PLANE('',#6316);
#217=PLANE('',#6317);
#218=PLANE('',#6318);
#219=PLANE('',#6319);
#220=PLANE('',#6320);
#221=PLANE('',#6321);
#222=PLANE('',#6322);
#223=PLANE('',#6323);
#224=PLANE('',#6324);
#225=PLANE('',#6325);
#226=PLANE('',#6326);
#227=PLANE('',#6327);
#228=PLANE('',#6328);
#229=PLANE('',#6329);
#230=PLANE('',#6330);
#231=PLANE('',#6331);
#232=PLANE('',#6332);
#233=PLANE('',#6333);
#234=PLANE('',#6334);
#235=PLANE('',#6335);
#236=PLANE('',#6336);
#237=PLANE('',#6337);
#238=PLANE('',#6338);
#239=PLANE('',#6339);
#240=PLANE('',#6340);
#241=PLANE('',#6341);
#242=PLANE('',#6342);
#243=PLANE('',#6343);
#244=PLANE('',#6344);
#245=PLANE('',#6345);
#246=PLANE('',#6346);
#247=PLANE('',#6347);
#248=PLANE('',#6348);
#249=PLANE('',#6349);
#250=PLANE('',#6350);
#251=PLANE('',#6351);
#252=PLANE('',#6352);
#253=PLANE('',#6353);
#254=PLANE('',#6354);
#255=PLANE('',#6357);
#256=PLANE('',#6360);
#257=PLANE('',#6365);
#258=PLANE('',#6366);
#259=PLANE('',#6367);
#260=PLANE('',#6371);
#261=PLANE('',#6375);
#262=PLANE('',#6379);
#263=PLANE('',#6383);
#264=PLANE('',#6387);
#265=PLANE('',#6395);
#266=PLANE('',#6396);
#267=PLANE('',#6400);
#268=PLANE('',#6402);
#269=PLANE('',#6406);
#270=PLANE('',#6412);
#271=PLANE('',#6413);
#272=PLANE('',#6414);
#273=PLANE('',#6415);
#274=PLANE('',#6416);
#275=PLANE('',#6417);
#276=PLANE('',#6418);
#277=PLANE('',#6419);
#278=PLANE('',#6420);
#279=PLANE('',#6421);
#280=PLANE('',#6422);
#281=PLANE('',#6423);
#282=PLANE('',#6424);
#283=PLANE('',#6425);
#284=PLANE('',#6426);
#285=PLANE('',#6427);
#286=PLANE('',#6428);
#287=PLANE('',#6429);
#288=PLANE('',#6430);
#289=PLANE('',#6431);
#290=PLANE('',#6432);
#291=PLANE('',#6433);
#292=PLANE('',#6434);
#293=PLANE('',#6435);
#294=PLANE('',#6436);
#295=PLANE('',#6437);
#296=PLANE('',#6438);
#297=PLANE('',#6439);
#298=PLANE('',#6440);
#299=PLANE('',#6441);
#300=PLANE('',#6442);
#301=PLANE('',#6443);
#302=PLANE('',#6444);
#303=PLANE('',#6445);
#304=PLANE('',#6446);
#305=PLANE('',#6447);
#306=PLANE('',#6448);
#307=PLANE('',#6449);
#308=PLANE('',#6450);
#309=PLANE('',#6451);
#310=PLANE('',#6452);
#311=PLANE('',#6453);
#312=PLANE('',#6454);
#313=PLANE('',#6455);
#314=PLANE('',#6456);
#315=PLANE('',#6467);
#316=PLANE('',#6471);
#317=PLANE('',#6475);
#318=PLANE('',#6479);
#319=PLANE('',#6480);
#320=PLANE('',#6482);
#321=PLANE('',#6484);
#322=PLANE('',#6487);
#323=PLANE('',#6488);
#324=PLANE('',#6489);
#325=PLANE('',#6490);
#326=PLANE('',#6493);
#327=PLANE('',#6494);
#328=PLANE('',#6495);
#329=PLANE('',#6496);
#330=PLANE('',#6500);
#331=PLANE('',#6502);
#332=PLANE('',#6504);
#333=PLANE('',#6505);
#334=PLANE('',#6506);
#335=PLANE('',#6507);
#336=PLANE('',#6508);
#337=PLANE('',#6509);
#338=PLANE('',#6510);
#339=PLANE('',#6511);
#340=PLANE('',#6512);
#341=PLANE('',#6513);
#342=PLANE('',#6514);
#343=PLANE('',#6515);
#344=PLANE('',#6516);
#345=PLANE('',#6517);
#346=PLANE('',#6518);
#347=PLANE('',#6519);
#348=PLANE('',#6520);
#349=PLANE('',#6521);
#350=PLANE('',#6522);
#351=PLANE('',#6523);
#352=PLANE('',#6524);
#353=PLANE('',#6525);
#354=PLANE('',#6526);
#355=PLANE('',#6527);
#356=PLANE('',#6528);
#357=PLANE('',#6529);
#358=PLANE('',#6530);
#359=PLANE('',#6531);
#360=PLANE('',#6532);
#361=PLANE('',#6533);
#362=PLANE('',#6534);
#363=PLANE('',#6535);
#364=PLANE('',#6536);
#365=PLANE('',#6537);
#366=PLANE('',#6538);
#367=PLANE('',#6539);
#368=PLANE('',#6540);
#369=PLANE('',#6541);
#370=PLANE('',#6542);
#371=PLANE('',#6543);
#372=PLANE('',#6544);
#373=PLANE('',#6545);
#374=PLANE('',#6546);
#375=PLANE('',#6547);
#376=PLANE('',#6548);
#377=PLANE('',#6549);
#378=PLANE('',#6550);
#379=PLANE('',#6551);
#380=PLANE('',#6552);
#381=PLANE('',#6556);
#382=PLANE('',#6557);
#383=PLANE('',#6558);
#384=PLANE('',#6559);
#385=PLANE('',#6560);
#386=PLANE('',#6561);
#387=PLANE('',#6562);
#388=PLANE('',#6563);
#389=PLANE('',#6570);
#390=PLANE('',#6571);
#391=PLANE('',#6572);
#392=PLANE('',#6573);
#393=PLANE('',#6574);
#394=PLANE('',#6575);
#395=PLANE('',#6579);
#396=PLANE('',#6580);
#397=PLANE('',#6581);
#398=PLANE('',#6582);
#399=PLANE('',#6583);
#400=PLANE('',#6584);
#401=PLANE('',#6585);
#402=PLANE('',#6589);
#403=PLANE('',#6590);
#404=PLANE('',#6591);
#405=PLANE('',#6592);
#406=PLANE('',#6593);
#407=PLANE('',#6594);
#408=PLANE('',#6595);
#409=PLANE('',#6599);
#410=PLANE('',#6603);
#411=PLANE('',#6607);
#412=PLANE('',#6608);
#413=PLANE('',#6612);
#414=PLANE('',#6616);
#415=PLANE('',#6620);
#416=PLANE('',#6621);
#417=PLANE('',#6628);
#418=PLANE('',#6629);
#419=PLANE('',#6633);
#420=PLANE('',#6637);
#421=PLANE('',#6638);
#422=PLANE('',#6645);
#423=PLANE('',#6646);
#424=PLANE('',#6650);
#425=PLANE('',#6654);
#426=PLANE('',#6655);
#427=PLANE('',#6662);
#428=PLANE('',#6663);
#429=PLANE('',#6667);
#430=PLANE('',#6671);
#431=PLANE('',#6672);
#432=PLANE('',#6679);
#433=PLANE('',#6680);
#434=PLANE('',#6684);
#435=PLANE('',#6688);
#436=PLANE('',#6689);
#437=FACE_OUTER_BOUND('',#807,.T.);
#438=FACE_OUTER_BOUND('',#808,.T.);
#439=FACE_OUTER_BOUND('',#809,.T.);
#440=FACE_OUTER_BOUND('',#810,.T.);
#441=FACE_OUTER_BOUND('',#831,.T.);
#442=FACE_OUTER_BOUND('',#833,.T.);
#443=FACE_OUTER_BOUND('',#834,.T.);
#444=FACE_OUTER_BOUND('',#836,.T.);
#445=FACE_OUTER_BOUND('',#837,.T.);
#446=FACE_OUTER_BOUND('',#839,.T.);
#447=FACE_OUTER_BOUND('',#840,.T.);
#448=FACE_OUTER_BOUND('',#842,.T.);
#449=FACE_OUTER_BOUND('',#843,.T.);
#450=FACE_OUTER_BOUND('',#845,.T.);
#451=FACE_OUTER_BOUND('',#846,.T.);
#452=FACE_OUTER_BOUND('',#847,.T.);
#453=FACE_OUTER_BOUND('',#848,.T.);
#454=FACE_OUTER_BOUND('',#849,.T.);
#455=FACE_OUTER_BOUND('',#850,.T.);
#456=FACE_OUTER_BOUND('',#851,.T.);
#457=FACE_OUTER_BOUND('',#852,.T.);
#458=FACE_OUTER_BOUND('',#854,.T.);
#459=FACE_OUTER_BOUND('',#855,.T.);
#460=FACE_OUTER_BOUND('',#856,.T.);
#461=FACE_OUTER_BOUND('',#858,.T.);
#462=FACE_OUTER_BOUND('',#859,.T.);
#463=FACE_OUTER_BOUND('',#860,.T.);
#464=FACE_OUTER_BOUND('',#862,.T.);
#465=FACE_OUTER_BOUND('',#863,.T.);
#466=FACE_OUTER_BOUND('',#864,.T.);
#467=FACE_OUTER_BOUND('',#865,.T.);
#468=FACE_OUTER_BOUND('',#866,.T.);
#469=FACE_OUTER_BOUND('',#867,.T.);
#470=FACE_OUTER_BOUND('',#868,.T.);
#471=FACE_OUTER_BOUND('',#869,.T.);
#472=FACE_OUTER_BOUND('',#870,.T.);
#473=FACE_OUTER_BOUND('',#871,.T.);
#474=FACE_OUTER_BOUND('',#872,.T.);
#475=FACE_OUTER_BOUND('',#873,.T.);
#476=FACE_OUTER_BOUND('',#874,.T.);
#477=FACE_OUTER_BOUND('',#875,.T.);
#478=FACE_OUTER_BOUND('',#876,.T.);
#479=FACE_OUTER_BOUND('',#877,.T.);
#480=FACE_OUTER_BOUND('',#878,.T.);
#481=FACE_OUTER_BOUND('',#879,.T.);
#482=FACE_OUTER_BOUND('',#880,.T.);
#483=FACE_OUTER_BOUND('',#881,.T.);
#484=FACE_OUTER_BOUND('',#882,.T.);
#485=FACE_OUTER_BOUND('',#883,.T.);
#486=FACE_OUTER_BOUND('',#884,.T.);
#487=FACE_OUTER_BOUND('',#885,.T.);
#488=FACE_OUTER_BOUND('',#886,.T.);
#489=FACE_OUTER_BOUND('',#887,.T.);
#490=FACE_OUTER_BOUND('',#888,.T.);
#491=FACE_OUTER_BOUND('',#889,.T.);
#492=FACE_OUTER_BOUND('',#890,.T.);
#493=FACE_OUTER_BOUND('',#891,.T.);
#494=FACE_OUTER_BOUND('',#892,.T.);
#495=FACE_OUTER_BOUND('',#893,.T.);
#496=FACE_OUTER_BOUND('',#894,.T.);
#497=FACE_OUTER_BOUND('',#895,.T.);
#498=FACE_OUTER_BOUND('',#896,.T.);
#499=FACE_OUTER_BOUND('',#897,.T.);
#500=FACE_OUTER_BOUND('',#898,.T.);
#501=FACE_OUTER_BOUND('',#899,.T.);
#502=FACE_OUTER_BOUND('',#900,.T.);
#503=FACE_OUTER_BOUND('',#901,.T.);
#504=FACE_OUTER_BOUND('',#902,.T.);
#505=FACE_OUTER_BOUND('',#903,.T.);
#506=FACE_OUTER_BOUND('',#904,.T.);
#507=FACE_OUTER_BOUND('',#905,.T.);
#508=FACE_OUTER_BOUND('',#906,.T.);
#509=FACE_OUTER_BOUND('',#907,.T.);
#510=FACE_OUTER_BOUND('',#908,.T.);
#511=FACE_OUTER_BOUND('',#909,.T.);
#512=FACE_OUTER_BOUND('',#910,.T.);
#513=FACE_OUTER_BOUND('',#911,.T.);
#514=FACE_OUTER_BOUND('',#912,.T.);
#515=FACE_OUTER_BOUND('',#913,.T.);
#516=FACE_OUTER_BOUND('',#914,.T.);
#517=FACE_OUTER_BOUND('',#915,.T.);
#518=FACE_OUTER_BOUND('',#916,.T.);
#519=FACE_OUTER_BOUND('',#917,.T.);
#520=FACE_OUTER_BOUND('',#918,.T.);
#521=FACE_OUTER_BOUND('',#919,.T.);
#522=FACE_OUTER_BOUND('',#920,.T.);
#523=FACE_OUTER_BOUND('',#921,.T.);
#524=FACE_OUTER_BOUND('',#923,.T.);
#525=FACE_OUTER_BOUND('',#924,.T.);
#526=FACE_OUTER_BOUND('',#925,.T.);
#527=FACE_OUTER_BOUND('',#926,.T.);
#528=FACE_OUTER_BOUND('',#927,.T.);
#529=FACE_OUTER_BOUND('',#929,.T.);
#530=FACE_OUTER_BOUND('',#930,.T.);
#531=FACE_OUTER_BOUND('',#931,.T.);
#532=FACE_OUTER_BOUND('',#932,.T.);
#533=FACE_OUTER_BOUND('',#933,.T.);
#534=FACE_OUTER_BOUND('',#934,.T.);
#535=FACE_OUTER_BOUND('',#935,.T.);
#536=FACE_OUTER_BOUND('',#936,.T.);
#537=FACE_OUTER_BOUND('',#937,.T.);
#538=FACE_OUTER_BOUND('',#938,.T.);
#539=FACE_OUTER_BOUND('',#939,.T.);
#540=FACE_OUTER_BOUND('',#940,.T.);
#541=FACE_OUTER_BOUND('',#941,.T.);
#542=FACE_OUTER_BOUND('',#942,.T.);
#543=FACE_OUTER_BOUND('',#943,.T.);
#544=FACE_OUTER_BOUND('',#944,.T.);
#545=FACE_OUTER_BOUND('',#945,.T.);
#546=FACE_OUTER_BOUND('',#946,.T.);
#547=FACE_OUTER_BOUND('',#947,.T.);
#548=FACE_OUTER_BOUND('',#948,.T.);
#549=FACE_OUTER_BOUND('',#949,.T.);
#550=FACE_OUTER_BOUND('',#950,.T.);
#551=FACE_OUTER_BOUND('',#951,.T.);
#552=FACE_OUTER_BOUND('',#952,.T.);
#553=FACE_OUTER_BOUND('',#953,.T.);
#554=FACE_OUTER_BOUND('',#954,.T.);
#555=FACE_OUTER_BOUND('',#955,.T.);
#556=FACE_OUTER_BOUND('',#956,.T.);
#557=FACE_OUTER_BOUND('',#957,.T.);
#558=FACE_OUTER_BOUND('',#958,.T.);
#559=FACE_OUTER_BOUND('',#959,.T.);
#560=FACE_OUTER_BOUND('',#960,.T.);
#561=FACE_OUTER_BOUND('',#961,.T.);
#562=FACE_OUTER_BOUND('',#962,.T.);
#563=FACE_OUTER_BOUND('',#963,.T.);
#564=FACE_OUTER_BOUND('',#964,.T.);
#565=FACE_OUTER_BOUND('',#965,.T.);
#566=FACE_OUTER_BOUND('',#966,.T.);
#567=FACE_OUTER_BOUND('',#967,.T.);
#568=FACE_OUTER_BOUND('',#968,.T.);
#569=FACE_OUTER_BOUND('',#969,.T.);
#570=FACE_OUTER_BOUND('',#970,.T.);
#571=FACE_OUTER_BOUND('',#971,.T.);
#572=FACE_OUTER_BOUND('',#972,.T.);
#573=FACE_OUTER_BOUND('',#973,.T.);
#574=FACE_OUTER_BOUND('',#974,.T.);
#575=FACE_OUTER_BOUND('',#975,.T.);
#576=FACE_OUTER_BOUND('',#976,.T.);
#577=FACE_OUTER_BOUND('',#977,.T.);
#578=FACE_OUTER_BOUND('',#978,.T.);
#579=FACE_OUTER_BOUND('',#979,.T.);
#580=FACE_OUTER_BOUND('',#980,.T.);
#581=FACE_OUTER_BOUND('',#985,.T.);
#582=FACE_OUTER_BOUND('',#986,.T.);
#583=FACE_OUTER_BOUND('',#987,.T.);
#584=FACE_OUTER_BOUND('',#988,.T.);
#585=FACE_OUTER_BOUND('',#989,.T.);
#586=FACE_OUTER_BOUND('',#990,.T.);
#587=FACE_OUTER_BOUND('',#991,.T.);
#588=FACE_OUTER_BOUND('',#992,.T.);
#589=FACE_OUTER_BOUND('',#993,.T.);
#590=FACE_OUTER_BOUND('',#994,.T.);
#591=FACE_OUTER_BOUND('',#996,.T.);
#592=FACE_OUTER_BOUND('',#997,.T.);
#593=FACE_OUTER_BOUND('',#998,.T.);
#594=FACE_OUTER_BOUND('',#1000,.T.);
#595=FACE_OUTER_BOUND('',#1001,.T.);
#596=FACE_OUTER_BOUND('',#1002,.T.);
#597=FACE_OUTER_BOUND('',#1004,.T.);
#598=FACE_OUTER_BOUND('',#1006,.T.);
#599=FACE_OUTER_BOUND('',#1007,.T.);
#600=FACE_OUTER_BOUND('',#1018,.T.);
#601=FACE_OUTER_BOUND('',#1019,.T.);
#602=FACE_OUTER_BOUND('',#1020,.T.);
#603=FACE_OUTER_BOUND('',#1021,.T.);
#604=FACE_OUTER_BOUND('',#1022,.T.);
#605=FACE_OUTER_BOUND('',#1023,.T.);
#606=FACE_OUTER_BOUND('',#1024,.T.);
#607=FACE_OUTER_BOUND('',#1025,.T.);
#608=FACE_OUTER_BOUND('',#1026,.T.);
#609=FACE_OUTER_BOUND('',#1027,.T.);
#610=FACE_OUTER_BOUND('',#1028,.T.);
#611=FACE_OUTER_BOUND('',#1029,.T.);
#612=FACE_OUTER_BOUND('',#1030,.T.);
#613=FACE_OUTER_BOUND('',#1031,.T.);
#614=FACE_OUTER_BOUND('',#1032,.T.);
#615=FACE_OUTER_BOUND('',#1033,.T.);
#616=FACE_OUTER_BOUND('',#1034,.T.);
#617=FACE_OUTER_BOUND('',#1035,.T.);
#618=FACE_OUTER_BOUND('',#1036,.T.);
#619=FACE_OUTER_BOUND('',#1037,.T.);
#620=FACE_OUTER_BOUND('',#1038,.T.);
#621=FACE_OUTER_BOUND('',#1039,.T.);
#622=FACE_OUTER_BOUND('',#1040,.T.);
#623=FACE_OUTER_BOUND('',#1041,.T.);
#624=FACE_OUTER_BOUND('',#1042,.T.);
#625=FACE_OUTER_BOUND('',#1043,.T.);
#626=FACE_OUTER_BOUND('',#1044,.T.);
#627=FACE_OUTER_BOUND('',#1045,.T.);
#628=FACE_OUTER_BOUND('',#1046,.T.);
#629=FACE_OUTER_BOUND('',#1047,.T.);
#630=FACE_OUTER_BOUND('',#1048,.T.);
#631=FACE_OUTER_BOUND('',#1049,.T.);
#632=FACE_OUTER_BOUND('',#1050,.T.);
#633=FACE_OUTER_BOUND('',#1051,.T.);
#634=FACE_OUTER_BOUND('',#1052,.T.);
#635=FACE_OUTER_BOUND('',#1053,.T.);
#636=FACE_OUTER_BOUND('',#1054,.T.);
#637=FACE_OUTER_BOUND('',#1055,.T.);
#638=FACE_OUTER_BOUND('',#1056,.T.);
#639=FACE_OUTER_BOUND('',#1057,.T.);
#640=FACE_OUTER_BOUND('',#1058,.T.);
#641=FACE_OUTER_BOUND('',#1059,.T.);
#642=FACE_OUTER_BOUND('',#1060,.T.);
#643=FACE_OUTER_BOUND('',#1061,.T.);
#644=FACE_OUTER_BOUND('',#1062,.T.);
#645=FACE_OUTER_BOUND('',#1063,.T.);
#646=FACE_OUTER_BOUND('',#1064,.T.);
#647=FACE_OUTER_BOUND('',#1065,.T.);
#648=FACE_OUTER_BOUND('',#1066,.T.);
#649=FACE_OUTER_BOUND('',#1067,.T.);
#650=FACE_OUTER_BOUND('',#1068,.T.);
#651=FACE_OUTER_BOUND('',#1069,.T.);
#652=FACE_OUTER_BOUND('',#1070,.T.);
#653=FACE_OUTER_BOUND('',#1071,.T.);
#654=FACE_OUTER_BOUND('',#1072,.T.);
#655=FACE_OUTER_BOUND('',#1073,.T.);
#656=FACE_OUTER_BOUND('',#1074,.T.);
#657=FACE_OUTER_BOUND('',#1075,.T.);
#658=FACE_OUTER_BOUND('',#1079,.T.);
#659=FACE_OUTER_BOUND('',#1080,.T.);
#660=FACE_OUTER_BOUND('',#1081,.T.);
#661=FACE_OUTER_BOUND('',#1082,.T.);
#662=FACE_OUTER_BOUND('',#1083,.T.);
#663=FACE_OUTER_BOUND('',#1084,.T.);
#664=FACE_OUTER_BOUND('',#1085,.T.);
#665=FACE_OUTER_BOUND('',#1086,.T.);
#666=FACE_OUTER_BOUND('',#1087,.T.);
#667=FACE_OUTER_BOUND('',#1088,.T.);
#668=FACE_OUTER_BOUND('',#1089,.T.);
#669=FACE_OUTER_BOUND('',#1090,.T.);
#670=FACE_OUTER_BOUND('',#1091,.T.);
#671=FACE_OUTER_BOUND('',#1092,.T.);
#672=FACE_OUTER_BOUND('',#1093,.T.);
#673=FACE_OUTER_BOUND('',#1094,.T.);
#674=FACE_OUTER_BOUND('',#1095,.T.);
#675=FACE_OUTER_BOUND('',#1096,.T.);
#676=FACE_OUTER_BOUND('',#1097,.T.);
#677=FACE_OUTER_BOUND('',#1098,.T.);
#678=FACE_OUTER_BOUND('',#1099,.T.);
#679=FACE_OUTER_BOUND('',#1100,.T.);
#680=FACE_OUTER_BOUND('',#1101,.T.);
#681=FACE_OUTER_BOUND('',#1102,.T.);
#682=FACE_OUTER_BOUND('',#1103,.T.);
#683=FACE_OUTER_BOUND('',#1104,.T.);
#684=FACE_OUTER_BOUND('',#1105,.T.);
#685=FACE_OUTER_BOUND('',#1106,.T.);
#686=FACE_OUTER_BOUND('',#1107,.T.);
#687=FACE_OUTER_BOUND('',#1108,.T.);
#688=FACE_OUTER_BOUND('',#1109,.T.);
#689=FACE_OUTER_BOUND('',#1110,.T.);
#690=FACE_OUTER_BOUND('',#1111,.T.);
#691=FACE_OUTER_BOUND('',#1112,.T.);
#692=FACE_OUTER_BOUND('',#1113,.T.);
#693=FACE_OUTER_BOUND('',#1114,.T.);
#694=FACE_OUTER_BOUND('',#1115,.T.);
#695=FACE_OUTER_BOUND('',#1116,.T.);
#696=FACE_OUTER_BOUND('',#1117,.T.);
#697=FACE_OUTER_BOUND('',#1118,.T.);
#698=FACE_OUTER_BOUND('',#1119,.T.);
#699=FACE_OUTER_BOUND('',#1120,.T.);
#700=FACE_OUTER_BOUND('',#1121,.T.);
#701=FACE_OUTER_BOUND('',#1122,.T.);
#702=FACE_OUTER_BOUND('',#1123,.T.);
#703=FACE_OUTER_BOUND('',#1124,.T.);
#704=FACE_OUTER_BOUND('',#1125,.T.);
#705=FACE_OUTER_BOUND('',#1126,.T.);
#706=FACE_OUTER_BOUND('',#1127,.T.);
#707=FACE_OUTER_BOUND('',#1128,.T.);
#708=FACE_OUTER_BOUND('',#1129,.T.);
#709=FACE_OUTER_BOUND('',#1130,.T.);
#710=FACE_OUTER_BOUND('',#1131,.T.);
#711=FACE_OUTER_BOUND('',#1132,.T.);
#712=FACE_OUTER_BOUND('',#1133,.T.);
#713=FACE_OUTER_BOUND('',#1134,.T.);
#714=FACE_OUTER_BOUND('',#1135,.T.);
#715=FACE_OUTER_BOUND('',#1136,.T.);
#716=FACE_OUTER_BOUND('',#1137,.T.);
#717=FACE_OUTER_BOUND('',#1138,.T.);
#718=FACE_OUTER_BOUND('',#1139,.T.);
#719=FACE_OUTER_BOUND('',#1140,.T.);
#720=FACE_OUTER_BOUND('',#1141,.T.);
#721=FACE_OUTER_BOUND('',#1142,.T.);
#722=FACE_OUTER_BOUND('',#1143,.T.);
#723=FACE_OUTER_BOUND('',#1144,.T.);
#724=FACE_OUTER_BOUND('',#1145,.T.);
#725=FACE_OUTER_BOUND('',#1146,.T.);
#726=FACE_OUTER_BOUND('',#1147,.T.);
#727=FACE_OUTER_BOUND('',#1148,.T.);
#728=FACE_OUTER_BOUND('',#1149,.T.);
#729=FACE_OUTER_BOUND('',#1150,.T.);
#730=FACE_OUTER_BOUND('',#1151,.T.);
#731=FACE_OUTER_BOUND('',#1152,.T.);
#732=FACE_OUTER_BOUND('',#1153,.T.);
#733=FACE_OUTER_BOUND('',#1154,.T.);
#734=FACE_OUTER_BOUND('',#1155,.T.);
#735=FACE_OUTER_BOUND('',#1156,.T.);
#736=FACE_OUTER_BOUND('',#1157,.T.);
#737=FACE_OUTER_BOUND('',#1158,.T.);
#738=FACE_OUTER_BOUND('',#1159,.T.);
#739=FACE_OUTER_BOUND('',#1160,.T.);
#740=FACE_OUTER_BOUND('',#1163,.T.);
#741=FACE_OUTER_BOUND('',#1166,.T.);
#742=FACE_OUTER_BOUND('',#1167,.T.);
#743=FACE_OUTER_BOUND('',#1168,.T.);
#744=FACE_OUTER_BOUND('',#1169,.T.);
#745=FACE_OUTER_BOUND('',#1170,.T.);
#746=FACE_OUTER_BOUND('',#1171,.T.);
#747=FACE_OUTER_BOUND('',#1172,.T.);
#748=FACE_OUTER_BOUND('',#1174,.T.);
#749=FACE_OUTER_BOUND('',#1175,.T.);
#750=FACE_OUTER_BOUND('',#1176,.T.);
#751=FACE_OUTER_BOUND('',#1177,.T.);
#752=FACE_OUTER_BOUND('',#1178,.T.);
#753=FACE_OUTER_BOUND('',#1179,.T.);
#754=FACE_OUTER_BOUND('',#1180,.T.);
#755=FACE_OUTER_BOUND('',#1181,.T.);
#756=FACE_OUTER_BOUND('',#1183,.T.);
#757=FACE_OUTER_BOUND('',#1184,.T.);
#758=FACE_OUTER_BOUND('',#1185,.T.);
#759=FACE_OUTER_BOUND('',#1186,.T.);
#760=FACE_OUTER_BOUND('',#1187,.T.);
#761=FACE_OUTER_BOUND('',#1188,.T.);
#762=FACE_OUTER_BOUND('',#1189,.T.);
#763=FACE_OUTER_BOUND('',#1191,.T.);
#764=FACE_OUTER_BOUND('',#1193,.T.);
#765=FACE_OUTER_BOUND('',#1194,.T.);
#766=FACE_OUTER_BOUND('',#1195,.T.);
#767=FACE_OUTER_BOUND('',#1196,.T.);
#768=FACE_OUTER_BOUND('',#1197,.T.);
#769=FACE_OUTER_BOUND('',#1198,.T.);
#770=FACE_OUTER_BOUND('',#1200,.T.);
#771=FACE_OUTER_BOUND('',#1202,.T.);
#772=FACE_OUTER_BOUND('',#1203,.T.);
#773=FACE_OUTER_BOUND('',#1204,.T.);
#774=FACE_OUTER_BOUND('',#1206,.T.);
#775=FACE_OUTER_BOUND('',#1208,.T.);
#776=FACE_OUTER_BOUND('',#1209,.T.);
#777=FACE_OUTER_BOUND('',#1210,.T.);
#778=FACE_OUTER_BOUND('',#1211,.T.);
#779=FACE_OUTER_BOUND('',#1213,.T.);
#780=FACE_OUTER_BOUND('',#1214,.T.);
#781=FACE_OUTER_BOUND('',#1215,.T.);
#782=FACE_OUTER_BOUND('',#1216,.T.);
#783=FACE_OUTER_BOUND('',#1218,.T.);
#784=FACE_OUTER_BOUND('',#1220,.T.);
#785=FACE_OUTER_BOUND('',#1221,.T.);
#786=FACE_OUTER_BOUND('',#1222,.T.);
#787=FACE_OUTER_BOUND('',#1223,.T.);
#788=FACE_OUTER_BOUND('',#1225,.T.);
#789=FACE_OUTER_BOUND('',#1226,.T.);
#790=FACE_OUTER_BOUND('',#1227,.T.);
#791=FACE_OUTER_BOUND('',#1228,.T.);
#792=FACE_OUTER_BOUND('',#1230,.T.);
#793=FACE_OUTER_BOUND('',#1232,.T.);
#794=FACE_OUTER_BOUND('',#1233,.T.);
#795=FACE_OUTER_BOUND('',#1234,.T.);
#796=FACE_OUTER_BOUND('',#1235,.T.);
#797=FACE_OUTER_BOUND('',#1237,.T.);
#798=FACE_OUTER_BOUND('',#1238,.T.);
#799=FACE_OUTER_BOUND('',#1239,.T.);
#800=FACE_OUTER_BOUND('',#1240,.T.);
#801=FACE_OUTER_BOUND('',#1242,.T.);
#802=FACE_OUTER_BOUND('',#1244,.T.);
#803=FACE_OUTER_BOUND('',#1245,.T.);
#804=FACE_OUTER_BOUND('',#1246,.T.);
#805=FACE_OUTER_BOUND('',#1247,.T.);
#806=FACE_OUTER_BOUND('',#1249,.T.);
#807=EDGE_LOOP('',(#4077,#4078,#4079,#4080));
#808=EDGE_LOOP('',(#4081,#4082,#4083,#4084));
#809=EDGE_LOOP('',(#4085,#4086,#4087,#4088));
#810=EDGE_LOOP('',(#4089,#4090,#4091,#4092,#4093,#4094,#4095,#4096,#4097,
#4098,#4099,#4100));
#811=EDGE_LOOP('',(#4101,#4102,#4103,#4104));
#812=EDGE_LOOP('',(#4105,#4106,#4107));
#813=EDGE_LOOP('',(#4108,#4109,#4110,#4111));
#814=EDGE_LOOP('',(#4112,#4113,#4114,#4115,#4116));
#815=EDGE_LOOP('',(#4117,#4118,#4119));
#816=EDGE_LOOP('',(#4120,#4121,#4122,#4123));
#817=EDGE_LOOP('',(#4124,#4125,#4126,#4127));
#818=EDGE_LOOP('',(#4128,#4129,#4130,#4131));
#819=EDGE_LOOP('',(#4132,#4133,#4134,#4135));
#820=EDGE_LOOP('',(#4136,#4137,#4138,#4139));
#821=EDGE_LOOP('',(#4140,#4141,#4142,#4143));
#822=EDGE_LOOP('',(#4144,#4145,#4146,#4147));
#823=EDGE_LOOP('',(#4148,#4149,#4150,#4151));
#824=EDGE_LOOP('',(#4152,#4153,#4154,#4155));
#825=EDGE_LOOP('',(#4156,#4157,#4158,#4159));
#826=EDGE_LOOP('',(#4160,#4161,#4162,#4163,#4164,#4165,#4166,#4167));
#827=EDGE_LOOP('',(#4168,#4169,#4170,#4171,#4172,#4173,#4174,#4175));
#828=EDGE_LOOP('',(#4176,#4177,#4178,#4179));
#829=EDGE_LOOP('',(#4180,#4181));
#830=EDGE_LOOP('',(#4182,#4183));
#831=EDGE_LOOP('',(#4184,#4185,#4186));
#832=EDGE_LOOP('',(#4187));
#833=EDGE_LOOP('',(#4188,#4189,#4190,#4191));
#834=EDGE_LOOP('',(#4192));
#835=EDGE_LOOP('',(#4193));
#836=EDGE_LOOP('',(#4194,#4195,#4196,#4197));
#837=EDGE_LOOP('',(#4198));
#838=EDGE_LOOP('',(#4199));
#839=EDGE_LOOP('',(#4200,#4201,#4202,#4203));
#840=EDGE_LOOP('',(#4204));
#841=EDGE_LOOP('',(#4205));
#842=EDGE_LOOP('',(#4206,#4207,#4208,#4209));
#843=EDGE_LOOP('',(#4210));
#844=EDGE_LOOP('',(#4211));
#845=EDGE_LOOP('',(#4212,#4213,#4214,#4215));
#846=EDGE_LOOP('',(#4216,#4217,#4218,#4219));
#847=EDGE_LOOP('',(#4220,#4221,#4222,#4223));
#848=EDGE_LOOP('',(#4224,#4225,#4226,#4227));
#849=EDGE_LOOP('',(#4228,#4229,#4230,#4231));
#850=EDGE_LOOP('',(#4232,#4233,#4234,#4235));
#851=EDGE_LOOP('',(#4236,#4237,#4238,#4239));
#852=EDGE_LOOP('',(#4240,#4241));
#853=EDGE_LOOP('',(#4242));
#854=EDGE_LOOP('',(#4243,#4244,#4245,#4246));
#855=EDGE_LOOP('',(#4247,#4248,#4249,#4250));
#856=EDGE_LOOP('',(#4251,#4252,#4253));
#857=EDGE_LOOP('',(#4254));
#858=EDGE_LOOP('',(#4255,#4256,#4257,#4258));
#859=EDGE_LOOP('',(#4259,#4260,#4261,#4262));
#860=EDGE_LOOP('',(#4263,#4264));
#861=EDGE_LOOP('',(#4265));
#862=EDGE_LOOP('',(#4266));
#863=EDGE_LOOP('',(#4267));
#864=EDGE_LOOP('',(#4268,#4269,#4270,#4271));
#865=EDGE_LOOP('',(#4272,#4273,#4274,#4275));
#866=EDGE_LOOP('',(#4276,#4277,#4278,#4279));
#867=EDGE_LOOP('',(#4280,#4281,#4282,#4283));
#868=EDGE_LOOP('',(#4284,#4285,#4286,#4287,#4288,#4289,#4290,#4291));
#869=EDGE_LOOP('',(#4292,#4293,#4294,#4295));
#870=EDGE_LOOP('',(#4296,#4297,#4298,#4299,#4300,#4301,#4302,#4303));
#871=EDGE_LOOP('',(#4304,#4305,#4306,#4307));
#872=EDGE_LOOP('',(#4308,#4309,#4310,#4311,#4312,#4313));
#873=EDGE_LOOP('',(#4314,#4315,#4316,#4317));
#874=EDGE_LOOP('',(#4318,#4319,#4320,#4321,#4322,#4323));
#875=EDGE_LOOP('',(#4324,#4325,#4326,#4327));
#876=EDGE_LOOP('',(#4328,#4329,#4330,#4331));
#877=EDGE_LOOP('',(#4332,#4333,#4334,#4335,#4336,#4337,#4338,#4339));
#878=EDGE_LOOP('',(#4340,#4341,#4342,#4343));
#879=EDGE_LOOP('',(#4344,#4345,#4346,#4347));
#880=EDGE_LOOP('',(#4348,#4349,#4350,#4351));
#881=EDGE_LOOP('',(#4352,#4353,#4354,#4355));
#882=EDGE_LOOP('',(#4356,#4357,#4358,#4359));
#883=EDGE_LOOP('',(#4360,#4361,#4362,#4363));
#884=EDGE_LOOP('',(#4364,#4365,#4366,#4367));
#885=EDGE_LOOP('',(#4368,#4369,#4370,#4371));
#886=EDGE_LOOP('',(#4372,#4373,#4374,#4375));
#887=EDGE_LOOP('',(#4376,#4377,#4378,#4379));
#888=EDGE_LOOP('',(#4380,#4381,#4382,#4383));
#889=EDGE_LOOP('',(#4384,#4385,#4386,#4387));
#890=EDGE_LOOP('',(#4388,#4389,#4390,#4391));
#891=EDGE_LOOP('',(#4392,#4393,#4394,#4395));
#892=EDGE_LOOP('',(#4396,#4397,#4398,#4399));
#893=EDGE_LOOP('',(#4400,#4401,#4402,#4403));
#894=EDGE_LOOP('',(#4404,#4405,#4406,#4407));
#895=EDGE_LOOP('',(#4408,#4409,#4410,#4411));
#896=EDGE_LOOP('',(#4412,#4413,#4414,#4415));
#897=EDGE_LOOP('',(#4416,#4417,#4418,#4419));
#898=EDGE_LOOP('',(#4420,#4421,#4422,#4423));
#899=EDGE_LOOP('',(#4424,#4425,#4426,#4427));
#900=EDGE_LOOP('',(#4428,#4429,#4430,#4431));
#901=EDGE_LOOP('',(#4432,#4433,#4434,#4435));
#902=EDGE_LOOP('',(#4436,#4437,#4438,#4439));
#903=EDGE_LOOP('',(#4440,#4441,#4442,#4443));
#904=EDGE_LOOP('',(#4444,#4445,#4446,#4447,#4448,#4449,#4450,#4451));
#905=EDGE_LOOP('',(#4452,#4453,#4454,#4455));
#906=EDGE_LOOP('',(#4456,#4457,#4458,#4459));
#907=EDGE_LOOP('',(#4460,#4461,#4462,#4463));
#908=EDGE_LOOP('',(#4464,#4465,#4466,#4467));
#909=EDGE_LOOP('',(#4468,#4469,#4470,#4471,#4472));
#910=EDGE_LOOP('',(#4473,#4474,#4475,#4476));
#911=EDGE_LOOP('',(#4477,#4478,#4479,#4480));
#912=EDGE_LOOP('',(#4481,#4482,#4483,#4484));
#913=EDGE_LOOP('',(#4485,#4486,#4487,#4488));
#914=EDGE_LOOP('',(#4489,#4490,#4491,#4492,#4493,#4494));
#915=EDGE_LOOP('',(#4495,#4496,#4497,#4498));
#916=EDGE_LOOP('',(#4499,#4500,#4501,#4502));
#917=EDGE_LOOP('',(#4503,#4504,#4505,#4506));
#918=EDGE_LOOP('',(#4507,#4508,#4509,#4510));
#919=EDGE_LOOP('',(#4511,#4512,#4513,#4514));
#920=EDGE_LOOP('',(#4515,#4516,#4517,#4518));
#921=EDGE_LOOP('',(#4519,#4520,#4521,#4522));
#922=EDGE_LOOP('',(#4523));
#923=EDGE_LOOP('',(#4524,#4525,#4526,#4527));
#924=EDGE_LOOP('',(#4528,#4529,#4530,#4531));
#925=EDGE_LOOP('',(#4532,#4533,#4534,#4535));
#926=EDGE_LOOP('',(#4536,#4537,#4538,#4539));
#927=EDGE_LOOP('',(#4540,#4541,#4542,#4543));
#928=EDGE_LOOP('',(#4544));
#929=EDGE_LOOP('',(#4545,#4546,#4547,#4548));
#930=EDGE_LOOP('',(#4549,#4550,#4551,#4552));
#931=EDGE_LOOP('',(#4553,#4554,#4555,#4556));
#932=EDGE_LOOP('',(#4557,#4558,#4559,#4560));
#933=EDGE_LOOP('',(#4561,#4562,#4563,#4564));
#934=EDGE_LOOP('',(#4565,#4566,#4567,#4568));
#935=EDGE_LOOP('',(#4569,#4570,#4571,#4572));
#936=EDGE_LOOP('',(#4573,#4574,#4575,#4576));
#937=EDGE_LOOP('',(#4577,#4578,#4579,#4580));
#938=EDGE_LOOP('',(#4581,#4582,#4583,#4584));
#939=EDGE_LOOP('',(#4585,#4586,#4587,#4588));
#940=EDGE_LOOP('',(#4589,#4590,#4591,#4592));
#941=EDGE_LOOP('',(#4593,#4594,#4595,#4596));
#942=EDGE_LOOP('',(#4597,#4598,#4599,#4600));
#943=EDGE_LOOP('',(#4601,#4602,#4603,#4604));
#944=EDGE_LOOP('',(#4605,#4606,#4607,#4608));
#945=EDGE_LOOP('',(#4609,#4610,#4611,#4612));
#946=EDGE_LOOP('',(#4613,#4614,#4615,#4616));
#947=EDGE_LOOP('',(#4617,#4618,#4619,#4620));
#948=EDGE_LOOP('',(#4621,#4622,#4623,#4624));
#949=EDGE_LOOP('',(#4625,#4626,#4627,#4628));
#950=EDGE_LOOP('',(#4629,#4630,#4631,#4632));
#951=EDGE_LOOP('',(#4633,#4634,#4635,#4636));
#952=EDGE_LOOP('',(#4637,#4638,#4639,#4640));
#953=EDGE_LOOP('',(#4641,#4642,#4643,#4644));
#954=EDGE_LOOP('',(#4645,#4646,#4647,#4648));
#955=EDGE_LOOP('',(#4649,#4650,#4651,#4652));
#956=EDGE_LOOP('',(#4653,#4654,#4655,#4656));
#957=EDGE_LOOP('',(#4657,#4658,#4659,#4660));
#958=EDGE_LOOP('',(#4661,#4662,#4663,#4664,#4665,#4666,#4667,#4668));
#959=EDGE_LOOP('',(#4669,#4670,#4671,#4672));
#960=EDGE_LOOP('',(#4673,#4674,#4675,#4676,#4677,#4678,#4679,#4680));
#961=EDGE_LOOP('',(#4681,#4682,#4683,#4684));
#962=EDGE_LOOP('',(#4685,#4686,#4687,#4688));
#963=EDGE_LOOP('',(#4689,#4690,#4691,#4692));
#964=EDGE_LOOP('',(#4693,#4694,#4695,#4696));
#965=EDGE_LOOP('',(#4697,#4698,#4699,#4700));
#966=EDGE_LOOP('',(#4701,#4702,#4703,#4704));
#967=EDGE_LOOP('',(#4705,#4706,#4707,#4708));
#968=EDGE_LOOP('',(#4709,#4710,#4711,#4712));
#969=EDGE_LOOP('',(#4713,#4714,#4715,#4716));
#970=EDGE_LOOP('',(#4717,#4718,#4719,#4720));
#971=EDGE_LOOP('',(#4721,#4722,#4723,#4724));
#972=EDGE_LOOP('',(#4725,#4726,#4727,#4728));
#973=EDGE_LOOP('',(#4729,#4730,#4731,#4732));
#974=EDGE_LOOP('',(#4733,#4734,#4735,#4736));
#975=EDGE_LOOP('',(#4737,#4738,#4739,#4740));
#976=EDGE_LOOP('',(#4741,#4742,#4743,#4744));
#977=EDGE_LOOP('',(#4745,#4746,#4747,#4748));
#978=EDGE_LOOP('',(#4749,#4750,#4751,#4752));
#979=EDGE_LOOP('',(#4753,#4754,#4755,#4756,#4757,#4758,#4759,#4760));
#980=EDGE_LOOP('',(#4761,#4762,#4763,#4764,#4765,#4766,#4767,#4768));
#981=EDGE_LOOP('',(#4769));
#982=EDGE_LOOP('',(#4770));
#983=EDGE_LOOP('',(#4771));
#984=EDGE_LOOP('',(#4772));
#985=EDGE_LOOP('',(#4773,#4774,#4775,#4776));
#986=EDGE_LOOP('',(#4777));
#987=EDGE_LOOP('',(#4778,#4779,#4780,#4781));
#988=EDGE_LOOP('',(#4782));
#989=EDGE_LOOP('',(#4783,#4784,#4785,#4786));
#990=EDGE_LOOP('',(#4787));
#991=EDGE_LOOP('',(#4788,#4789,#4790,#4791));
#992=EDGE_LOOP('',(#4792));
#993=EDGE_LOOP('',(#4793,#4794,#4795,#4796));
#994=EDGE_LOOP('',(#4797,#4798,#4799));
#995=EDGE_LOOP('',(#4800));
#996=EDGE_LOOP('',(#4801,#4802,#4803,#4804,#4805,#4806));
#997=EDGE_LOOP('',(#4807,#4808,#4809,#4810));
#998=EDGE_LOOP('',(#4811,#4812));
#999=EDGE_LOOP('',(#4813));
#1000=EDGE_LOOP('',(#4814,#4815,#4816,#4817,#4818,#4819,#4820,#4821,#4822,
#4823));
#1001=EDGE_LOOP('',(#4824,#4825,#4826,#4827));
#1002=EDGE_LOOP('',(#4828,#4829,#4830));
#1003=EDGE_LOOP('',(#4831));
#1004=EDGE_LOOP('',(#4832,#4833));
#1005=EDGE_LOOP('',(#4834));
#1006=EDGE_LOOP('',(#4835,#4836,#4837,#4838));
#1007=EDGE_LOOP('',(#4839,#4840,#4841,#4842,#4843,#4844,#4845,#4846,#4847,
#4848,#4849,#4850,#4851,#4852));
#1008=EDGE_LOOP('',(#4853,#4854,#4855,#4856));
#1009=EDGE_LOOP('',(#4857));
#1010=EDGE_LOOP('',(#4858));
#1011=EDGE_LOOP('',(#4859,#4860,#4861,#4862));
#1012=EDGE_LOOP('',(#4863,#4864,#4865,#4866,#4867,#4868));
#1013=EDGE_LOOP('',(#4869,#4870,#4871,#4872,#4873,#4874));
#1014=EDGE_LOOP('',(#4875,#4876,#4877,#4878,#4879,#4880));
#1015=EDGE_LOOP('',(#4881,#4882,#4883,#4884,#4885,#4886));
#1016=EDGE_LOOP('',(#4887,#4888,#4889,#4890));
#1017=EDGE_LOOP('',(#4891,#4892,#4893,#4894));
#1018=EDGE_LOOP('',(#4895,#4896,#4897,#4898));
#1019=EDGE_LOOP('',(#4899,#4900,#4901,#4902));
#1020=EDGE_LOOP('',(#4903,#4904,#4905,#4906));
#1021=EDGE_LOOP('',(#4907,#4908,#4909,#4910));
#1022=EDGE_LOOP('',(#4911,#4912,#4913,#4914));
#1023=EDGE_LOOP('',(#4915,#4916,#4917,#4918));
#1024=EDGE_LOOP('',(#4919,#4920,#4921,#4922));
#1025=EDGE_LOOP('',(#4923,#4924,#4925,#4926));
#1026=EDGE_LOOP('',(#4927,#4928,#4929,#4930));
#1027=EDGE_LOOP('',(#4931,#4932,#4933,#4934));
#1028=EDGE_LOOP('',(#4935,#4936,#4937,#4938));
#1029=EDGE_LOOP('',(#4939,#4940,#4941,#4942));
#1030=EDGE_LOOP('',(#4943,#4944,#4945,#4946));
#1031=EDGE_LOOP('',(#4947,#4948,#4949,#4950));
#1032=EDGE_LOOP('',(#4951,#4952,#4953,#4954));
#1033=EDGE_LOOP('',(#4955,#4956,#4957,#4958));
#1034=EDGE_LOOP('',(#4959,#4960,#4961,#4962));
#1035=EDGE_LOOP('',(#4963,#4964,#4965,#4966));
#1036=EDGE_LOOP('',(#4967,#4968,#4969,#4970));
#1037=EDGE_LOOP('',(#4971,#4972,#4973,#4974));
#1038=EDGE_LOOP('',(#4975,#4976,#4977,#4978));
#1039=EDGE_LOOP('',(#4979,#4980,#4981,#4982,#4983,#4984));
#1040=EDGE_LOOP('',(#4985,#4986,#4987,#4988));
#1041=EDGE_LOOP('',(#4989,#4990,#4991,#4992));
#1042=EDGE_LOOP('',(#4993,#4994,#4995,#4996));
#1043=EDGE_LOOP('',(#4997,#4998,#4999,#5000));
#1044=EDGE_LOOP('',(#5001,#5002,#5003,#5004));
#1045=EDGE_LOOP('',(#5005,#5006,#5007,#5008));
#1046=EDGE_LOOP('',(#5009,#5010,#5011,#5012,#5013,#5014));
#1047=EDGE_LOOP('',(#5015,#5016,#5017,#5018));
#1048=EDGE_LOOP('',(#5019,#5020,#5021,#5022));
#1049=EDGE_LOOP('',(#5023,#5024,#5025,#5026));
#1050=EDGE_LOOP('',(#5027,#5028,#5029,#5030));
#1051=EDGE_LOOP('',(#5031,#5032,#5033,#5034));
#1052=EDGE_LOOP('',(#5035,#5036,#5037,#5038));
#1053=EDGE_LOOP('',(#5039,#5040,#5041,#5042,#5043,#5044));
#1054=EDGE_LOOP('',(#5045,#5046,#5047,#5048));
#1055=EDGE_LOOP('',(#5049,#5050,#5051,#5052));
#1056=EDGE_LOOP('',(#5053,#5054,#5055,#5056));
#1057=EDGE_LOOP('',(#5057,#5058,#5059,#5060));
#1058=EDGE_LOOP('',(#5061,#5062,#5063,#5064));
#1059=EDGE_LOOP('',(#5065,#5066,#5067,#5068));
#1060=EDGE_LOOP('',(#5069,#5070,#5071,#5072,#5073,#5074));
#1061=EDGE_LOOP('',(#5075,#5076,#5077,#5078,#5079,#5080,#5081,#5082));
#1062=EDGE_LOOP('',(#5083,#5084,#5085,#5086,#5087,#5088,#5089,#5090,#5091,
#5092,#5093,#5094,#5095,#5096,#5097,#5098,#5099,#5100,#5101,#5102));
#1063=EDGE_LOOP('',(#5103,#5104,#5105,#5106));
#1064=EDGE_LOOP('',(#5107,#5108,#5109,#5110));
#1065=EDGE_LOOP('',(#5111,#5112,#5113,#5114));
#1066=EDGE_LOOP('',(#5115,#5116,#5117,#5118));
#1067=EDGE_LOOP('',(#5119,#5120,#5121,#5122));
#1068=EDGE_LOOP('',(#5123,#5124,#5125,#5126));
#1069=EDGE_LOOP('',(#5127,#5128,#5129,#5130));
#1070=EDGE_LOOP('',(#5131,#5132,#5133,#5134));
#1071=EDGE_LOOP('',(#5135,#5136,#5137,#5138));
#1072=EDGE_LOOP('',(#5139,#5140,#5141,#5142));
#1073=EDGE_LOOP('',(#5143,#5144,#5145,#5146));
#1074=EDGE_LOOP('',(#5147,#5148,#5149,#5150));
#1075=EDGE_LOOP('',(#5151,#5152,#5153,#5154,#5155,#5156,#5157,#5158));
#1076=EDGE_LOOP('',(#5159));
#1077=EDGE_LOOP('',(#5160));
#1078=EDGE_LOOP('',(#5161,#5162,#5163,#5164));
#1079=EDGE_LOOP('',(#5165,#5166,#5167,#5168));
#1080=EDGE_LOOP('',(#5169,#5170,#5171,#5172));
#1081=EDGE_LOOP('',(#5173,#5174,#5175,#5176));
#1082=EDGE_LOOP('',(#5177,#5178,#5179,#5180));
#1083=EDGE_LOOP('',(#5181,#5182,#5183,#5184));
#1084=EDGE_LOOP('',(#5185,#5186,#5187,#5188));
#1085=EDGE_LOOP('',(#5189,#5190,#5191,#5192));
#1086=EDGE_LOOP('',(#5193,#5194,#5195,#5196));
#1087=EDGE_LOOP('',(#5197,#5198,#5199,#5200));
#1088=EDGE_LOOP('',(#5201,#5202,#5203,#5204,#5205,#5206,#5207,#5208,#5209,
#5210));
#1089=EDGE_LOOP('',(#5211,#5212,#5213,#5214,#5215,#5216));
#1090=EDGE_LOOP('',(#5217,#5218,#5219,#5220));
#1091=EDGE_LOOP('',(#5221,#5222,#5223,#5224));
#1092=EDGE_LOOP('',(#5225,#5226,#5227,#5228));
#1093=EDGE_LOOP('',(#5229,#5230,#5231,#5232));
#1094=EDGE_LOOP('',(#5233,#5234,#5235,#5236));
#1095=EDGE_LOOP('',(#5237,#5238,#5239,#5240));
#1096=EDGE_LOOP('',(#5241,#5242,#5243,#5244,#5245,#5246,#5247,#5248));
#1097=EDGE_LOOP('',(#5249,#5250,#5251,#5252));
#1098=EDGE_LOOP('',(#5253,#5254,#5255,#5256));
#1099=EDGE_LOOP('',(#5257,#5258,#5259,#5260));
#1100=EDGE_LOOP('',(#5261,#5262,#5263,#5264));
#1101=EDGE_LOOP('',(#5265,#5266,#5267,#5268));
#1102=EDGE_LOOP('',(#5269,#5270,#5271,#5272));
#1103=EDGE_LOOP('',(#5273,#5274,#5275,#5276));
#1104=EDGE_LOOP('',(#5277,#5278,#5279,#5280));
#1105=EDGE_LOOP('',(#5281,#5282,#5283,#5284));
#1106=EDGE_LOOP('',(#5285,#5286,#5287,#5288));
#1107=EDGE_LOOP('',(#5289,#5290,#5291,#5292));
#1108=EDGE_LOOP('',(#5293,#5294,#5295,#5296));
#1109=EDGE_LOOP('',(#5297,#5298,#5299,#5300));
#1110=EDGE_LOOP('',(#5301,#5302,#5303,#5304));
#1111=EDGE_LOOP('',(#5305,#5306,#5307,#5308));
#1112=EDGE_LOOP('',(#5309,#5310,#5311,#5312));
#1113=EDGE_LOOP('',(#5313,#5314,#5315,#5316));
#1114=EDGE_LOOP('',(#5317,#5318,#5319,#5320));
#1115=EDGE_LOOP('',(#5321,#5322,#5323,#5324));
#1116=EDGE_LOOP('',(#5325,#5326,#5327,#5328));
#1117=EDGE_LOOP('',(#5329,#5330,#5331,#5332));
#1118=EDGE_LOOP('',(#5333,#5334,#5335,#5336));
#1119=EDGE_LOOP('',(#5337,#5338,#5339,#5340));
#1120=EDGE_LOOP('',(#5341,#5342,#5343,#5344));
#1121=EDGE_LOOP('',(#5345,#5346,#5347,#5348));
#1122=EDGE_LOOP('',(#5349,#5350,#5351,#5352));
#1123=EDGE_LOOP('',(#5353,#5354,#5355,#5356));
#1124=EDGE_LOOP('',(#5357,#5358,#5359,#5360));
#1125=EDGE_LOOP('',(#5361,#5362,#5363,#5364));
#1126=EDGE_LOOP('',(#5365,#5366,#5367,#5368));
#1127=EDGE_LOOP('',(#5369,#5370,#5371,#5372));
#1128=EDGE_LOOP('',(#5373,#5374,#5375,#5376));
#1129=EDGE_LOOP('',(#5377,#5378,#5379,#5380));
#1130=EDGE_LOOP('',(#5381,#5382,#5383,#5384));
#1131=EDGE_LOOP('',(#5385,#5386,#5387,#5388));
#1132=EDGE_LOOP('',(#5389,#5390,#5391,#5392));
#1133=EDGE_LOOP('',(#5393,#5394,#5395,#5396));
#1134=EDGE_LOOP('',(#5397,#5398,#5399,#5400));
#1135=EDGE_LOOP('',(#5401,#5402,#5403,#5404));
#1136=EDGE_LOOP('',(#5405,#5406,#5407,#5408));
#1137=EDGE_LOOP('',(#5409,#5410,#5411,#5412));
#1138=EDGE_LOOP('',(#5413,#5414,#5415,#5416));
#1139=EDGE_LOOP('',(#5417,#5418,#5419,#5420));
#1140=EDGE_LOOP('',(#5421,#5422,#5423,#5424));
#1141=EDGE_LOOP('',(#5425,#5426,#5427,#5428));
#1142=EDGE_LOOP('',(#5429,#5430,#5431,#5432));
#1143=EDGE_LOOP('',(#5433,#5434,#5435,#5436));
#1144=EDGE_LOOP('',(#5437,#5438,#5439,#5440));
#1145=EDGE_LOOP('',(#5441,#5442,#5443,#5444));
#1146=EDGE_LOOP('',(#5445));
#1147=EDGE_LOOP('',(#5446));
#1148=EDGE_LOOP('',(#5447,#5448,#5449,#5450));
#1149=EDGE_LOOP('',(#5451,#5452,#5453,#5454));
#1150=EDGE_LOOP('',(#5455,#5456,#5457,#5458));
#1151=EDGE_LOOP('',(#5459,#5460,#5461,#5462));
#1152=EDGE_LOOP('',(#5463,#5464,#5465,#5466));
#1153=EDGE_LOOP('',(#5467,#5468,#5469,#5470));
#1154=EDGE_LOOP('',(#5471,#5472,#5473,#5474));
#1155=EDGE_LOOP('',(#5475,#5476,#5477,#5478));
#1156=EDGE_LOOP('',(#5479,#5480,#5481,#5482));
#1157=EDGE_LOOP('',(#5483,#5484,#5485,#5486));
#1158=EDGE_LOOP('',(#5487,#5488,#5489,#5490));
#1159=EDGE_LOOP('',(#5491,#5492,#5493,#5494));
#1160=EDGE_LOOP('',(#5495,#5496,#5497,#5498));
#1161=EDGE_LOOP('',(#5499));
#1162=EDGE_LOOP('',(#5500));
#1163=EDGE_LOOP('',(#5501,#5502,#5503,#5504));
#1164=EDGE_LOOP('',(#5505));
#1165=EDGE_LOOP('',(#5506));
#1166=EDGE_LOOP('',(#5507,#5508,#5509,#5510));
#1167=EDGE_LOOP('',(#5511));
#1168=EDGE_LOOP('',(#5512,#5513,#5514,#5515));
#1169=EDGE_LOOP('',(#5516,#5517,#5518,#5519));
#1170=EDGE_LOOP('',(#5520,#5521,#5522,#5523));
#1171=EDGE_LOOP('',(#5524,#5525,#5526,#5527));
#1172=EDGE_LOOP('',(#5528,#5529,#5530,#5531));
#1173=EDGE_LOOP('',(#5532));
#1174=EDGE_LOOP('',(#5533,#5534,#5535,#5536));
#1175=EDGE_LOOP('',(#5537,#5538,#5539,#5540));
#1176=EDGE_LOOP('',(#5541));
#1177=EDGE_LOOP('',(#5542,#5543,#5544,#5545));
#1178=EDGE_LOOP('',(#5546,#5547,#5548,#5549));
#1179=EDGE_LOOP('',(#5550,#5551,#5552,#5553));
#1180=EDGE_LOOP('',(#5554,#5555,#5556,#5557));
#1181=EDGE_LOOP('',(#5558,#5559,#5560,#5561));
#1182=EDGE_LOOP('',(#5562));
#1183=EDGE_LOOP('',(#5563,#5564,#5565,#5566));
#1184=EDGE_LOOP('',(#5567,#5568,#5569,#5570));
#1185=EDGE_LOOP('',(#5571));
#1186=EDGE_LOOP('',(#5572,#5573,#5574,#5575));
#1187=EDGE_LOOP('',(#5576));
#1188=EDGE_LOOP('',(#5577,#5578,#5579,#5580));
#1189=EDGE_LOOP('',(#5581));
#1190=EDGE_LOOP('',(#5582));
#1191=EDGE_LOOP('',(#5583));
#1192=EDGE_LOOP('',(#5584));
#1193=EDGE_LOOP('',(#5585,#5586,#5587,#5588));
#1194=EDGE_LOOP('',(#5589));
#1195=EDGE_LOOP('',(#5590,#5591,#5592,#5593));
#1196=EDGE_LOOP('',(#5594));
#1197=EDGE_LOOP('',(#5595,#5596,#5597,#5598));
#1198=EDGE_LOOP('',(#5599));
#1199=EDGE_LOOP('',(#5600));
#1200=EDGE_LOOP('',(#5601));
#1201=EDGE_LOOP('',(#5602));
#1202=EDGE_LOOP('',(#5603,#5604,#5605,#5606));
#1203=EDGE_LOOP('',(#5607,#5608,#5609,#5610));
#1204=EDGE_LOOP('',(#5611));
#1205=EDGE_LOOP('',(#5612));
#1206=EDGE_LOOP('',(#5613));
#1207=EDGE_LOOP('',(#5614));
#1208=EDGE_LOOP('',(#5615,#5616,#5617,#5618));
#1209=EDGE_LOOP('',(#5619));
#1210=EDGE_LOOP('',(#5620,#5621,#5622,#5623));
#1211=EDGE_LOOP('',(#5624));
#1212=EDGE_LOOP('',(#5625));
#1213=EDGE_LOOP('',(#5626));
#1214=EDGE_LOOP('',(#5627,#5628,#5629,#5630));
#1215=EDGE_LOOP('',(#5631,#5632,#5633,#5634));
#1216=EDGE_LOOP('',(#5635));
#1217=EDGE_LOOP('',(#5636));
#1218=EDGE_LOOP('',(#5637));
#1219=EDGE_LOOP('',(#5638));
#1220=EDGE_LOOP('',(#5639,#5640,#5641,#5642));
#1221=EDGE_LOOP('',(#5643));
#1222=EDGE_LOOP('',(#5644,#5645,#5646,#5647));
#1223=EDGE_LOOP('',(#5648));
#1224=EDGE_LOOP('',(#5649));
#1225=EDGE_LOOP('',(#5650));
#1226=EDGE_LOOP('',(#5651,#5652,#5653,#5654));
#1227=EDGE_LOOP('',(#5655,#5656,#5657,#5658));
#1228=EDGE_LOOP('',(#5659));
#1229=EDGE_LOOP('',(#5660));
#1230=EDGE_LOOP('',(#5661));
#1231=EDGE_LOOP('',(#5662));
#1232=EDGE_LOOP('',(#5663,#5664,#5665,#5666));
#1233=EDGE_LOOP('',(#5667));
#1234=EDGE_LOOP('',(#5668,#5669,#5670,#5671));
#1235=EDGE_LOOP('',(#5672));
#1236=EDGE_LOOP('',(#5673));
#1237=EDGE_LOOP('',(#5674));
#1238=EDGE_LOOP('',(#5675,#5676,#5677,#5678));
#1239=EDGE_LOOP('',(#5679,#5680,#5681,#5682));
#1240=EDGE_LOOP('',(#5683));
#1241=EDGE_LOOP('',(#5684));
#1242=EDGE_LOOP('',(#5685));
#1243=EDGE_LOOP('',(#5686));
#1244=EDGE_LOOP('',(#5687,#5688,#5689,#5690));
#1245=EDGE_LOOP('',(#5691));
#1246=EDGE_LOOP('',(#5692,#5693,#5694,#5695));
#1247=EDGE_LOOP('',(#5696));
#1248=EDGE_LOOP('',(#5697));
#1249=EDGE_LOOP('',(#5698));
#1250=CIRCLE('',#6177,4.);
#1251=CIRCLE('',#6178,4.);
#1252=CIRCLE('',#6180,4.);
#1253=CIRCLE('',#6181,4.);
#1254=CIRCLE('',#6183,4.);
#1255=CIRCLE('',#6184,4.);
#1256=CIRCLE('',#6186,6.);
#1257=CIRCLE('',#6187,6.);
#1258=CIRCLE('',#6188,6.);
#1259=CIRCLE('',#6189,6.);
#1260=CIRCLE('',#6190,4.);
#1261=CIRCLE('',#6191,4.);
#1262=CIRCLE('',#6192,4.);
#1263=CIRCLE('',#6193,4.);
#1264=CIRCLE('',#6194,4.);
#1265=CIRCLE('',#6196,1.7);
#1266=CIRCLE('',#6198,3.1);
#1267=CIRCLE('',#6199,3.1);
#1268=CIRCLE('',#6201,1.7);
#1269=CIRCLE('',#6203,3.1);
#1270=CIRCLE('',#6204,3.1);
#1271=CIRCLE('',#6206,1.7);
#1272=CIRCLE('',#6208,3.1);
#1273=CIRCLE('',#6209,3.1);
#1274=CIRCLE('',#6211,1.7);
#1275=CIRCLE('',#6213,3.1);
#1276=CIRCLE('',#6214,3.1);
#1277=CIRCLE('',#6216,1.7);
#1278=CIRCLE('',#6218,1.7);
#1279=CIRCLE('',#6220,1.7);
#1280=CIRCLE('',#6222,1.7);
#1281=CIRCLE('',#6227,4.);
#1282=CIRCLE('',#6231,4.);
#1283=CIRCLE('',#6235,4.);
#1284=CIRCLE('',#6238,0.9);
#1285=CIRCLE('',#6240,0.9);
#1286=CIRCLE('',#6242,4.);
#1287=CIRCLE('',#6244,4.);
#1288=CIRCLE('',#6246,5.2);
#1289=CIRCLE('',#6247,5.2);
#1290=CIRCLE('',#6249,5.2);
#1291=CIRCLE('',#6250,5.2);
#1292=CIRCLE('',#6299,0.9);
#1293=CIRCLE('',#6301,0.9);
#1294=CIRCLE('',#6356,6.);
#1295=CIRCLE('',#6359,6.);
#1296=CIRCLE('',#6362,6.);
#1297=CIRCLE('',#6364,6.);
#1298=CIRCLE('',#6369,2.2);
#1299=CIRCLE('',#6370,2.2);
#1300=CIRCLE('',#6373,2.2);
#1301=CIRCLE('',#6374,2.2);
#1302=CIRCLE('',#6377,2.2);
#1303=CIRCLE('',#6378,2.2);
#1304=CIRCLE('',#6381,2.2);
#1305=CIRCLE('',#6382,2.2);
#1306=CIRCLE('',#6385,4.);
#1307=CIRCLE('',#6386,4.);
#1308=CIRCLE('',#6388,4.);
#1309=CIRCLE('',#6390,4.);
#1310=CIRCLE('',#6391,4.);
#1311=CIRCLE('',#6393,4.);
#1312=CIRCLE('',#6394,4.);
#1313=CIRCLE('',#6398,4.);
#1314=CIRCLE('',#6399,4.);
#1315=CIRCLE('',#6401,4.);
#1316=CIRCLE('',#6403,4.);
#1317=CIRCLE('',#6405,4.);
#1318=CIRCLE('',#6407,4.);
#1319=CIRCLE('',#6408,4.);
#1320=CIRCLE('',#6409,4.);
#1321=CIRCLE('',#6410,3.1);
#1322=CIRCLE('',#6411,3.1);
#1323=CIRCLE('',#6457,4.);
#1324=CIRCLE('',#6458,4.);
#1325=CIRCLE('',#6459,4.);
#1326=CIRCLE('',#6460,6.);
#1327=CIRCLE('',#6461,6.);
#1328=CIRCLE('',#6462,6.);
#1329=CIRCLE('',#6463,6.);
#1330=CIRCLE('',#6465,6.);
#1331=CIRCLE('',#6466,5.2);
#1332=CIRCLE('',#6469,6.);
#1333=CIRCLE('',#6470,5.2);
#1334=CIRCLE('',#6473,6.);
#1335=CIRCLE('',#6474,5.2);
#1336=CIRCLE('',#6477,6.);
#1337=CIRCLE('',#6478,5.2);
#1338=CIRCLE('',#6485,3.1);
#1339=CIRCLE('',#6486,3.1);
#1340=CIRCLE('',#6554,5.);
#1341=CIRCLE('',#6555,5.);
#1342=CIRCLE('',#6565,1.);
#1343=CIRCLE('',#6566,1.);
#1344=CIRCLE('',#6568,1.);
#1345=CIRCLE('',#6569,1.);
#1346=CIRCLE('',#6577,1.75);
#1347=CIRCLE('',#6578,1.75);
#1348=CIRCLE('',#6587,1.75);
#1349=CIRCLE('',#6588,1.75);
#1350=CIRCLE('',#6597,1.85);
#1351=CIRCLE('',#6598,1.85);
#1352=CIRCLE('',#6601,2.8);
#1353=CIRCLE('',#6602,2.8);
#1354=CIRCLE('',#6605,4.);
#1355=CIRCLE('',#6606,4.);
#1356=CIRCLE('',#6610,1.85);
#1357=CIRCLE('',#6611,1.85);
#1358=CIRCLE('',#6614,2.8);
#1359=CIRCLE('',#6615,2.8);
#1360=CIRCLE('',#6618,4.);
#1361=CIRCLE('',#6619,4.);
#1362=CIRCLE('',#6623,1.5);
#1363=CIRCLE('',#6624,1.5);
#1364=CIRCLE('',#6626,2.2);
#1365=CIRCLE('',#6627,2.2);
#1366=CIRCLE('',#6631,1.45);
#1367=CIRCLE('',#6632,1.45);
#1368=CIRCLE('',#6635,2.85);
#1369=CIRCLE('',#6636,2.85);
#1370=CIRCLE('',#6640,1.5);
#1371=CIRCLE('',#6641,1.5);
#1372=CIRCLE('',#6643,2.2);
#1373=CIRCLE('',#6644,2.2);
#1374=CIRCLE('',#6648,1.45);
#1375=CIRCLE('',#6649,1.45);
#1376=CIRCLE('',#6652,2.85);
#1377=CIRCLE('',#6653,2.85);
#1378=CIRCLE('',#6657,1.5);
#1379=CIRCLE('',#6658,1.5);
#1380=CIRCLE('',#6660,2.2);
#1381=CIRCLE('',#6661,2.2);
#1382=CIRCLE('',#6665,1.45);
#1383=CIRCLE('',#6666,1.45);
#1384=CIRCLE('',#6669,2.85);
#1385=CIRCLE('',#6670,2.85);
#1386=CIRCLE('',#6674,1.5);
#1387=CIRCLE('',#6675,1.5);
#1388=CIRCLE('',#6677,2.2);
#1389=CIRCLE('',#6678,2.2);
#1390=CIRCLE('',#6682,1.45);
#1391=CIRCLE('',#6683,1.45);
#1392=CIRCLE('',#6686,2.85);
#1393=CIRCLE('',#6687,2.85);
#1394=LINE('',#8391,#2061);
#1395=LINE('',#8395,#2062);
#1396=LINE('',#8400,#2063);
#1397=LINE('',#8404,#2064);
#1398=LINE('',#8410,#2065);
#1399=LINE('',#8415,#2066);
#1400=LINE('',#8417,#2067);
#1401=LINE('',#8419,#2068);
#1402=LINE('',#8421,#2069);
#1403=LINE('',#8423,#2070);
#1404=LINE('',#8427,#2071);
#1405=LINE('',#8431,#2072);
#1406=LINE('',#8435,#2073);
#1407=LINE('',#8439,#2074);
#1408=LINE('',#8441,#2075);
#1409=LINE('',#8443,#2076);
#1410=LINE('',#8444,#2077);
#1411=LINE('',#8445,#2078);
#1412=LINE('',#8448,#2079);
#1413=LINE('',#8452,#2080);
#1414=LINE('',#8453,#2081);
#1415=LINE('',#8458,#2082);
#1416=LINE('',#8460,#2083);
#1417=LINE('',#8462,#2084);
#1418=LINE('',#8463,#2085);
#1419=LINE('',#8466,#2086);
#1420=LINE('',#8469,#2087);
#1421=LINE('',#8471,#2088);
#1422=LINE('',#8473,#2089);
#1423=LINE('',#8474,#2090);
#1424=LINE('',#8477,#2091);
#1425=LINE('',#8479,#2092);
#1426=LINE('',#8481,#2093);
#1427=LINE('',#8482,#2094);
#1428=LINE('',#8485,#2095);
#1429=LINE('',#8487,#2096);
#1430=LINE('',#8489,#2097);
#1431=LINE('',#8490,#2098);
#1432=LINE('',#8493,#2099);
#1433=LINE('',#8495,#2100);
#1434=LINE('',#8497,#2101);
#1435=LINE('',#8498,#2102);
#1436=LINE('',#8501,#2103);
#1437=LINE('',#8503,#2104);
#1438=LINE('',#8505,#2105);
#1439=LINE('',#8506,#2106);
#1440=LINE('',#8509,#2107);
#1441=LINE('',#8511,#2108);
#1442=LINE('',#8513,#2109);
#1443=LINE('',#8514,#2110);
#1444=LINE('',#8517,#2111);
#1445=LINE('',#8519,#2112);
#1446=LINE('',#8521,#2113);
#1447=LINE('',#8522,#2114);
#1448=LINE('',#8525,#2115);
#1449=LINE('',#8527,#2116);
#1450=LINE('',#8529,#2117);
#1451=LINE('',#8530,#2118);
#1452=LINE('',#8533,#2119);
#1453=LINE('',#8535,#2120);
#1454=LINE('',#8537,#2121);
#1455=LINE('',#8538,#2122);
#1456=LINE('',#8541,#2123);
#1457=LINE('',#8543,#2124);
#1458=LINE('',#8545,#2125);
#1459=LINE('',#8546,#2126);
#1460=LINE('',#8549,#2127);
#1461=LINE('',#8551,#2128);
#1462=LINE('',#8553,#2129);
#1463=LINE('',#8555,#2130);
#1464=LINE('',#8557,#2131);
#1465=LINE('',#8559,#2132);
#1466=LINE('',#8561,#2133);
#1467=LINE('',#8562,#2134);
#1468=LINE('',#8565,#2135);
#1469=LINE('',#8567,#2136);
#1470=LINE('',#8569,#2137);
#1471=LINE('',#8571,#2138);
#1472=LINE('',#8573,#2139);
#1473=LINE('',#8575,#2140);
#1474=LINE('',#8577,#2141);
#1475=LINE('',#8578,#2142);
#1476=LINE('',#8581,#2143);
#1477=LINE('',#8583,#2144);
#1478=LINE('',#8585,#2145);
#1479=LINE('',#8586,#2146);
#1480=LINE('',#8589,#2147);
#1481=LINE('',#8593,#2148);
#1482=LINE('',#8596,#2149);
#1483=LINE('',#8603,#2150);
#1484=LINE('',#8612,#2151);
#1485=LINE('',#8621,#2152);
#1486=LINE('',#8630,#2153);
#1487=LINE('',#8637,#2154);
#1488=LINE('',#8641,#2155);
#1489=LINE('',#8645,#2156);
#1490=LINE('',#8648,#2157);
#1491=LINE('',#8652,#2158);
#1492=LINE('',#8654,#2159);
#1493=LINE('',#8655,#2160);
#1494=LINE('',#8661,#2161);
#1495=LINE('',#8662,#2162);
#1496=LINE('',#8668,#2163);
#1497=LINE('',#8670,#2164);
#1498=LINE('',#8671,#2165);
#1499=LINE('',#8683,#2166);
#1500=LINE('',#8686,#2167);
#1501=LINE('',#8691,#2168);
#1502=LINE('',#8692,#2169);
#1503=LINE('',#8698,#2170);
#1504=LINE('',#8701,#2171);
#1505=LINE('',#8707,#2172);
#1506=LINE('',#8710,#2173);
#1507=LINE('',#8713,#2174);
#1508=LINE('',#8714,#2175);
#1509=LINE('',#8716,#2176);
#1510=LINE('',#8718,#2177);
#1511=LINE('',#8720,#2178);
#1512=LINE('',#8721,#2179);
#1513=LINE('',#8724,#2180);
#1514=LINE('',#8725,#2181);
#1515=LINE('',#8728,#2182);
#1516=LINE('',#8730,#2183);
#1517=LINE('',#8732,#2184);
#1518=LINE('',#8733,#2185);
#1519=LINE('',#8735,#2186);
#1520=LINE('',#8736,#2187);
#1521=LINE('',#8739,#2188);
#1522=LINE('',#8740,#2189);
#1523=LINE('',#8743,#2190);
#1524=LINE('',#8744,#2191);
#1525=LINE('',#8746,#2192);
#1526=LINE('',#8747,#2193);
#1527=LINE('',#8749,#2194);
#1528=LINE('',#8751,#2195);
#1529=LINE('',#8755,#2196);
#1530=LINE('',#8756,#2197);
#1531=LINE('',#8759,#2198);
#1532=LINE('',#8760,#2199);
#1533=LINE('',#8762,#2200);
#1534=LINE('',#8763,#2201);
#1535=LINE('',#8765,#2202);
#1536=LINE('',#8769,#2203);
#1537=LINE('',#8770,#2204);
#1538=LINE('',#8773,#2205);
#1539=LINE('',#8774,#2206);
#1540=LINE('',#8777,#2207);
#1541=LINE('',#8779,#2208);
#1542=LINE('',#8780,#2209);
#1543=LINE('',#8783,#2210);
#1544=LINE('',#8784,#2211);
#1545=LINE('',#8787,#2212);
#1546=LINE('',#8788,#2213);
#1547=LINE('',#8790,#2214);
#1548=LINE('',#8794,#2215);
#1549=LINE('',#8796,#2216);
#1550=LINE('',#8797,#2217);
#1551=LINE('',#8800,#2218);
#1552=LINE('',#8801,#2219);
#1553=LINE('',#8804,#2220);
#1554=LINE('',#8805,#2221);
#1555=LINE('',#8807,#2222);
#1556=LINE('',#8811,#2223);
#1557=LINE('',#8813,#2224);
#1558=LINE('',#8814,#2225);
#1559=LINE('',#8817,#2226);
#1560=LINE('',#8818,#2227);
#1561=LINE('',#8821,#2228);
#1562=LINE('',#8822,#2229);
#1563=LINE('',#8824,#2230);
#1564=LINE('',#8828,#2231);
#1565=LINE('',#8829,#2232);
#1566=LINE('',#8832,#2233);
#1567=LINE('',#8833,#2234);
#1568=LINE('',#8835,#2235);
#1569=LINE('',#8839,#2236);
#1570=LINE('',#8840,#2237);
#1571=LINE('',#8843,#2238);
#1572=LINE('',#8844,#2239);
#1573=LINE('',#8846,#2240);
#1574=LINE('',#8850,#2241);
#1575=LINE('',#8852,#2242);
#1576=LINE('',#8853,#2243);
#1577=LINE('',#8856,#2244);
#1578=LINE('',#8857,#2245);
#1579=LINE('',#8859,#2246);
#1580=LINE('',#8861,#2247);
#1581=LINE('',#8865,#2248);
#1582=LINE('',#8867,#2249);
#1583=LINE('',#8868,#2250);
#1584=LINE('',#8870,#2251);
#1585=LINE('',#8873,#2252);
#1586=LINE('',#8874,#2253);
#1587=LINE('',#8876,#2254);
#1588=LINE('',#8880,#2255);
#1589=LINE('',#8884,#2256);
#1590=LINE('',#8888,#2257);
#1591=LINE('',#8890,#2258);
#1592=LINE('',#8891,#2259);
#1593=LINE('',#8894,#2260);
#1594=LINE('',#8895,#2261);
#1595=LINE('',#8898,#2262);
#1596=LINE('',#8899,#2263);
#1597=LINE('',#8901,#2264);
#1598=LINE('',#8905,#2265);
#1599=LINE('',#8907,#2266);
#1600=LINE('',#8908,#2267);
#1601=LINE('',#8911,#2268);
#1602=LINE('',#8912,#2269);
#1603=LINE('',#8915,#2270);
#1604=LINE('',#8916,#2271);
#1605=LINE('',#8918,#2272);
#1606=LINE('',#8922,#2273);
#1607=LINE('',#8924,#2274);
#1608=LINE('',#8925,#2275);
#1609=LINE('',#8928,#2276);
#1610=LINE('',#8929,#2277);
#1611=LINE('',#8932,#2278);
#1612=LINE('',#8933,#2279);
#1613=LINE('',#8935,#2280);
#1614=LINE('',#8938,#2281);
#1615=LINE('',#8940,#2282);
#1616=LINE('',#8941,#2283);
#1617=LINE('',#8944,#2284);
#1618=LINE('',#8945,#2285);
#1619=LINE('',#8948,#2286);
#1620=LINE('',#8949,#2287);
#1621=LINE('',#8951,#2288);
#1622=LINE('',#8955,#2289);
#1623=LINE('',#8957,#2290);
#1624=LINE('',#8958,#2291);
#1625=LINE('',#8961,#2292);
#1626=LINE('',#8962,#2293);
#1627=LINE('',#8965,#2294);
#1628=LINE('',#8966,#2295);
#1629=LINE('',#8968,#2296);
#1630=LINE('',#8972,#2297);
#1631=LINE('',#8974,#2298);
#1632=LINE('',#8975,#2299);
#1633=LINE('',#8978,#2300);
#1634=LINE('',#8979,#2301);
#1635=LINE('',#8982,#2302);
#1636=LINE('',#8983,#2303);
#1637=LINE('',#8985,#2304);
#1638=LINE('',#8989,#2305);
#1639=LINE('',#8991,#2306);
#1640=LINE('',#8992,#2307);
#1641=LINE('',#8995,#2308);
#1642=LINE('',#8996,#2309);
#1643=LINE('',#8999,#2310);
#1644=LINE('',#9000,#2311);
#1645=LINE('',#9002,#2312);
#1646=LINE('',#9007,#2313);
#1647=LINE('',#9009,#2314);
#1648=LINE('',#9011,#2315);
#1649=LINE('',#9012,#2316);
#1650=LINE('',#9015,#2317);
#1651=LINE('',#9017,#2318);
#1652=LINE('',#9018,#2319);
#1653=LINE('',#9021,#2320);
#1654=LINE('',#9023,#2321);
#1655=LINE('',#9024,#2322);
#1656=LINE('',#9027,#2323);
#1657=LINE('',#9029,#2324);
#1658=LINE('',#9030,#2325);
#1659=LINE('',#9032,#2326);
#1660=LINE('',#9033,#2327);
#1661=LINE('',#9036,#2328);
#1662=LINE('',#9037,#2329);
#1663=LINE('',#9040,#2330);
#1664=LINE('',#9041,#2331);
#1665=LINE('',#9043,#2332);
#1666=LINE('',#9047,#2333);
#1667=LINE('',#9049,#2334);
#1668=LINE('',#9050,#2335);
#1669=LINE('',#9053,#2336);
#1670=LINE('',#9054,#2337);
#1671=LINE('',#9057,#2338);
#1672=LINE('',#9058,#2339);
#1673=LINE('',#9060,#2340);
#1674=LINE('',#9064,#2341);
#1675=LINE('',#9066,#2342);
#1676=LINE('',#9067,#2343);
#1677=LINE('',#9070,#2344);
#1678=LINE('',#9071,#2345);
#1679=LINE('',#9074,#2346);
#1680=LINE('',#9075,#2347);
#1681=LINE('',#9077,#2348);
#1682=LINE('',#9081,#2349);
#1683=LINE('',#9084,#2350);
#1684=LINE('',#9087,#2351);
#1685=LINE('',#9088,#2352);
#1686=LINE('',#9091,#2353);
#1687=LINE('',#9094,#2354);
#1688=LINE('',#9097,#2355);
#1689=LINE('',#9098,#2356);
#1690=LINE('',#9102,#2357);
#1691=LINE('',#9105,#2358);
#1692=LINE('',#9108,#2359);
#1693=LINE('',#9110,#2360);
#1694=LINE('',#9116,#2361);
#1695=LINE('',#9123,#2362);
#1696=LINE('',#9130,#2363);
#1697=LINE('',#9137,#2364);
#1698=LINE('',#9143,#2365);
#1699=LINE('',#9147,#2366);
#1700=LINE('',#9151,#2367);
#1701=LINE('',#9157,#2368);
#1702=LINE('',#9160,#2369);
#1703=LINE('',#9164,#2370);
#1704=LINE('',#9168,#2371);
#1705=LINE('',#9171,#2372);
#1706=LINE('',#9174,#2373);
#1707=LINE('',#9176,#2374);
#1708=LINE('',#9178,#2375);
#1709=LINE('',#9180,#2376);
#1710=LINE('',#9182,#2377);
#1711=LINE('',#9184,#2378);
#1712=LINE('',#9185,#2379);
#1713=LINE('',#9189,#2380);
#1714=LINE('',#9197,#2381);
#1715=LINE('',#9201,#2382);
#1716=LINE('',#9203,#2383);
#1717=LINE('',#9206,#2384);
#1718=LINE('',#9208,#2385);
#1719=LINE('',#9212,#2386);
#1720=LINE('',#9216,#2387);
#1721=LINE('',#9219,#2388);
#1722=LINE('',#9221,#2389);
#1723=LINE('',#9223,#2390);
#1724=LINE('',#9224,#2391);
#1725=LINE('',#9231,#2392);
#1726=LINE('',#9233,#2393);
#1727=LINE('',#9235,#2394);
#1728=LINE('',#9236,#2395);
#1729=LINE('',#9239,#2396);
#1730=LINE('',#9241,#2397);
#1731=LINE('',#9243,#2398);
#1732=LINE('',#9245,#2399);
#1733=LINE('',#9247,#2400);
#1734=LINE('',#9248,#2401);
#1735=LINE('',#9251,#2402);
#1736=LINE('',#9253,#2403);
#1737=LINE('',#9255,#2404);
#1738=LINE('',#9257,#2405);
#1739=LINE('',#9259,#2406);
#1740=LINE('',#9260,#2407);
#1741=LINE('',#9263,#2408);
#1742=LINE('',#9265,#2409);
#1743=LINE('',#9267,#2410);
#1744=LINE('',#9269,#2411);
#1745=LINE('',#9271,#2412);
#1746=LINE('',#9272,#2413);
#1747=LINE('',#9275,#2414);
#1748=LINE('',#9277,#2415);
#1749=LINE('',#9279,#2416);
#1750=LINE('',#9281,#2417);
#1751=LINE('',#9283,#2418);
#1752=LINE('',#9284,#2419);
#1753=LINE('',#9287,#2420);
#1754=LINE('',#9289,#2421);
#1755=LINE('',#9291,#2422);
#1756=LINE('',#9292,#2423);
#1757=LINE('',#9295,#2424);
#1758=LINE('',#9297,#2425);
#1759=LINE('',#9299,#2426);
#1760=LINE('',#9300,#2427);
#1761=LINE('',#9304,#2428);
#1762=LINE('',#9305,#2429);
#1763=LINE('',#9306,#2430);
#1764=LINE('',#9309,#2431);
#1765=LINE('',#9310,#2432);
#1766=LINE('',#9313,#2433);
#1767=LINE('',#9314,#2434);
#1768=LINE('',#9316,#2435);
#1769=LINE('',#9321,#2436);
#1770=LINE('',#9322,#2437);
#1771=LINE('',#9323,#2438);
#1772=LINE('',#9326,#2439);
#1773=LINE('',#9327,#2440);
#1774=LINE('',#9330,#2441);
#1775=LINE('',#9331,#2442);
#1776=LINE('',#9333,#2443);
#1777=LINE('',#9338,#2444);
#1778=LINE('',#9339,#2445);
#1779=LINE('',#9340,#2446);
#1780=LINE('',#9343,#2447);
#1781=LINE('',#9344,#2448);
#1782=LINE('',#9347,#2449);
#1783=LINE('',#9348,#2450);
#1784=LINE('',#9350,#2451);
#1785=LINE('',#9355,#2452);
#1786=LINE('',#9356,#2453);
#1787=LINE('',#9357,#2454);
#1788=LINE('',#9360,#2455);
#1789=LINE('',#9361,#2456);
#1790=LINE('',#9364,#2457);
#1791=LINE('',#9365,#2458);
#1792=LINE('',#9368,#2459);
#1793=LINE('',#9369,#2460);
#1794=LINE('',#9372,#2461);
#1795=LINE('',#9373,#2462);
#1796=LINE('',#9375,#2463);
#1797=LINE('',#9380,#2464);
#1798=LINE('',#9381,#2465);
#1799=LINE('',#9382,#2466);
#1800=LINE('',#9385,#2467);
#1801=LINE('',#9386,#2468);
#1802=LINE('',#9389,#2469);
#1803=LINE('',#9390,#2470);
#1804=LINE('',#9393,#2471);
#1805=LINE('',#9394,#2472);
#1806=LINE('',#9397,#2473);
#1807=LINE('',#9398,#2474);
#1808=LINE('',#9400,#2475);
#1809=LINE('',#9405,#2476);
#1810=LINE('',#9406,#2477);
#1811=LINE('',#9407,#2478);
#1812=LINE('',#9410,#2479);
#1813=LINE('',#9411,#2480);
#1814=LINE('',#9414,#2481);
#1815=LINE('',#9415,#2482);
#1816=LINE('',#9418,#2483);
#1817=LINE('',#9419,#2484);
#1818=LINE('',#9422,#2485);
#1819=LINE('',#9423,#2486);
#1820=LINE('',#9425,#2487);
#1821=LINE('',#9430,#2488);
#1822=LINE('',#9431,#2489);
#1823=LINE('',#9432,#2490);
#1824=LINE('',#9435,#2491);
#1825=LINE('',#9436,#2492);
#1826=LINE('',#9439,#2493);
#1827=LINE('',#9440,#2494);
#1828=LINE('',#9443,#2495);
#1829=LINE('',#9444,#2496);
#1830=LINE('',#9447,#2497);
#1831=LINE('',#9448,#2498);
#1832=LINE('',#9450,#2499);
#1833=LINE('',#9455,#2500);
#1834=LINE('',#9457,#2501);
#1835=LINE('',#9459,#2502);
#1836=LINE('',#9460,#2503);
#1837=LINE('',#9462,#2504);
#1838=LINE('',#9463,#2505);
#1839=LINE('',#9466,#2506);
#1840=LINE('',#9471,#2507);
#1841=LINE('',#9474,#2508);
#1842=LINE('',#9476,#2509);
#1843=LINE('',#9478,#2510);
#1844=LINE('',#9482,#2511);
#1845=LINE('',#9486,#2512);
#1846=LINE('',#9490,#2513);
#1847=LINE('',#9493,#2514);
#1848=LINE('',#9497,#2515);
#1849=LINE('',#9501,#2516);
#1850=LINE('',#9505,#2517);
#1851=LINE('',#9507,#2518);
#1852=LINE('',#9508,#2519);
#1853=LINE('',#9512,#2520);
#1854=LINE('',#9517,#2521);
#1855=LINE('',#9519,#2522);
#1856=LINE('',#9520,#2523);
#1857=LINE('',#9524,#2524);
#1858=LINE('',#9529,#2525);
#1859=LINE('',#9531,#2526);
#1860=LINE('',#9532,#2527);
#1861=LINE('',#9536,#2528);
#1862=LINE('',#9540,#2529);
#1863=LINE('',#9541,#2530);
#1864=LINE('',#9543,#2531);
#1865=LINE('',#9544,#2532);
#1866=LINE('',#9546,#2533);
#1867=LINE('',#9548,#2534);
#1868=LINE('',#9550,#2535);
#1869=LINE('',#9558,#2536);
#1870=LINE('',#9560,#2537);
#1871=LINE('',#9562,#2538);
#1872=LINE('',#9563,#2539);
#1873=LINE('',#9565,#2540);
#1874=LINE('',#9566,#2541);
#1875=LINE('',#9568,#2542);
#1876=LINE('',#9570,#2543);
#1877=LINE('',#9573,#2544);
#1878=LINE('',#9575,#2545);
#1879=LINE('',#9578,#2546);
#1880=LINE('',#9579,#2547);
#1881=LINE('',#9582,#2548);
#1882=LINE('',#9583,#2549);
#1883=LINE('',#9585,#2550);
#1884=LINE('',#9587,#2551);
#1885=LINE('',#9590,#2552);
#1886=LINE('',#9592,#2553);
#1887=LINE('',#9595,#2554);
#1888=LINE('',#9596,#2555);
#1889=LINE('',#9598,#2556);
#1890=LINE('',#9604,#2557);
#1891=LINE('',#9606,#2558);
#1892=LINE('',#9608,#2559);
#1893=LINE('',#9609,#2560);
#1894=LINE('',#9612,#2561);
#1895=LINE('',#9614,#2562);
#1896=LINE('',#9615,#2563);
#1897=LINE('',#9618,#2564);
#1898=LINE('',#9620,#2565);
#1899=LINE('',#9621,#2566);
#1900=LINE('',#9623,#2567);
#1901=LINE('',#9624,#2568);
#1902=LINE('',#9630,#2569);
#1903=LINE('',#9632,#2570);
#1904=LINE('',#9634,#2571);
#1905=LINE('',#9635,#2572);
#1906=LINE('',#9638,#2573);
#1907=LINE('',#9640,#2574);
#1908=LINE('',#9641,#2575);
#1909=LINE('',#9644,#2576);
#1910=LINE('',#9646,#2577);
#1911=LINE('',#9647,#2578);
#1912=LINE('',#9649,#2579);
#1913=LINE('',#9650,#2580);
#1914=LINE('',#9656,#2581);
#1915=LINE('',#9658,#2582);
#1916=LINE('',#9660,#2583);
#1917=LINE('',#9661,#2584);
#1918=LINE('',#9664,#2585);
#1919=LINE('',#9666,#2586);
#1920=LINE('',#9667,#2587);
#1921=LINE('',#9670,#2588);
#1922=LINE('',#9672,#2589);
#1923=LINE('',#9673,#2590);
#1924=LINE('',#9675,#2591);
#1925=LINE('',#9676,#2592);
#1926=LINE('',#9682,#2593);
#1927=LINE('',#9684,#2594);
#1928=LINE('',#9686,#2595);
#1929=LINE('',#9687,#2596);
#1930=LINE('',#9690,#2597);
#1931=LINE('',#9692,#2598);
#1932=LINE('',#9693,#2599);
#1933=LINE('',#9696,#2600);
#1934=LINE('',#9698,#2601);
#1935=LINE('',#9699,#2602);
#1936=LINE('',#9701,#2603);
#1937=LINE('',#9702,#2604);
#1938=LINE('',#9708,#2605);
#1939=LINE('',#9710,#2606);
#1940=LINE('',#9712,#2607);
#1941=LINE('',#9713,#2608);
#1942=LINE('',#9716,#2609);
#1943=LINE('',#9718,#2610);
#1944=LINE('',#9719,#2611);
#1945=LINE('',#9722,#2612);
#1946=LINE('',#9724,#2613);
#1947=LINE('',#9725,#2614);
#1948=LINE('',#9727,#2615);
#1949=LINE('',#9728,#2616);
#1950=LINE('',#9734,#2617);
#1951=LINE('',#9736,#2618);
#1952=LINE('',#9738,#2619);
#1953=LINE('',#9739,#2620);
#1954=LINE('',#9742,#2621);
#1955=LINE('',#9744,#2622);
#1956=LINE('',#9745,#2623);
#1957=LINE('',#9748,#2624);
#1958=LINE('',#9750,#2625);
#1959=LINE('',#9751,#2626);
#1960=LINE('',#9753,#2627);
#1961=LINE('',#9754,#2628);
#1962=LINE('',#9760,#2629);
#1963=LINE('',#9762,#2630);
#1964=LINE('',#9764,#2631);
#1965=LINE('',#9765,#2632);
#1966=LINE('',#9768,#2633);
#1967=LINE('',#9770,#2634);
#1968=LINE('',#9771,#2635);
#1969=LINE('',#9774,#2636);
#1970=LINE('',#9776,#2637);
#1971=LINE('',#9777,#2638);
#1972=LINE('',#9779,#2639);
#1973=LINE('',#9780,#2640);
#1974=LINE('',#9786,#2641);
#1975=LINE('',#9788,#2642);
#1976=LINE('',#9790,#2643);
#1977=LINE('',#9791,#2644);
#1978=LINE('',#9794,#2645);
#1979=LINE('',#9796,#2646);
#1980=LINE('',#9797,#2647);
#1981=LINE('',#9800,#2648);
#1982=LINE('',#9802,#2649);
#1983=LINE('',#9803,#2650);
#1984=LINE('',#9805,#2651);
#1985=LINE('',#9806,#2652);
#1986=LINE('',#9813,#2653);
#1987=LINE('',#9820,#2654);
#1988=LINE('',#9822,#2655);
#1989=LINE('',#9824,#2656);
#1990=LINE('',#9825,#2657);
#1991=LINE('',#9828,#2658);
#1992=LINE('',#9830,#2659);
#1993=LINE('',#9831,#2660);
#1994=LINE('',#9834,#2661);
#1995=LINE('',#9836,#2662);
#1996=LINE('',#9837,#2663);
#1997=LINE('',#9839,#2664);
#1998=LINE('',#9840,#2665);
#1999=LINE('',#9847,#2666);
#2000=LINE('',#9853,#2667);
#2001=LINE('',#9858,#2668);
#2002=LINE('',#9860,#2669);
#2003=LINE('',#9862,#2670);
#2004=LINE('',#9863,#2671);
#2005=LINE('',#9866,#2672);
#2006=LINE('',#9868,#2673);
#2007=LINE('',#9869,#2674);
#2008=LINE('',#9872,#2675);
#2009=LINE('',#9874,#2676);
#2010=LINE('',#9875,#2677);
#2011=LINE('',#9877,#2678);
#2012=LINE('',#9878,#2679);
#2013=LINE('',#9885,#2680);
#2014=LINE('',#9891,#2681);
#2015=LINE('',#9893,#2682);
#2016=LINE('',#9895,#2683);
#2017=LINE('',#9896,#2684);
#2018=LINE('',#9899,#2685);
#2019=LINE('',#9901,#2686);
#2020=LINE('',#9902,#2687);
#2021=LINE('',#9905,#2688);
#2022=LINE('',#9907,#2689);
#2023=LINE('',#9908,#2690);
#2024=LINE('',#9910,#2691);
#2025=LINE('',#9911,#2692);
#2026=LINE('',#9918,#2693);
#2027=LINE('',#9924,#2694);
#2028=LINE('',#9926,#2695);
#2029=LINE('',#9928,#2696);
#2030=LINE('',#9929,#2697);
#2031=LINE('',#9932,#2698);
#2032=LINE('',#9934,#2699);
#2033=LINE('',#9935,#2700);
#2034=LINE('',#9938,#2701);
#2035=LINE('',#9940,#2702);
#2036=LINE('',#9941,#2703);
#2037=LINE('',#9943,#2704);
#2038=LINE('',#9944,#2705);
#2039=LINE('',#9951,#2706);
#2040=LINE('',#9958,#2707);
#2041=LINE('',#9965,#2708);
#2042=LINE('',#9973,#2709);
#2043=LINE('',#9980,#2710);
#2044=LINE('',#9987,#2711);
#2045=LINE('',#9995,#2712);
#2046=LINE('',#10001,#2713);
#2047=LINE('',#10009,#2714);
#2048=LINE('',#10016,#2715);
#2049=LINE('',#10024,#2716);
#2050=LINE('',#10030,#2717);
#2051=LINE('',#10038,#2718);
#2052=LINE('',#10045,#2719);
#2053=LINE('',#10053,#2720);
#2054=LINE('',#10059,#2721);
#2055=LINE('',#10067,#2722);
#2056=LINE('',#10074,#2723);
#2057=LINE('',#10082,#2724);
#2058=LINE('',#10088,#2725);
#2059=LINE('',#10096,#2726);
#2060=LINE('',#10103,#2727);
#2061=VECTOR('',#6694,10.);
#2062=VECTOR('',#6697,10.);
#2063=VECTOR('',#6702,10.);
#2064=VECTOR('',#6705,10.);
#2065=VECTOR('',#6712,10.);
#2066=VECTOR('',#6717,10.);
#2067=VECTOR('',#6718,10.);
#2068=VECTOR('',#6719,10.);
#2069=VECTOR('',#6720,10.);
#2070=VECTOR('',#6721,10.);
#2071=VECTOR('',#6724,10.);
#2072=VECTOR('',#6727,10.);
#2073=VECTOR('',#6730,10.);
#2074=VECTOR('',#6733,10.);
#2075=VECTOR('',#6734,10.);
#2076=VECTOR('',#6735,10.);
#2077=VECTOR('',#6736,10.);
#2078=VECTOR('',#6737,10.);
#2079=VECTOR('',#6738,10.);
#2080=VECTOR('',#6741,10.);
#2081=VECTOR('',#6742,10.);
#2082=VECTOR('',#6745,10.);
#2083=VECTOR('',#6746,10.);
#2084=VECTOR('',#6747,10.);
#2085=VECTOR('',#6748,10.);
#2086=VECTOR('',#6751,10.);
#2087=VECTOR('',#6752,10.);
#2088=VECTOR('',#6753,10.);
#2089=VECTOR('',#6754,10.);
#2090=VECTOR('',#6755,10.);
#2091=VECTOR('',#6756,10.);
#2092=VECTOR('',#6757,10.);
#2093=VECTOR('',#6758,10.);
#2094=VECTOR('',#6759,10.);
#2095=VECTOR('',#6760,10.);
#2096=VECTOR('',#6761,10.);
#2097=VECTOR('',#6762,10.);
#2098=VECTOR('',#6763,10.);
#2099=VECTOR('',#6764,10.);
#2100=VECTOR('',#6765,10.);
#2101=VECTOR('',#6766,10.);
#2102=VECTOR('',#6767,10.);
#2103=VECTOR('',#6768,10.);
#2104=VECTOR('',#6769,10.);
#2105=VECTOR('',#6770,10.);
#2106=VECTOR('',#6771,10.);
#2107=VECTOR('',#6772,10.);
#2108=VECTOR('',#6773,10.);
#2109=VECTOR('',#6774,10.);
#2110=VECTOR('',#6775,10.);
#2111=VECTOR('',#6776,10.);
#2112=VECTOR('',#6777,10.);
#2113=VECTOR('',#6778,10.);
#2114=VECTOR('',#6779,10.);
#2115=VECTOR('',#6780,10.);
#2116=VECTOR('',#6781,10.);
#2117=VECTOR('',#6782,10.);
#2118=VECTOR('',#6783,10.);
#2119=VECTOR('',#6784,10.);
#2120=VECTOR('',#6785,10.);
#2121=VECTOR('',#6786,10.);
#2122=VECTOR('',#6787,10.);
#2123=VECTOR('',#6788,10.);
#2124=VECTOR('',#6789,10.);
#2125=VECTOR('',#6790,10.);
#2126=VECTOR('',#6791,10.);
#2127=VECTOR('',#6792,10.);
#2128=VECTOR('',#6793,10.);
#2129=VECTOR('',#6794,10.);
#2130=VECTOR('',#6795,10.);
#2131=VECTOR('',#6796,10.);
#2132=VECTOR('',#6797,10.);
#2133=VECTOR('',#6798,10.);
#2134=VECTOR('',#6799,10.);
#2135=VECTOR('',#6800,10.);
#2136=VECTOR('',#6801,10.);
#2137=VECTOR('',#6802,10.);
#2138=VECTOR('',#6803,10.);
#2139=VECTOR('',#6804,10.);
#2140=VECTOR('',#6805,10.);
#2141=VECTOR('',#6806,10.);
#2142=VECTOR('',#6807,10.);
#2143=VECTOR('',#6808,10.);
#2144=VECTOR('',#6809,10.);
#2145=VECTOR('',#6810,10.);
#2146=VECTOR('',#6811,10.);
#2147=VECTOR('',#6812,10.);
#2148=VECTOR('',#6815,10.);
#2149=VECTOR('',#6820,10.);
#2150=VECTOR('',#6827,3.1);
#2151=VECTOR('',#6838,3.1);
#2152=VECTOR('',#6849,3.1);
#2153=VECTOR('',#6860,3.1);
#2154=VECTOR('',#6869,1.7);
#2155=VECTOR('',#6874,1.7);
#2156=VECTOR('',#6879,1.7);
#2157=VECTOR('',#6884,1.7);
#2158=VECTOR('',#6889,10.);
#2159=VECTOR('',#6890,10.);
#2160=VECTOR('',#6891,10.);
#2161=VECTOR('',#6900,10.);
#2162=VECTOR('',#6901,10.);
#2163=VECTOR('',#6910,10.);
#2164=VECTOR('',#6911,10.);
#2165=VECTOR('',#6912,10.);
#2166=VECTOR('',#6929,10.);
#2167=VECTOR('',#6932,10.);
#2168=VECTOR('',#6937,10.);
#2169=VECTOR('',#6938,10.);
#2170=VECTOR('',#6943,10.);
#2171=VECTOR('',#6946,10.);
#2172=VECTOR('',#6951,10.);
#2173=VECTOR('',#6954,10.);
#2174=VECTOR('',#6957,10.);
#2175=VECTOR('',#6958,10.);
#2176=VECTOR('',#6959,10.);
#2177=VECTOR('',#6960,10.);
#2178=VECTOR('',#6961,10.);
#2179=VECTOR('',#6962,10.);
#2180=VECTOR('',#6965,10.);
#2181=VECTOR('',#6966,10.);
#2182=VECTOR('',#6969,10.);
#2183=VECTOR('',#6970,10.);
#2184=VECTOR('',#6971,10.);
#2185=VECTOR('',#6972,10.);
#2186=VECTOR('',#6973,10.);
#2187=VECTOR('',#6974,10.);
#2188=VECTOR('',#6977,10.);
#2189=VECTOR('',#6978,10.);
#2190=VECTOR('',#6981,10.);
#2191=VECTOR('',#6982,10.);
#2192=VECTOR('',#6983,10.);
#2193=VECTOR('',#6984,10.);
#2194=VECTOR('',#6987,10.);
#2195=VECTOR('',#6990,10.);
#2196=VECTOR('',#6995,10.);
#2197=VECTOR('',#6996,10.);
#2198=VECTOR('',#6999,10.);
#2199=VECTOR('',#7000,10.);
#2200=VECTOR('',#7001,10.);
#2201=VECTOR('',#7002,10.);
#2202=VECTOR('',#7005,10.);
#2203=VECTOR('',#7010,10.);
#2204=VECTOR('',#7011,10.);
#2205=VECTOR('',#7014,10.);
#2206=VECTOR('',#7015,10.);
#2207=VECTOR('',#7018,10.);
#2208=VECTOR('',#7019,10.);
#2209=VECTOR('',#7020,10.);
#2210=VECTOR('',#7023,10.);
#2211=VECTOR('',#7024,10.);
#2212=VECTOR('',#7027,10.);
#2213=VECTOR('',#7028,10.);
#2214=VECTOR('',#7031,10.);
#2215=VECTOR('',#7036,10.);
#2216=VECTOR('',#7037,10.);
#2217=VECTOR('',#7038,10.);
#2218=VECTOR('',#7041,10.);
#2219=VECTOR('',#7042,10.);
#2220=VECTOR('',#7045,10.);
#2221=VECTOR('',#7046,10.);
#2222=VECTOR('',#7049,10.);
#2223=VECTOR('',#7054,10.);
#2224=VECTOR('',#7055,10.);
#2225=VECTOR('',#7056,10.);
#2226=VECTOR('',#7059,10.);
#2227=VECTOR('',#7060,10.);
#2228=VECTOR('',#7063,10.);
#2229=VECTOR('',#7064,10.);
#2230=VECTOR('',#7067,10.);
#2231=VECTOR('',#7072,10.);
#2232=VECTOR('',#7073,10.);
#2233=VECTOR('',#7076,10.);
#2234=VECTOR('',#7077,10.);
#2235=VECTOR('',#7080,10.);
#2236=VECTOR('',#7085,10.);
#2237=VECTOR('',#7086,10.);
#2238=VECTOR('',#7089,10.);
#2239=VECTOR('',#7090,10.);
#2240=VECTOR('',#7093,10.);
#2241=VECTOR('',#7098,10.);
#2242=VECTOR('',#7099,10.);
#2243=VECTOR('',#7100,10.);
#2244=VECTOR('',#7103,10.);
#2245=VECTOR('',#7104,10.);
#2246=VECTOR('',#7107,10.);
#2247=VECTOR('',#7110,10.);
#2248=VECTOR('',#7115,10.);
#2249=VECTOR('',#7116,10.);
#2250=VECTOR('',#7117,10.);
#2251=VECTOR('',#7120,10.);
#2252=VECTOR('',#7123,10.);
#2253=VECTOR('',#7124,10.);
#2254=VECTOR('',#7127,10.);
#2255=VECTOR('',#7132,0.9);
#2256=VECTOR('',#7137,0.9);
#2257=VECTOR('',#7142,10.);
#2258=VECTOR('',#7143,10.);
#2259=VECTOR('',#7144,10.);
#2260=VECTOR('',#7147,10.);
#2261=VECTOR('',#7148,10.);
#2262=VECTOR('',#7151,10.);
#2263=VECTOR('',#7152,10.);
#2264=VECTOR('',#7155,10.);
#2265=VECTOR('',#7160,10.);
#2266=VECTOR('',#7161,10.);
#2267=VECTOR('',#7162,10.);
#2268=VECTOR('',#7165,10.);
#2269=VECTOR('',#7166,10.);
#2270=VECTOR('',#7169,10.);
#2271=VECTOR('',#7170,10.);
#2272=VECTOR('',#7173,10.);
#2273=VECTOR('',#7178,10.);
#2274=VECTOR('',#7179,10.);
#2275=VECTOR('',#7180,10.);
#2276=VECTOR('',#7183,10.);
#2277=VECTOR('',#7184,10.);
#2278=VECTOR('',#7187,10.);
#2279=VECTOR('',#7188,10.);
#2280=VECTOR('',#7191,10.);
#2281=VECTOR('',#7194,10.);
#2282=VECTOR('',#7195,10.);
#2283=VECTOR('',#7196,10.);
#2284=VECTOR('',#7199,10.);
#2285=VECTOR('',#7200,10.);
#2286=VECTOR('',#7203,10.);
#2287=VECTOR('',#7204,10.);
#2288=VECTOR('',#7207,10.);
#2289=VECTOR('',#7212,10.);
#2290=VECTOR('',#7213,10.);
#2291=VECTOR('',#7214,10.);
#2292=VECTOR('',#7217,10.);
#2293=VECTOR('',#7218,10.);
#2294=VECTOR('',#7221,10.);
#2295=VECTOR('',#7222,10.);
#2296=VECTOR('',#7225,10.);
#2297=VECTOR('',#7230,10.);
#2298=VECTOR('',#7231,10.);
#2299=VECTOR('',#7232,10.);
#2300=VECTOR('',#7235,10.);
#2301=VECTOR('',#7236,10.);
#2302=VECTOR('',#7239,10.);
#2303=VECTOR('',#7240,10.);
#2304=VECTOR('',#7243,10.);
#2305=VECTOR('',#7248,10.);
#2306=VECTOR('',#7249,10.);
#2307=VECTOR('',#7250,10.);
#2308=VECTOR('',#7253,10.);
#2309=VECTOR('',#7254,10.);
#2310=VECTOR('',#7257,10.);
#2311=VECTOR('',#7258,10.);
#2312=VECTOR('',#7261,10.);
#2313=VECTOR('',#7266,10.);
#2314=VECTOR('',#7267,10.);
#2315=VECTOR('',#7268,10.);
#2316=VECTOR('',#7269,10.);
#2317=VECTOR('',#7272,10.);
#2318=VECTOR('',#7273,10.);
#2319=VECTOR('',#7274,10.);
#2320=VECTOR('',#7277,10.);
#2321=VECTOR('',#7278,10.);
#2322=VECTOR('',#7279,10.);
#2323=VECTOR('',#7282,10.);
#2324=VECTOR('',#7283,10.);
#2325=VECTOR('',#7284,10.);
#2326=VECTOR('',#7287,10.);
#2327=VECTOR('',#7288,10.);
#2328=VECTOR('',#7291,10.);
#2329=VECTOR('',#7292,10.);
#2330=VECTOR('',#7295,10.);
#2331=VECTOR('',#7296,10.);
#2332=VECTOR('',#7299,10.);
#2333=VECTOR('',#7304,10.);
#2334=VECTOR('',#7305,10.);
#2335=VECTOR('',#7306,10.);
#2336=VECTOR('',#7309,10.);
#2337=VECTOR('',#7310,10.);
#2338=VECTOR('',#7313,10.);
#2339=VECTOR('',#7314,10.);
#2340=VECTOR('',#7317,10.);
#2341=VECTOR('',#7322,10.);
#2342=VECTOR('',#7323,10.);
#2343=VECTOR('',#7324,10.);
#2344=VECTOR('',#7327,10.);
#2345=VECTOR('',#7328,10.);
#2346=VECTOR('',#7331,10.);
#2347=VECTOR('',#7332,10.);
#2348=VECTOR('',#7335,10.);
#2349=VECTOR('',#7340,10.);
#2350=VECTOR('',#7343,10.);
#2351=VECTOR('',#7346,10.);
#2352=VECTOR('',#7347,10.);
#2353=VECTOR('',#7350,10.);
#2354=VECTOR('',#7353,10.);
#2355=VECTOR('',#7356,10.);
#2356=VECTOR('',#7357,10.);
#2357=VECTOR('',#7362,10.);
#2358=VECTOR('',#7365,10.);
#2359=VECTOR('',#7370,10.);
#2360=VECTOR('',#7373,10.);
#2361=VECTOR('',#7380,2.2);
#2362=VECTOR('',#7389,2.2);
#2363=VECTOR('',#7398,2.2);
#2364=VECTOR('',#7407,2.2);
#2365=VECTOR('',#7414,10.);
#2366=VECTOR('',#7417,10.);
#2367=VECTOR('',#7422,10.);
#2368=VECTOR('',#7429,10.);
#2369=VECTOR('',#7432,10.);
#2370=VECTOR('',#7435,10.);
#2371=VECTOR('',#7438,10.);
#2372=VECTOR('',#7443,10.);
#2373=VECTOR('',#7446,10.);
#2374=VECTOR('',#7447,10.);
#2375=VECTOR('',#7448,10.);
#2376=VECTOR('',#7449,10.);
#2377=VECTOR('',#7450,10.);
#2378=VECTOR('',#7451,10.);
#2379=VECTOR('',#7452,10.);
#2380=VECTOR('',#7455,10.);
#2381=VECTOR('',#7466,10.);
#2382=VECTOR('',#7471,10.);
#2383=VECTOR('',#7472,10.);
#2384=VECTOR('',#7477,10.);
#2385=VECTOR('',#7478,10.);
#2386=VECTOR('',#7481,10.);
#2387=VECTOR('',#7486,10.);
#2388=VECTOR('',#7487,10.);
#2389=VECTOR('',#7488,10.);
#2390=VECTOR('',#7489,10.);
#2391=VECTOR('',#7490,10.);
#2392=VECTOR('',#7495,10.);
#2393=VECTOR('',#7496,10.);
#2394=VECTOR('',#7497,10.);
#2395=VECTOR('',#7498,10.);
#2396=VECTOR('',#7499,10.);
#2397=VECTOR('',#7500,10.);
#2398=VECTOR('',#7501,10.);
#2399=VECTOR('',#7502,10.);
#2400=VECTOR('',#7503,10.);
#2401=VECTOR('',#7504,10.);
#2402=VECTOR('',#7505,10.);
#2403=VECTOR('',#7506,10.);
#2404=VECTOR('',#7507,10.);
#2405=VECTOR('',#7508,10.);
#2406=VECTOR('',#7509,10.);
#2407=VECTOR('',#7510,10.);
#2408=VECTOR('',#7511,10.);
#2409=VECTOR('',#7512,10.);
#2410=VECTOR('',#7513,10.);
#2411=VECTOR('',#7514,10.);
#2412=VECTOR('',#7515,10.);
#2413=VECTOR('',#7516,10.);
#2414=VECTOR('',#7517,10.);
#2415=VECTOR('',#7518,10.);
#2416=VECTOR('',#7519,10.);
#2417=VECTOR('',#7520,10.);
#2418=VECTOR('',#7521,10.);
#2419=VECTOR('',#7522,10.);
#2420=VECTOR('',#7523,10.);
#2421=VECTOR('',#7524,10.);
#2422=VECTOR('',#7525,10.);
#2423=VECTOR('',#7526,10.);
#2424=VECTOR('',#7527,10.);
#2425=VECTOR('',#7528,10.);
#2426=VECTOR('',#7529,10.);
#2427=VECTOR('',#7530,10.);
#2428=VECTOR('',#7533,10.);
#2429=VECTOR('',#7534,10.);
#2430=VECTOR('',#7535,10.);
#2431=VECTOR('',#7538,10.);
#2432=VECTOR('',#7539,10.);
#2433=VECTOR('',#7542,10.);
#2434=VECTOR('',#7543,10.);
#2435=VECTOR('',#7546,10.);
#2436=VECTOR('',#7551,10.);
#2437=VECTOR('',#7552,10.);
#2438=VECTOR('',#7553,10.);
#2439=VECTOR('',#7556,10.);
#2440=VECTOR('',#7557,10.);
#2441=VECTOR('',#7560,10.);
#2442=VECTOR('',#7561,10.);
#2443=VECTOR('',#7564,10.);
#2444=VECTOR('',#7569,10.);
#2445=VECTOR('',#7570,10.);
#2446=VECTOR('',#7571,10.);
#2447=VECTOR('',#7574,10.);
#2448=VECTOR('',#7575,10.);
#2449=VECTOR('',#7578,10.);
#2450=VECTOR('',#7579,10.);
#2451=VECTOR('',#7582,10.);
#2452=VECTOR('',#7587,10.);
#2453=VECTOR('',#7588,10.);
#2454=VECTOR('',#7589,10.);
#2455=VECTOR('',#7592,10.);
#2456=VECTOR('',#7593,10.);
#2457=VECTOR('',#7596,10.);
#2458=VECTOR('',#7597,10.);
#2459=VECTOR('',#7600,10.);
#2460=VECTOR('',#7601,10.);
#2461=VECTOR('',#7604,10.);
#2462=VECTOR('',#7605,10.);
#2463=VECTOR('',#7608,10.);
#2464=VECTOR('',#7613,10.);
#2465=VECTOR('',#7614,10.);
#2466=VECTOR('',#7615,10.);
#2467=VECTOR('',#7618,10.);
#2468=VECTOR('',#7619,10.);
#2469=VECTOR('',#7622,10.);
#2470=VECTOR('',#7623,10.);
#2471=VECTOR('',#7626,10.);
#2472=VECTOR('',#7627,10.);
#2473=VECTOR('',#7630,10.);
#2474=VECTOR('',#7631,10.);
#2475=VECTOR('',#7634,10.);
#2476=VECTOR('',#7639,10.);
#2477=VECTOR('',#7640,10.);
#2478=VECTOR('',#7641,10.);
#2479=VECTOR('',#7644,10.);
#2480=VECTOR('',#7645,10.);
#2481=VECTOR('',#7648,10.);
#2482=VECTOR('',#7649,10.);
#2483=VECTOR('',#7652,10.);
#2484=VECTOR('',#7653,10.);
#2485=VECTOR('',#7656,10.);
#2486=VECTOR('',#7657,10.);
#2487=VECTOR('',#7660,10.);
#2488=VECTOR('',#7665,10.);
#2489=VECTOR('',#7666,10.);
#2490=VECTOR('',#7667,10.);
#2491=VECTOR('',#7670,10.);
#2492=VECTOR('',#7671,10.);
#2493=VECTOR('',#7674,10.);
#2494=VECTOR('',#7675,10.);
#2495=VECTOR('',#7678,10.);
#2496=VECTOR('',#7679,10.);
#2497=VECTOR('',#7682,10.);
#2498=VECTOR('',#7683,10.);
#2499=VECTOR('',#7686,10.);
#2500=VECTOR('',#7691,10.);
#2501=VECTOR('',#7692,10.);
#2502=VECTOR('',#7693,10.);
#2503=VECTOR('',#7694,10.);
#2504=VECTOR('',#7695,10.);
#2505=VECTOR('',#7696,10.);
#2506=VECTOR('',#7699,10.);
#2507=VECTOR('',#7704,10.);
#2508=VECTOR('',#7707,10.);
#2509=VECTOR('',#7708,10.);
#2510=VECTOR('',#7709,10.);
#2511=VECTOR('',#7712,10.);
#2512=VECTOR('',#7715,10.);
#2513=VECTOR('',#7718,10.);
#2514=VECTOR('',#7721,10.);
#2515=VECTOR('',#7724,10.);
#2516=VECTOR('',#7727,10.);
#2517=VECTOR('',#7732,10.);
#2518=VECTOR('',#7733,10.);
#2519=VECTOR('',#7734,10.);
#2520=VECTOR('',#7737,10.);
#2521=VECTOR('',#7744,10.);
#2522=VECTOR('',#7745,10.);
#2523=VECTOR('',#7746,10.);
#2524=VECTOR('',#7749,10.);
#2525=VECTOR('',#7756,10.);
#2526=VECTOR('',#7757,10.);
#2527=VECTOR('',#7758,10.);
#2528=VECTOR('',#7761,10.);
#2529=VECTOR('',#7768,10.);
#2530=VECTOR('',#7769,10.);
#2531=VECTOR('',#7772,10.);
#2532=VECTOR('',#7773,10.);
#2533=VECTOR('',#7776,10.);
#2534=VECTOR('',#7779,10.);
#2535=VECTOR('',#7782,10.);
#2536=VECTOR('',#7789,10.);
#2537=VECTOR('',#7790,10.);
#2538=VECTOR('',#7791,10.);
#2539=VECTOR('',#7792,10.);
#2540=VECTOR('',#7795,10.);
#2541=VECTOR('',#7796,10.);
#2542=VECTOR('',#7799,10.);
#2543=VECTOR('',#7802,10.);
#2544=VECTOR('',#7807,3.1);
#2545=VECTOR('',#7810,3.1);
#2546=VECTOR('',#7813,10.);
#2547=VECTOR('',#7814,10.);
#2548=VECTOR('',#7817,10.);
#2549=VECTOR('',#7818,10.);
#2550=VECTOR('',#7821,10.);
#2551=VECTOR('',#7824,10.);
#2552=VECTOR('',#7829,10.);
#2553=VECTOR('',#7832,10.);
#2554=VECTOR('',#7837,10.);
#2555=VECTOR('',#7838,10.);
#2556=VECTOR('',#7841,10.);
#2557=VECTOR('',#7848,10.);
#2558=VECTOR('',#7849,10.);
#2559=VECTOR('',#7850,10.);
#2560=VECTOR('',#7851,10.);
#2561=VECTOR('',#7854,10.);
#2562=VECTOR('',#7855,10.);
#2563=VECTOR('',#7856,10.);
#2564=VECTOR('',#7859,10.);
#2565=VECTOR('',#7860,10.);
#2566=VECTOR('',#7861,10.);
#2567=VECTOR('',#7864,10.);
#2568=VECTOR('',#7865,10.);
#2569=VECTOR('',#7872,10.);
#2570=VECTOR('',#7873,10.);
#2571=VECTOR('',#7874,10.);
#2572=VECTOR('',#7875,10.);
#2573=VECTOR('',#7878,10.);
#2574=VECTOR('',#7879,10.);
#2575=VECTOR('',#7880,10.);
#2576=VECTOR('',#7883,10.);
#2577=VECTOR('',#7884,10.);
#2578=VECTOR('',#7885,10.);
#2579=VECTOR('',#7888,10.);
#2580=VECTOR('',#7889,10.);
#2581=VECTOR('',#7896,10.);
#2582=VECTOR('',#7897,10.);
#2583=VECTOR('',#7898,10.);
#2584=VECTOR('',#7899,10.);
#2585=VECTOR('',#7902,10.);
#2586=VECTOR('',#7903,10.);
#2587=VECTOR('',#7904,10.);
#2588=VECTOR('',#7907,10.);
#2589=VECTOR('',#7908,10.);
#2590=VECTOR('',#7909,10.);
#2591=VECTOR('',#7912,10.);
#2592=VECTOR('',#7913,10.);
#2593=VECTOR('',#7920,10.);
#2594=VECTOR('',#7921,10.);
#2595=VECTOR('',#7922,10.);
#2596=VECTOR('',#7923,10.);
#2597=VECTOR('',#7926,10.);
#2598=VECTOR('',#7927,10.);
#2599=VECTOR('',#7928,10.);
#2600=VECTOR('',#7931,10.);
#2601=VECTOR('',#7932,10.);
#2602=VECTOR('',#7933,10.);
#2603=VECTOR('',#7936,10.);
#2604=VECTOR('',#7937,10.);
#2605=VECTOR('',#7944,10.);
#2606=VECTOR('',#7945,10.);
#2607=VECTOR('',#7946,10.);
#2608=VECTOR('',#7947,10.);
#2609=VECTOR('',#7950,10.);
#2610=VECTOR('',#7951,10.);
#2611=VECTOR('',#7952,10.);
#2612=VECTOR('',#7955,10.);
#2613=VECTOR('',#7956,10.);
#2614=VECTOR('',#7957,10.);
#2615=VECTOR('',#7960,10.);
#2616=VECTOR('',#7961,10.);
#2617=VECTOR('',#7968,10.);
#2618=VECTOR('',#7969,10.);
#2619=VECTOR('',#7970,10.);
#2620=VECTOR('',#7971,10.);
#2621=VECTOR('',#7974,10.);
#2622=VECTOR('',#7975,10.);
#2623=VECTOR('',#7976,10.);
#2624=VECTOR('',#7979,10.);
#2625=VECTOR('',#7980,10.);
#2626=VECTOR('',#7981,10.);
#2627=VECTOR('',#7984,10.);
#2628=VECTOR('',#7985,10.);
#2629=VECTOR('',#7992,10.);
#2630=VECTOR('',#7993,10.);
#2631=VECTOR('',#7994,10.);
#2632=VECTOR('',#7995,10.);
#2633=VECTOR('',#7998,10.);
#2634=VECTOR('',#7999,10.);
#2635=VECTOR('',#8000,10.);
#2636=VECTOR('',#8003,10.);
#2637=VECTOR('',#8004,10.);
#2638=VECTOR('',#8005,10.);
#2639=VECTOR('',#8008,10.);
#2640=VECTOR('',#8009,10.);
#2641=VECTOR('',#8016,10.);
#2642=VECTOR('',#8017,10.);
#2643=VECTOR('',#8018,10.);
#2644=VECTOR('',#8019,10.);
#2645=VECTOR('',#8022,10.);
#2646=VECTOR('',#8023,10.);
#2647=VECTOR('',#8024,10.);
#2648=VECTOR('',#8027,10.);
#2649=VECTOR('',#8028,10.);
#2650=VECTOR('',#8029,10.);
#2651=VECTOR('',#8032,10.);
#2652=VECTOR('',#8033,10.);
#2653=VECTOR('',#8042,5.);
#2654=VECTOR('',#8051,10.);
#2655=VECTOR('',#8052,10.);
#2656=VECTOR('',#8053,10.);
#2657=VECTOR('',#8054,10.);
#2658=VECTOR('',#8057,10.);
#2659=VECTOR('',#8058,10.);
#2660=VECTOR('',#8059,10.);
#2661=VECTOR('',#8062,10.);
#2662=VECTOR('',#8063,10.);
#2663=VECTOR('',#8064,10.);
#2664=VECTOR('',#8067,10.);
#2665=VECTOR('',#8068,10.);
#2666=VECTOR('',#8077,1.);
#2667=VECTOR('',#8084,1.);
#2668=VECTOR('',#8089,10.);
#2669=VECTOR('',#8090,10.);
#2670=VECTOR('',#8091,10.);
#2671=VECTOR('',#8092,10.);
#2672=VECTOR('',#8095,10.);
#2673=VECTOR('',#8096,10.);
#2674=VECTOR('',#8097,10.);
#2675=VECTOR('',#8100,10.);
#2676=VECTOR('',#8101,10.);
#2677=VECTOR('',#8102,10.);
#2678=VECTOR('',#8105,10.);
#2679=VECTOR('',#8106,10.);
#2680=VECTOR('',#8115,1.75);
#2681=VECTOR('',#8122,10.);
#2682=VECTOR('',#8123,10.);
#2683=VECTOR('',#8124,10.);
#2684=VECTOR('',#8125,10.);
#2685=VECTOR('',#8128,10.);
#2686=VECTOR('',#8129,10.);
#2687=VECTOR('',#8130,10.);
#2688=VECTOR('',#8133,10.);
#2689=VECTOR('',#8134,10.);
#2690=VECTOR('',#8135,10.);
#2691=VECTOR('',#8138,10.);
#2692=VECTOR('',#8139,10.);
#2693=VECTOR('',#8148,1.75);
#2694=VECTOR('',#8155,10.);
#2695=VECTOR('',#8156,10.);
#2696=VECTOR('',#8157,10.);
#2697=VECTOR('',#8158,10.);
#2698=VECTOR('',#8161,10.);
#2699=VECTOR('',#8162,10.);
#2700=VECTOR('',#8163,10.);
#2701=VECTOR('',#8166,10.);
#2702=VECTOR('',#8167,10.);
#2703=VECTOR('',#8168,10.);
#2704=VECTOR('',#8171,10.);
#2705=VECTOR('',#8172,10.);
#2706=VECTOR('',#8181,1.85);
#2707=VECTOR('',#8190,2.8);
#2708=VECTOR('',#8199,4.);
#2709=VECTOR('',#8210,1.85);
#2710=VECTOR('',#8219,2.8);
#2711=VECTOR('',#8228,4.);
#2712=VECTOR('',#8239,1.5);
#2713=VECTOR('',#8246,2.2);
#2714=VECTOR('',#8257,1.45);
#2715=VECTOR('',#8266,2.85);
#2716=VECTOR('',#8277,1.5);
#2717=VECTOR('',#8284,2.2);
#2718=VECTOR('',#8295,1.45);
#2719=VECTOR('',#8304,2.85);
#2720=VECTOR('',#8315,1.5);
#2721=VECTOR('',#8322,2.2);
#2722=VECTOR('',#8333,1.45);
#2723=VECTOR('',#8342,2.85);
#2724=VECTOR('',#8353,1.5);
#2725=VECTOR('',#8360,2.2);
#2726=VECTOR('',#8371,1.45);
#2727=VECTOR('',#8380,2.85);
#2728=VERTEX_POINT('',#8389);
#2729=VERTEX_POINT('',#8390);
#2730=VERTEX_POINT('',#8392);
#2731=VERTEX_POINT('',#8394);
#2732=VERTEX_POINT('',#8398);
#2733=VERTEX_POINT('',#8399);
#2734=VERTEX_POINT('',#8401);
#2735=VERTEX_POINT('',#8403);
#2736=VERTEX_POINT('',#8407);
#2737=VERTEX_POINT('',#8409);
#2738=VERTEX_POINT('',#8413);
#2739=VERTEX_POINT('',#8414);
#2740=VERTEX_POINT('',#8416);
#2741=VERTEX_POINT('',#8418);
#2742=VERTEX_POINT('',#8420);
#2743=VERTEX_POINT('',#8422);
#2744=VERTEX_POINT('',#8424);
#2745=VERTEX_POINT('',#8426);
#2746=VERTEX_POINT('',#8428);
#2747=VERTEX_POINT('',#8430);
#2748=VERTEX_POINT('',#8432);
#2749=VERTEX_POINT('',#8434);
#2750=VERTEX_POINT('',#8437);
#2751=VERTEX_POINT('',#8438);
#2752=VERTEX_POINT('',#8440);
#2753=VERTEX_POINT('',#8442);
#2754=VERTEX_POINT('',#8446);
#2755=VERTEX_POINT('',#8447);
#2756=VERTEX_POINT('',#8449);
#2757=VERTEX_POINT('',#8451);
#2758=VERTEX_POINT('',#8454);
#2759=VERTEX_POINT('',#8455);
#2760=VERTEX_POINT('',#8457);
#2761=VERTEX_POINT('',#8459);
#2762=VERTEX_POINT('',#8461);
#2763=VERTEX_POINT('',#8464);
#2764=VERTEX_POINT('',#8467);
#2765=VERTEX_POINT('',#8468);
#2766=VERTEX_POINT('',#8470);
#2767=VERTEX_POINT('',#8472);
#2768=VERTEX_POINT('',#8475);
#2769=VERTEX_POINT('',#8476);
#2770=VERTEX_POINT('',#8478);
#2771=VERTEX_POINT('',#8480);
#2772=VERTEX_POINT('',#8483);
#2773=VERTEX_POINT('',#8484);
#2774=VERTEX_POINT('',#8486);
#2775=VERTEX_POINT('',#8488);
#2776=VERTEX_POINT('',#8491);
#2777=VERTEX_POINT('',#8492);
#2778=VERTEX_POINT('',#8494);
#2779=VERTEX_POINT('',#8496);
#2780=VERTEX_POINT('',#8499);
#2781=VERTEX_POINT('',#8500);
#2782=VERTEX_POINT('',#8502);
#2783=VERTEX_POINT('',#8504);
#2784=VERTEX_POINT('',#8507);
#2785=VERTEX_POINT('',#8508);
#2786=VERTEX_POINT('',#8510);
#2787=VERTEX_POINT('',#8512);
#2788=VERTEX_POINT('',#8515);
#2789=VERTEX_POINT('',#8516);
#2790=VERTEX_POINT('',#8518);
#2791=VERTEX_POINT('',#8520);
#2792=VERTEX_POINT('',#8523);
#2793=VERTEX_POINT('',#8524);
#2794=VERTEX_POINT('',#8526);
#2795=VERTEX_POINT('',#8528);
#2796=VERTEX_POINT('',#8531);
#2797=VERTEX_POINT('',#8532);
#2798=VERTEX_POINT('',#8534);
#2799=VERTEX_POINT('',#8536);
#2800=VERTEX_POINT('',#8539);
#2801=VERTEX_POINT('',#8540);
#2802=VERTEX_POINT('',#8542);
#2803=VERTEX_POINT('',#8544);
#2804=VERTEX_POINT('',#8547);
#2805=VERTEX_POINT('',#8548);
#2806=VERTEX_POINT('',#8550);
#2807=VERTEX_POINT('',#8552);
#2808=VERTEX_POINT('',#8554);
#2809=VERTEX_POINT('',#8556);
#2810=VERTEX_POINT('',#8558);
#2811=VERTEX_POINT('',#8560);
#2812=VERTEX_POINT('',#8563);
#2813=VERTEX_POINT('',#8564);
#2814=VERTEX_POINT('',#8566);
#2815=VERTEX_POINT('',#8568);
#2816=VERTEX_POINT('',#8570);
#2817=VERTEX_POINT('',#8572);
#2818=VERTEX_POINT('',#8574);
#2819=VERTEX_POINT('',#8576);
#2820=VERTEX_POINT('',#8579);
#2821=VERTEX_POINT('',#8580);
#2822=VERTEX_POINT('',#8582);
#2823=VERTEX_POINT('',#8584);
#2824=VERTEX_POINT('',#8587);
#2825=VERTEX_POINT('',#8588);
#2826=VERTEX_POINT('',#8591);
#2827=VERTEX_POINT('',#8592);
#2828=VERTEX_POINT('',#8597);
#2829=VERTEX_POINT('',#8600);
#2830=VERTEX_POINT('',#8602);
#2831=VERTEX_POINT('',#8606);
#2832=VERTEX_POINT('',#8609);
#2833=VERTEX_POINT('',#8611);
#2834=VERTEX_POINT('',#8615);
#2835=VERTEX_POINT('',#8618);
#2836=VERTEX_POINT('',#8620);
#2837=VERTEX_POINT('',#8624);
#2838=VERTEX_POINT('',#8627);
#2839=VERTEX_POINT('',#8629);
#2840=VERTEX_POINT('',#8633);
#2841=VERTEX_POINT('',#8636);
#2842=VERTEX_POINT('',#8640);
#2843=VERTEX_POINT('',#8644);
#2844=VERTEX_POINT('',#8651);
#2845=VERTEX_POINT('',#8653);
#2846=VERTEX_POINT('',#8660);
#2847=VERTEX_POINT('',#8667);
#2848=VERTEX_POINT('',#8669);
#2849=VERTEX_POINT('',#8676);
#2850=VERTEX_POINT('',#8679);
#2851=VERTEX_POINT('',#8682);
#2852=VERTEX_POINT('',#8684);
#2853=VERTEX_POINT('',#8688);
#2854=VERTEX_POINT('',#8689);
#2855=VERTEX_POINT('',#8694);
#2856=VERTEX_POINT('',#8695);
#2857=VERTEX_POINT('',#8697);
#2858=VERTEX_POINT('',#8699);
#2859=VERTEX_POINT('',#8703);
#2860=VERTEX_POINT('',#8704);
#2861=VERTEX_POINT('',#8706);
#2862=VERTEX_POINT('',#8708);
#2863=VERTEX_POINT('',#8712);
#2864=VERTEX_POINT('',#8715);
#2865=VERTEX_POINT('',#8717);
#2866=VERTEX_POINT('',#8719);
#2867=VERTEX_POINT('',#8723);
#2868=VERTEX_POINT('',#8727);
#2869=VERTEX_POINT('',#8729);
#2870=VERTEX_POINT('',#8731);
#2871=VERTEX_POINT('',#8734);
#2872=VERTEX_POINT('',#8738);
#2873=VERTEX_POINT('',#8742);
#2874=VERTEX_POINT('',#8745);
#2875=VERTEX_POINT('',#8754);
#2876=VERTEX_POINT('',#8758);
#2877=VERTEX_POINT('',#8761);
#2878=VERTEX_POINT('',#8768);
#2879=VERTEX_POINT('',#8772);
#2880=VERTEX_POINT('',#8776);
#2881=VERTEX_POINT('',#8778);
#2882=VERTEX_POINT('',#8782);
#2883=VERTEX_POINT('',#8786);
#2884=VERTEX_POINT('',#8793);
#2885=VERTEX_POINT('',#8795);
#2886=VERTEX_POINT('',#8799);
#2887=VERTEX_POINT('',#8803);
#2888=VERTEX_POINT('',#8810);
#2889=VERTEX_POINT('',#8812);
#2890=VERTEX_POINT('',#8816);
#2891=VERTEX_POINT('',#8820);
#2892=VERTEX_POINT('',#8827);
#2893=VERTEX_POINT('',#8831);
#2894=VERTEX_POINT('',#8838);
#2895=VERTEX_POINT('',#8842);
#2896=VERTEX_POINT('',#8849);
#2897=VERTEX_POINT('',#8851);
#2898=VERTEX_POINT('',#8855);
#2899=VERTEX_POINT('',#8864);
#2900=VERTEX_POINT('',#8866);
#2901=VERTEX_POINT('',#8872);
#2902=VERTEX_POINT('',#8879);
#2903=VERTEX_POINT('',#8883);
#2904=VERTEX_POINT('',#8887);
#2905=VERTEX_POINT('',#8889);
#2906=VERTEX_POINT('',#8893);
#2907=VERTEX_POINT('',#8897);
#2908=VERTEX_POINT('',#8904);
#2909=VERTEX_POINT('',#8906);
#2910=VERTEX_POINT('',#8910);
#2911=VERTEX_POINT('',#8914);
#2912=VERTEX_POINT('',#8921);
#2913=VERTEX_POINT('',#8923);
#2914=VERTEX_POINT('',#8927);
#2915=VERTEX_POINT('',#8931);
#2916=VERTEX_POINT('',#8937);
#2917=VERTEX_POINT('',#8939);
#2918=VERTEX_POINT('',#8943);
#2919=VERTEX_POINT('',#8947);
#2920=VERTEX_POINT('',#8954);
#2921=VERTEX_POINT('',#8956);
#2922=VERTEX_POINT('',#8960);
#2923=VERTEX_POINT('',#8964);
#2924=VERTEX_POINT('',#8971);
#2925=VERTEX_POINT('',#8973);
#2926=VERTEX_POINT('',#8977);
#2927=VERTEX_POINT('',#8981);
#2928=VERTEX_POINT('',#8988);
#2929=VERTEX_POINT('',#8990);
#2930=VERTEX_POINT('',#8994);
#2931=VERTEX_POINT('',#8998);
#2932=VERTEX_POINT('',#9005);
#2933=VERTEX_POINT('',#9006);
#2934=VERTEX_POINT('',#9008);
#2935=VERTEX_POINT('',#9010);
#2936=VERTEX_POINT('',#9014);
#2937=VERTEX_POINT('',#9016);
#2938=VERTEX_POINT('',#9020);
#2939=VERTEX_POINT('',#9022);
#2940=VERTEX_POINT('',#9026);
#2941=VERTEX_POINT('',#9028);
#2942=VERTEX_POINT('',#9035);
#2943=VERTEX_POINT('',#9039);
#2944=VERTEX_POINT('',#9046);
#2945=VERTEX_POINT('',#9048);
#2946=VERTEX_POINT('',#9052);
#2947=VERTEX_POINT('',#9056);
#2948=VERTEX_POINT('',#9063);
#2949=VERTEX_POINT('',#9065);
#2950=VERTEX_POINT('',#9069);
#2951=VERTEX_POINT('',#9073);
#2952=VERTEX_POINT('',#9080);
#2953=VERTEX_POINT('',#9082);
#2954=VERTEX_POINT('',#9086);
#2955=VERTEX_POINT('',#9090);
#2956=VERTEX_POINT('',#9092);
#2957=VERTEX_POINT('',#9096);
#2958=VERTEX_POINT('',#9100);
#2959=VERTEX_POINT('',#9104);
#2960=VERTEX_POINT('',#9113);
#2961=VERTEX_POINT('',#9115);
#2962=VERTEX_POINT('',#9120);
#2963=VERTEX_POINT('',#9122);
#2964=VERTEX_POINT('',#9127);
#2965=VERTEX_POINT('',#9129);
#2966=VERTEX_POINT('',#9134);
#2967=VERTEX_POINT('',#9136);
#2968=VERTEX_POINT('',#9141);
#2969=VERTEX_POINT('',#9142);
#2970=VERTEX_POINT('',#9144);
#2971=VERTEX_POINT('',#9146);
#2972=VERTEX_POINT('',#9150);
#2973=VERTEX_POINT('',#9154);
#2974=VERTEX_POINT('',#9156);
#2975=VERTEX_POINT('',#9158);
#2976=VERTEX_POINT('',#9162);
#2977=VERTEX_POINT('',#9163);
#2978=VERTEX_POINT('',#9165);
#2979=VERTEX_POINT('',#9167);
#2980=VERTEX_POINT('',#9173);
#2981=VERTEX_POINT('',#9175);
#2982=VERTEX_POINT('',#9177);
#2983=VERTEX_POINT('',#9179);
#2984=VERTEX_POINT('',#9181);
#2985=VERTEX_POINT('',#9183);
#2986=VERTEX_POINT('',#9187);
#2987=VERTEX_POINT('',#9188);
#2988=VERTEX_POINT('',#9195);
#2989=VERTEX_POINT('',#9196);
#2990=VERTEX_POINT('',#9200);
#2991=VERTEX_POINT('',#9202);
#2992=VERTEX_POINT('',#9207);
#2993=VERTEX_POINT('',#9209);
#2994=VERTEX_POINT('',#9211);
#2995=VERTEX_POINT('',#9214);
#2996=VERTEX_POINT('',#9217);
#2997=VERTEX_POINT('',#9218);
#2998=VERTEX_POINT('',#9220);
#2999=VERTEX_POINT('',#9222);
#3000=VERTEX_POINT('',#9225);
#3001=VERTEX_POINT('',#9227);
#3002=VERTEX_POINT('',#9229);
#3003=VERTEX_POINT('',#9230);
#3004=VERTEX_POINT('',#9232);
#3005=VERTEX_POINT('',#9234);
#3006=VERTEX_POINT('',#9237);
#3007=VERTEX_POINT('',#9238);
#3008=VERTEX_POINT('',#9240);
#3009=VERTEX_POINT('',#9242);
#3010=VERTEX_POINT('',#9244);
#3011=VERTEX_POINT('',#9246);
#3012=VERTEX_POINT('',#9249);
#3013=VERTEX_POINT('',#9250);
#3014=VERTEX_POINT('',#9252);
#3015=VERTEX_POINT('',#9254);
#3016=VERTEX_POINT('',#9256);
#3017=VERTEX_POINT('',#9258);
#3018=VERTEX_POINT('',#9261);
#3019=VERTEX_POINT('',#9262);
#3020=VERTEX_POINT('',#9264);
#3021=VERTEX_POINT('',#9266);
#3022=VERTEX_POINT('',#9268);
#3023=VERTEX_POINT('',#9270);
#3024=VERTEX_POINT('',#9273);
#3025=VERTEX_POINT('',#9274);
#3026=VERTEX_POINT('',#9276);
#3027=VERTEX_POINT('',#9278);
#3028=VERTEX_POINT('',#9280);
#3029=VERTEX_POINT('',#9282);
#3030=VERTEX_POINT('',#9285);
#3031=VERTEX_POINT('',#9286);
#3032=VERTEX_POINT('',#9288);
#3033=VERTEX_POINT('',#9290);
#3034=VERTEX_POINT('',#9293);
#3035=VERTEX_POINT('',#9294);
#3036=VERTEX_POINT('',#9296);
#3037=VERTEX_POINT('',#9298);
#3038=VERTEX_POINT('',#9302);
#3039=VERTEX_POINT('',#9303);
#3040=VERTEX_POINT('',#9308);
#3041=VERTEX_POINT('',#9312);
#3042=VERTEX_POINT('',#9319);
#3043=VERTEX_POINT('',#9320);
#3044=VERTEX_POINT('',#9325);
#3045=VERTEX_POINT('',#9329);
#3046=VERTEX_POINT('',#9336);
#3047=VERTEX_POINT('',#9337);
#3048=VERTEX_POINT('',#9342);
#3049=VERTEX_POINT('',#9346);
#3050=VERTEX_POINT('',#9353);
#3051=VERTEX_POINT('',#9354);
#3052=VERTEX_POINT('',#9359);
#3053=VERTEX_POINT('',#9363);
#3054=VERTEX_POINT('',#9367);
#3055=VERTEX_POINT('',#9371);
#3056=VERTEX_POINT('',#9378);
#3057=VERTEX_POINT('',#9379);
#3058=VERTEX_POINT('',#9384);
#3059=VERTEX_POINT('',#9388);
#3060=VERTEX_POINT('',#9392);
#3061=VERTEX_POINT('',#9396);
#3062=VERTEX_POINT('',#9403);
#3063=VERTEX_POINT('',#9404);
#3064=VERTEX_POINT('',#9409);
#3065=VERTEX_POINT('',#9413);
#3066=VERTEX_POINT('',#9417);
#3067=VERTEX_POINT('',#9421);
#3068=VERTEX_POINT('',#9428);
#3069=VERTEX_POINT('',#9429);
#3070=VERTEX_POINT('',#9434);
#3071=VERTEX_POINT('',#9438);
#3072=VERTEX_POINT('',#9442);
#3073=VERTEX_POINT('',#9446);
#3074=VERTEX_POINT('',#9453);
#3075=VERTEX_POINT('',#9454);
#3076=VERTEX_POINT('',#9456);
#3077=VERTEX_POINT('',#9458);
#3078=VERTEX_POINT('',#9461);
#3079=VERTEX_POINT('',#9465);
#3080=VERTEX_POINT('',#9468);
#3081=VERTEX_POINT('',#9470);
#3082=VERTEX_POINT('',#9472);
#3083=VERTEX_POINT('',#9475);
#3084=VERTEX_POINT('',#9477);
#3085=VERTEX_POINT('',#9479);
#3086=VERTEX_POINT('',#9481);
#3087=VERTEX_POINT('',#9483);
#3088=VERTEX_POINT('',#9485);
#3089=VERTEX_POINT('',#9487);
#3090=VERTEX_POINT('',#9489);
#3091=VERTEX_POINT('',#9491);
#3092=VERTEX_POINT('',#9495);
#3093=VERTEX_POINT('',#9496);
#3094=VERTEX_POINT('',#9498);
#3095=VERTEX_POINT('',#9500);
#3096=VERTEX_POINT('',#9504);
#3097=VERTEX_POINT('',#9506);
#3098=VERTEX_POINT('',#9510);
#3099=VERTEX_POINT('',#9511);
#3100=VERTEX_POINT('',#9516);
#3101=VERTEX_POINT('',#9518);
#3102=VERTEX_POINT('',#9522);
#3103=VERTEX_POINT('',#9523);
#3104=VERTEX_POINT('',#9528);
#3105=VERTEX_POINT('',#9530);
#3106=VERTEX_POINT('',#9534);
#3107=VERTEX_POINT('',#9535);
#3108=VERTEX_POINT('',#9552);
#3109=VERTEX_POINT('',#9554);
#3110=VERTEX_POINT('',#9556);
#3111=VERTEX_POINT('',#9557);
#3112=VERTEX_POINT('',#9559);
#3113=VERTEX_POINT('',#9561);
#3114=VERTEX_POINT('',#9577);
#3115=VERTEX_POINT('',#9581);
#3116=VERTEX_POINT('',#9602);
#3117=VERTEX_POINT('',#9603);
#3118=VERTEX_POINT('',#9605);
#3119=VERTEX_POINT('',#9607);
#3120=VERTEX_POINT('',#9611);
#3121=VERTEX_POINT('',#9613);
#3122=VERTEX_POINT('',#9617);
#3123=VERTEX_POINT('',#9619);
#3124=VERTEX_POINT('',#9628);
#3125=VERTEX_POINT('',#9629);
#3126=VERTEX_POINT('',#9631);
#3127=VERTEX_POINT('',#9633);
#3128=VERTEX_POINT('',#9637);
#3129=VERTEX_POINT('',#9639);
#3130=VERTEX_POINT('',#9643);
#3131=VERTEX_POINT('',#9645);
#3132=VERTEX_POINT('',#9654);
#3133=VERTEX_POINT('',#9655);
#3134=VERTEX_POINT('',#9657);
#3135=VERTEX_POINT('',#9659);
#3136=VERTEX_POINT('',#9663);
#3137=VERTEX_POINT('',#9665);
#3138=VERTEX_POINT('',#9669);
#3139=VERTEX_POINT('',#9671);
#3140=VERTEX_POINT('',#9680);
#3141=VERTEX_POINT('',#9681);
#3142=VERTEX_POINT('',#9683);
#3143=VERTEX_POINT('',#9685);
#3144=VERTEX_POINT('',#9689);
#3145=VERTEX_POINT('',#9691);
#3146=VERTEX_POINT('',#9695);
#3147=VERTEX_POINT('',#9697);
#3148=VERTEX_POINT('',#9706);
#3149=VERTEX_POINT('',#9707);
#3150=VERTEX_POINT('',#9709);
#3151=VERTEX_POINT('',#9711);
#3152=VERTEX_POINT('',#9715);
#3153=VERTEX_POINT('',#9717);
#3154=VERTEX_POINT('',#9721);
#3155=VERTEX_POINT('',#9723);
#3156=VERTEX_POINT('',#9732);
#3157=VERTEX_POINT('',#9733);
#3158=VERTEX_POINT('',#9735);
#3159=VERTEX_POINT('',#9737);
#3160=VERTEX_POINT('',#9741);
#3161=VERTEX_POINT('',#9743);
#3162=VERTEX_POINT('',#9747);
#3163=VERTEX_POINT('',#9749);
#3164=VERTEX_POINT('',#9758);
#3165=VERTEX_POINT('',#9759);
#3166=VERTEX_POINT('',#9761);
#3167=VERTEX_POINT('',#9763);
#3168=VERTEX_POINT('',#9767);
#3169=VERTEX_POINT('',#9769);
#3170=VERTEX_POINT('',#9773);
#3171=VERTEX_POINT('',#9775);
#3172=VERTEX_POINT('',#9784);
#3173=VERTEX_POINT('',#9785);
#3174=VERTEX_POINT('',#9787);
#3175=VERTEX_POINT('',#9789);
#3176=VERTEX_POINT('',#9793);
#3177=VERTEX_POINT('',#9795);
#3178=VERTEX_POINT('',#9799);
#3179=VERTEX_POINT('',#9801);
#3180=VERTEX_POINT('',#9810);
#3181=VERTEX_POINT('',#9812);
#3182=VERTEX_POINT('',#9818);
#3183=VERTEX_POINT('',#9819);
#3184=VERTEX_POINT('',#9821);
#3185=VERTEX_POINT('',#9823);
#3186=VERTEX_POINT('',#9827);
#3187=VERTEX_POINT('',#9829);
#3188=VERTEX_POINT('',#9833);
#3189=VERTEX_POINT('',#9835);
#3190=VERTEX_POINT('',#9844);
#3191=VERTEX_POINT('',#9846);
#3192=VERTEX_POINT('',#9850);
#3193=VERTEX_POINT('',#9852);
#3194=VERTEX_POINT('',#9856);
#3195=VERTEX_POINT('',#9857);
#3196=VERTEX_POINT('',#9859);
#3197=VERTEX_POINT('',#9861);
#3198=VERTEX_POINT('',#9865);
#3199=VERTEX_POINT('',#9867);
#3200=VERTEX_POINT('',#9871);
#3201=VERTEX_POINT('',#9873);
#3202=VERTEX_POINT('',#9882);
#3203=VERTEX_POINT('',#9884);
#3204=VERTEX_POINT('',#9889);
#3205=VERTEX_POINT('',#9890);
#3206=VERTEX_POINT('',#9892);
#3207=VERTEX_POINT('',#9894);
#3208=VERTEX_POINT('',#9898);
#3209=VERTEX_POINT('',#9900);
#3210=VERTEX_POINT('',#9904);
#3211=VERTEX_POINT('',#9906);
#3212=VERTEX_POINT('',#9915);
#3213=VERTEX_POINT('',#9917);
#3214=VERTEX_POINT('',#9922);
#3215=VERTEX_POINT('',#9923);
#3216=VERTEX_POINT('',#9925);
#3217=VERTEX_POINT('',#9927);
#3218=VERTEX_POINT('',#9931);
#3219=VERTEX_POINT('',#9933);
#3220=VERTEX_POINT('',#9937);
#3221=VERTEX_POINT('',#9939);
#3222=VERTEX_POINT('',#9948);
#3223=VERTEX_POINT('',#9950);
#3224=VERTEX_POINT('',#9955);
#3225=VERTEX_POINT('',#9957);
#3226=VERTEX_POINT('',#9962);
#3227=VERTEX_POINT('',#9964);
#3228=VERTEX_POINT('',#9970);
#3229=VERTEX_POINT('',#9972);
#3230=VERTEX_POINT('',#9977);
#3231=VERTEX_POINT('',#9979);
#3232=VERTEX_POINT('',#9984);
#3233=VERTEX_POINT('',#9986);
#3234=VERTEX_POINT('',#9992);
#3235=VERTEX_POINT('',#9994);
#3236=VERTEX_POINT('',#9998);
#3237=VERTEX_POINT('',#10000);
#3238=VERTEX_POINT('',#10006);
#3239=VERTEX_POINT('',#10008);
#3240=VERTEX_POINT('',#10013);
#3241=VERTEX_POINT('',#10015);
#3242=VERTEX_POINT('',#10021);
#3243=VERTEX_POINT('',#10023);
#3244=VERTEX_POINT('',#10027);
#3245=VERTEX_POINT('',#10029);
#3246=VERTEX_POINT('',#10035);
#3247=VERTEX_POINT('',#10037);
#3248=VERTEX_POINT('',#10042);
#3249=VERTEX_POINT('',#10044);
#3250=VERTEX_POINT('',#10050);
#3251=VERTEX_POINT('',#10052);
#3252=VERTEX_POINT('',#10056);
#3253=VERTEX_POINT('',#10058);
#3254=VERTEX_POINT('',#10064);
#3255=VERTEX_POINT('',#10066);
#3256=VERTEX_POINT('',#10071);
#3257=VERTEX_POINT('',#10073);
#3258=VERTEX_POINT('',#10079);
#3259=VERTEX_POINT('',#10081);
#3260=VERTEX_POINT('',#10085);
#3261=VERTEX_POINT('',#10087);
#3262=VERTEX_POINT('',#10093);
#3263=VERTEX_POINT('',#10095);
#3264=VERTEX_POINT('',#10100);
#3265=VERTEX_POINT('',#10102);
#3266=EDGE_CURVE('',#2728,#2729,#1394,.T.);
#3267=EDGE_CURVE('',#2728,#2730,#1250,.T.);
#3268=EDGE_CURVE('',#2731,#2730,#1395,.T.);
#3269=EDGE_CURVE('',#2729,#2731,#1251,.T.);
#3270=EDGE_CURVE('',#2732,#2733,#1396,.T.);
#3271=EDGE_CURVE('',#2734,#2732,#1252,.T.);
#3272=EDGE_CURVE('',#2735,#2734,#1397,.T.);
#3273=EDGE_CURVE('',#2735,#2733,#1253,.T.);
#3274=EDGE_CURVE('',#2736,#2730,#1254,.T.);
#3275=EDGE_CURVE('',#2736,#2737,#1398,.T.);
#3276=EDGE_CURVE('',#2731,#2737,#1255,.T.);
#3277=EDGE_CURVE('',#2738,#2739,#1399,.T.);
#3278=EDGE_CURVE('',#2739,#2740,#1400,.T.);
#3279=EDGE_CURVE('',#2740,#2741,#1401,.T.);
#3280=EDGE_CURVE('',#2741,#2742,#1402,.T.);
#3281=EDGE_CURVE('',#2742,#2743,#1403,.T.);
#3282=EDGE_CURVE('',#2744,#2743,#1256,.T.);
#3283=EDGE_CURVE('',#2744,#2745,#1404,.T.);
#3284=EDGE_CURVE('',#2746,#2745,#1257,.T.);
#3285=EDGE_CURVE('',#2746,#2747,#1405,.T.);
#3286=EDGE_CURVE('',#2748,#2747,#1258,.T.);
#3287=EDGE_CURVE('',#2748,#2749,#1406,.T.);
#3288=EDGE_CURVE('',#2738,#2749,#1259,.T.);
#3289=EDGE_CURVE('',#2750,#2751,#1407,.T.);
#3290=EDGE_CURVE('',#2751,#2752,#1408,.T.);
#3291=EDGE_CURVE('',#2752,#2753,#1409,.T.);
#3292=EDGE_CURVE('',#2753,#2750,#1410,.T.);
#3293=EDGE_CURVE('',#2728,#2736,#1411,.T.);
#3294=EDGE_CURVE('',#2754,#2755,#1412,.T.);
#3295=EDGE_CURVE('',#2756,#2755,#1260,.T.);
#3296=EDGE_CURVE('',#2756,#2757,#1413,.T.);
#3297=EDGE_CURVE('',#2757,#2754,#1414,.T.);
#3298=EDGE_CURVE('',#2758,#2759,#1261,.T.);
#3299=EDGE_CURVE('',#2758,#2760,#1415,.T.);
#3300=EDGE_CURVE('',#2760,#2761,#1416,.T.);
#3301=EDGE_CURVE('',#2761,#2762,#1417,.T.);
#3302=EDGE_CURVE('',#2762,#2759,#1418,.T.);
#3303=EDGE_CURVE('',#2735,#2763,#1262,.T.);
#3304=EDGE_CURVE('',#2763,#2733,#1419,.T.);
#3305=EDGE_CURVE('',#2764,#2765,#1420,.T.);
#3306=EDGE_CURVE('',#2765,#2766,#1421,.T.);
#3307=EDGE_CURVE('',#2766,#2767,#1422,.T.);
#3308=EDGE_CURVE('',#2767,#2764,#1423,.T.);
#3309=EDGE_CURVE('',#2768,#2769,#1424,.T.);
#3310=EDGE_CURVE('',#2769,#2770,#1425,.T.);
#3311=EDGE_CURVE('',#2770,#2771,#1426,.T.);
#3312=EDGE_CURVE('',#2771,#2768,#1427,.T.);
#3313=EDGE_CURVE('',#2772,#2773,#1428,.T.);
#3314=EDGE_CURVE('',#2773,#2774,#1429,.T.);
#3315=EDGE_CURVE('',#2774,#2775,#1430,.T.);
#3316=EDGE_CURVE('',#2775,#2772,#1431,.T.);
#3317=EDGE_CURVE('',#2776,#2777,#1432,.T.);
#3318=EDGE_CURVE('',#2777,#2778,#1433,.T.);
#3319=EDGE_CURVE('',#2778,#2779,#1434,.T.);
#3320=EDGE_CURVE('',#2779,#2776,#1435,.T.);
#3321=EDGE_CURVE('',#2780,#2781,#1436,.T.);
#3322=EDGE_CURVE('',#2781,#2782,#1437,.T.);
#3323=EDGE_CURVE('',#2782,#2783,#1438,.T.);
#3324=EDGE_CURVE('',#2783,#2780,#1439,.T.);
#3325=EDGE_CURVE('',#2784,#2785,#1440,.T.);
#3326=EDGE_CURVE('',#2785,#2786,#1441,.T.);
#3327=EDGE_CURVE('',#2786,#2787,#1442,.T.);
#3328=EDGE_CURVE('',#2787,#2784,#1443,.T.);
#3329=EDGE_CURVE('',#2788,#2789,#1444,.T.);
#3330=EDGE_CURVE('',#2789,#2790,#1445,.T.);
#3331=EDGE_CURVE('',#2790,#2791,#1446,.T.);
#3332=EDGE_CURVE('',#2791,#2788,#1447,.T.);
#3333=EDGE_CURVE('',#2792,#2793,#1448,.T.);
#3334=EDGE_CURVE('',#2793,#2794,#1449,.T.);
#3335=EDGE_CURVE('',#2794,#2795,#1450,.T.);
#3336=EDGE_CURVE('',#2795,#2792,#1451,.T.);
#3337=EDGE_CURVE('',#2796,#2797,#1452,.T.);
#3338=EDGE_CURVE('',#2797,#2798,#1453,.T.);
#3339=EDGE_CURVE('',#2798,#2799,#1454,.T.);
#3340=EDGE_CURVE('',#2799,#2796,#1455,.T.);
#3341=EDGE_CURVE('',#2800,#2801,#1456,.T.);
#3342=EDGE_CURVE('',#2801,#2802,#1457,.T.);
#3343=EDGE_CURVE('',#2802,#2803,#1458,.T.);
#3344=EDGE_CURVE('',#2803,#2800,#1459,.T.);
#3345=EDGE_CURVE('',#2804,#2805,#1460,.T.);
#3346=EDGE_CURVE('',#2805,#2806,#1461,.T.);
#3347=EDGE_CURVE('',#2806,#2807,#1462,.T.);
#3348=EDGE_CURVE('',#2807,#2808,#1463,.T.);
#3349=EDGE_CURVE('',#2808,#2809,#1464,.T.);
#3350=EDGE_CURVE('',#2809,#2810,#1465,.T.);
#3351=EDGE_CURVE('',#2810,#2811,#1466,.T.);
#3352=EDGE_CURVE('',#2811,#2804,#1467,.T.);
#3353=EDGE_CURVE('',#2812,#2813,#1468,.T.);
#3354=EDGE_CURVE('',#2813,#2814,#1469,.T.);
#3355=EDGE_CURVE('',#2814,#2815,#1470,.T.);
#3356=EDGE_CURVE('',#2815,#2816,#1471,.T.);
#3357=EDGE_CURVE('',#2816,#2817,#1472,.T.);
#3358=EDGE_CURVE('',#2817,#2818,#1473,.T.);
#3359=EDGE_CURVE('',#2818,#2819,#1474,.T.);
#3360=EDGE_CURVE('',#2819,#2812,#1475,.T.);
#3361=EDGE_CURVE('',#2820,#2821,#1476,.T.);
#3362=EDGE_CURVE('',#2821,#2822,#1477,.T.);
#3363=EDGE_CURVE('',#2822,#2823,#1478,.T.);
#3364=EDGE_CURVE('',#2823,#2820,#1479,.T.);
#3365=EDGE_CURVE('',#2824,#2825,#1480,.T.);
#3366=EDGE_CURVE('',#2825,#2824,#1263,.T.);
#3367=EDGE_CURVE('',#2826,#2827,#1481,.T.);
#3368=EDGE_CURVE('',#2827,#2826,#1264,.T.);
#3369=EDGE_CURVE('',#2737,#2729,#1482,.T.);
#3370=EDGE_CURVE('',#2828,#2828,#1265,.T.);
#3371=EDGE_CURVE('',#2829,#2829,#1266,.T.);
#3372=EDGE_CURVE('',#2829,#2830,#1483,.T.);
#3373=EDGE_CURVE('',#2830,#2830,#1267,.T.);
#3374=EDGE_CURVE('',#2831,#2831,#1268,.T.);
#3375=EDGE_CURVE('',#2832,#2832,#1269,.T.);
#3376=EDGE_CURVE('',#2832,#2833,#1484,.T.);
#3377=EDGE_CURVE('',#2833,#2833,#1270,.T.);
#3378=EDGE_CURVE('',#2834,#2834,#1271,.T.);
#3379=EDGE_CURVE('',#2835,#2835,#1272,.T.);
#3380=EDGE_CURVE('',#2835,#2836,#1485,.T.);
#3381=EDGE_CURVE('',#2836,#2836,#1273,.T.);
#3382=EDGE_CURVE('',#2837,#2837,#1274,.T.);
#3383=EDGE_CURVE('',#2838,#2838,#1275,.T.);
#3384=EDGE_CURVE('',#2838,#2839,#1486,.T.);
#3385=EDGE_CURVE('',#2839,#2839,#1276,.T.);
#3386=EDGE_CURVE('',#2840,#2840,#1277,.T.);
#3387=EDGE_CURVE('',#2831,#2841,#1487,.T.);
#3388=EDGE_CURVE('',#2841,#2841,#1278,.T.);
#3389=EDGE_CURVE('',#2834,#2842,#1488,.T.);
#3390=EDGE_CURVE('',#2842,#2842,#1279,.T.);
#3391=EDGE_CURVE('',#2837,#2843,#1489,.T.);
#3392=EDGE_CURVE('',#2843,#2843,#1280,.T.);
#3393=EDGE_CURVE('',#2840,#2828,#1490,.T.);
#3394=EDGE_CURVE('',#2826,#2844,#1491,.T.);
#3395=EDGE_CURVE('',#2845,#2844,#1492,.T.);
#3396=EDGE_CURVE('',#2827,#2845,#1493,.T.);
#3397=EDGE_CURVE('',#2844,#2845,#1281,.T.);
#3398=EDGE_CURVE('',#2763,#2846,#1494,.T.);
#3399=EDGE_CURVE('',#2732,#2846,#1495,.T.);
#3400=EDGE_CURVE('',#2846,#2734,#1282,.T.);
#3401=EDGE_CURVE('',#2824,#2847,#1496,.T.);
#3402=EDGE_CURVE('',#2848,#2847,#1497,.T.);
#3403=EDGE_CURVE('',#2825,#2848,#1498,.T.);
#3404=EDGE_CURVE('',#2847,#2848,#1283,.T.);
#3405=EDGE_CURVE('',#2849,#2849,#1284,.T.);
#3406=EDGE_CURVE('',#2850,#2850,#1285,.T.);
#3407=EDGE_CURVE('',#2851,#2759,#1499,.T.);
#3408=EDGE_CURVE('',#2852,#2851,#1286,.T.);
#3409=EDGE_CURVE('',#2758,#2852,#1500,.T.);
#3410=EDGE_CURVE('',#2853,#2854,#1287,.T.);
#3411=EDGE_CURVE('',#2756,#2853,#1501,.T.);
#3412=EDGE_CURVE('',#2854,#2755,#1502,.T.);
#3413=EDGE_CURVE('',#2855,#2856,#1288,.T.);
#3414=EDGE_CURVE('',#2857,#2855,#1503,.T.);
#3415=EDGE_CURVE('',#2858,#2857,#1289,.T.);
#3416=EDGE_CURVE('',#2856,#2858,#1504,.T.);
#3417=EDGE_CURVE('',#2859,#2860,#1290,.T.);
#3418=EDGE_CURVE('',#2861,#2859,#1505,.T.);
#3419=EDGE_CURVE('',#2862,#2861,#1291,.T.);
#3420=EDGE_CURVE('',#2860,#2862,#1506,.T.);
#3421=EDGE_CURVE('',#2863,#2861,#1507,.T.);
#3422=EDGE_CURVE('',#2805,#2863,#1508,.T.);
#3423=EDGE_CURVE('',#2864,#2804,#1509,.T.);
#3424=EDGE_CURVE('',#2865,#2864,#1510,.T.);
#3425=EDGE_CURVE('',#2865,#2866,#1511,.T.);
#3426=EDGE_CURVE('',#2862,#2866,#1512,.T.);
#3427=EDGE_CURVE('',#2859,#2867,#1513,.T.);
#3428=EDGE_CURVE('',#2867,#2863,#1514,.T.);
#3429=EDGE_CURVE('',#2868,#2857,#1515,.T.);
#3430=EDGE_CURVE('',#2869,#2868,#1516,.T.);
#3431=EDGE_CURVE('',#2870,#2869,#1517,.T.);
#3432=EDGE_CURVE('',#2815,#2870,#1518,.T.);
#3433=EDGE_CURVE('',#2814,#2871,#1519,.T.);
#3434=EDGE_CURVE('',#2858,#2871,#1520,.T.);
#3435=EDGE_CURVE('',#2855,#2872,#1521,.T.);
#3436=EDGE_CURVE('',#2872,#2868,#1522,.T.);
#3437=EDGE_CURVE('',#2873,#2865,#1523,.T.);
#3438=EDGE_CURVE('',#2808,#2873,#1524,.T.);
#3439=EDGE_CURVE('',#2807,#2874,#1525,.T.);
#3440=EDGE_CURVE('',#2866,#2874,#1526,.T.);
#3441=EDGE_CURVE('',#2806,#2867,#1527,.T.);
#3442=EDGE_CURVE('',#2874,#2860,#1528,.T.);
#3443=EDGE_CURVE('',#2869,#2875,#1529,.T.);
#3444=EDGE_CURVE('',#2875,#2872,#1530,.T.);
#3445=EDGE_CURVE('',#2876,#2856,#1531,.T.);
#3446=EDGE_CURVE('',#2813,#2876,#1532,.T.);
#3447=EDGE_CURVE('',#2877,#2812,#1533,.T.);
#3448=EDGE_CURVE('',#2875,#2877,#1534,.T.);
#3449=EDGE_CURVE('',#2871,#2876,#1535,.T.);
#3450=EDGE_CURVE('',#2878,#2870,#1536,.T.);
#3451=EDGE_CURVE('',#2816,#2878,#1537,.T.);
#3452=EDGE_CURVE('',#2819,#2879,#1538,.T.);
#3453=EDGE_CURVE('',#2877,#2879,#1539,.T.);
#3454=EDGE_CURVE('',#2820,#2880,#1540,.T.);
#3455=EDGE_CURVE('',#2881,#2880,#1541,.T.);
#3456=EDGE_CURVE('',#2821,#2881,#1542,.T.);
#3457=EDGE_CURVE('',#2882,#2881,#1543,.T.);
#3458=EDGE_CURVE('',#2822,#2882,#1544,.T.);
#3459=EDGE_CURVE('',#2883,#2882,#1545,.T.);
#3460=EDGE_CURVE('',#2823,#2883,#1546,.T.);
#3461=EDGE_CURVE('',#2880,#2883,#1547,.T.);
#3462=EDGE_CURVE('',#2764,#2884,#1548,.T.);
#3463=EDGE_CURVE('',#2885,#2884,#1549,.T.);
#3464=EDGE_CURVE('',#2765,#2885,#1550,.T.);
#3465=EDGE_CURVE('',#2886,#2885,#1551,.T.);
#3466=EDGE_CURVE('',#2766,#2886,#1552,.T.);
#3467=EDGE_CURVE('',#2887,#2886,#1553,.T.);
#3468=EDGE_CURVE('',#2767,#2887,#1554,.T.);
#3469=EDGE_CURVE('',#2884,#2887,#1555,.T.);
#3470=EDGE_CURVE('',#2751,#2888,#1556,.T.);
#3471=EDGE_CURVE('',#2889,#2888,#1557,.T.);
#3472=EDGE_CURVE('',#2752,#2889,#1558,.T.);
#3473=EDGE_CURVE('',#2890,#2889,#1559,.T.);
#3474=EDGE_CURVE('',#2753,#2890,#1560,.T.);
#3475=EDGE_CURVE('',#2891,#2890,#1561,.T.);
#3476=EDGE_CURVE('',#2750,#2891,#1562,.T.);
#3477=EDGE_CURVE('',#2888,#2891,#1563,.T.);
#3478=EDGE_CURVE('',#2892,#2853,#1564,.T.);
#3479=EDGE_CURVE('',#2757,#2892,#1565,.T.);
#3480=EDGE_CURVE('',#2893,#2892,#1566,.T.);
#3481=EDGE_CURVE('',#2754,#2893,#1567,.T.);
#3482=EDGE_CURVE('',#2854,#2893,#1568,.T.);
#3483=EDGE_CURVE('',#2818,#2894,#1569,.T.);
#3484=EDGE_CURVE('',#2879,#2894,#1570,.T.);
#3485=EDGE_CURVE('',#2895,#2878,#1571,.T.);
#3486=EDGE_CURVE('',#2817,#2895,#1572,.T.);
#3487=EDGE_CURVE('',#2894,#2895,#1573,.T.);
#3488=EDGE_CURVE('',#2760,#2896,#1574,.T.);
#3489=EDGE_CURVE('',#2897,#2896,#1575,.T.);
#3490=EDGE_CURVE('',#2761,#2897,#1576,.T.);
#3491=EDGE_CURVE('',#2898,#2897,#1577,.T.);
#3492=EDGE_CURVE('',#2762,#2898,#1578,.T.);
#3493=EDGE_CURVE('',#2851,#2898,#1579,.T.);
#3494=EDGE_CURVE('',#2896,#2852,#1580,.T.);
#3495=EDGE_CURVE('',#2810,#2899,#1581,.T.);
#3496=EDGE_CURVE('',#2900,#2899,#1582,.T.);
#3497=EDGE_CURVE('',#2811,#2900,#1583,.T.);
#3498=EDGE_CURVE('',#2864,#2900,#1584,.T.);
#3499=EDGE_CURVE('',#2901,#2873,#1585,.T.);
#3500=EDGE_CURVE('',#2809,#2901,#1586,.T.);
#3501=EDGE_CURVE('',#2899,#2901,#1587,.T.);
#3502=EDGE_CURVE('',#2850,#2902,#1588,.T.);
#3503=EDGE_CURVE('',#2902,#2902,#1292,.T.);
#3504=EDGE_CURVE('',#2849,#2903,#1589,.T.);
#3505=EDGE_CURVE('',#2903,#2903,#1293,.T.);
#3506=EDGE_CURVE('',#2768,#2904,#1590,.T.);
#3507=EDGE_CURVE('',#2905,#2904,#1591,.T.);
#3508=EDGE_CURVE('',#2769,#2905,#1592,.T.);
#3509=EDGE_CURVE('',#2906,#2905,#1593,.T.);
#3510=EDGE_CURVE('',#2770,#2906,#1594,.T.);
#3511=EDGE_CURVE('',#2907,#2906,#1595,.T.);
#3512=EDGE_CURVE('',#2771,#2907,#1596,.T.);
#3513=EDGE_CURVE('',#2904,#2907,#1597,.T.);
#3514=EDGE_CURVE('',#2800,#2908,#1598,.T.);
#3515=EDGE_CURVE('',#2909,#2908,#1599,.T.);
#3516=EDGE_CURVE('',#2801,#2909,#1600,.T.);
#3517=EDGE_CURVE('',#2910,#2909,#1601,.T.);
#3518=EDGE_CURVE('',#2802,#2910,#1602,.T.);
#3519=EDGE_CURVE('',#2911,#2910,#1603,.T.);
#3520=EDGE_CURVE('',#2803,#2911,#1604,.T.);
#3521=EDGE_CURVE('',#2908,#2911,#1605,.T.);
#3522=EDGE_CURVE('',#2739,#2912,#1606,.T.);
#3523=EDGE_CURVE('',#2913,#2912,#1607,.T.);
#3524=EDGE_CURVE('',#2740,#2913,#1608,.T.);
#3525=EDGE_CURVE('',#2914,#2913,#1609,.T.);
#3526=EDGE_CURVE('',#2741,#2914,#1610,.T.);
#3527=EDGE_CURVE('',#2915,#2914,#1611,.T.);
#3528=EDGE_CURVE('',#2742,#2915,#1612,.T.);
#3529=EDGE_CURVE('',#2912,#2915,#1613,.T.);
#3530=EDGE_CURVE('',#2772,#2916,#1614,.T.);
#3531=EDGE_CURVE('',#2917,#2916,#1615,.T.);
#3532=EDGE_CURVE('',#2773,#2917,#1616,.T.);
#3533=EDGE_CURVE('',#2918,#2917,#1617,.T.);
#3534=EDGE_CURVE('',#2774,#2918,#1618,.T.);
#3535=EDGE_CURVE('',#2919,#2918,#1619,.T.);
#3536=EDGE_CURVE('',#2775,#2919,#1620,.T.);
#3537=EDGE_CURVE('',#2916,#2919,#1621,.T.);
#3538=EDGE_CURVE('',#2776,#2920,#1622,.T.);
#3539=EDGE_CURVE('',#2921,#2920,#1623,.T.);
#3540=EDGE_CURVE('',#2777,#2921,#1624,.T.);
#3541=EDGE_CURVE('',#2922,#2921,#1625,.T.);
#3542=EDGE_CURVE('',#2778,#2922,#1626,.T.);
#3543=EDGE_CURVE('',#2923,#2922,#1627,.T.);
#3544=EDGE_CURVE('',#2779,#2923,#1628,.T.);
#3545=EDGE_CURVE('',#2920,#2923,#1629,.T.);
#3546=EDGE_CURVE('',#2780,#2924,#1630,.T.);
#3547=EDGE_CURVE('',#2925,#2924,#1631,.T.);
#3548=EDGE_CURVE('',#2781,#2925,#1632,.T.);
#3549=EDGE_CURVE('',#2926,#2925,#1633,.T.);
#3550=EDGE_CURVE('',#2782,#2926,#1634,.T.);
#3551=EDGE_CURVE('',#2927,#2926,#1635,.T.);
#3552=EDGE_CURVE('',#2783,#2927,#1636,.T.);
#3553=EDGE_CURVE('',#2924,#2927,#1637,.T.);
#3554=EDGE_CURVE('',#2784,#2928,#1638,.T.);
#3555=EDGE_CURVE('',#2929,#2928,#1639,.T.);
#3556=EDGE_CURVE('',#2785,#2929,#1640,.T.);
#3557=EDGE_CURVE('',#2930,#2929,#1641,.T.);
#3558=EDGE_CURVE('',#2786,#2930,#1642,.T.);
#3559=EDGE_CURVE('',#2931,#2930,#1643,.T.);
#3560=EDGE_CURVE('',#2787,#2931,#1644,.T.);
#3561=EDGE_CURVE('',#2928,#2931,#1645,.T.);
#3562=EDGE_CURVE('',#2932,#2933,#1646,.T.);
#3563=EDGE_CURVE('',#2933,#2934,#1647,.T.);
#3564=EDGE_CURVE('',#2935,#2934,#1648,.T.);
#3565=EDGE_CURVE('',#2932,#2935,#1649,.T.);
#3566=EDGE_CURVE('',#2934,#2936,#1650,.T.);
#3567=EDGE_CURVE('',#2937,#2936,#1651,.T.);
#3568=EDGE_CURVE('',#2937,#2935,#1652,.T.);
#3569=EDGE_CURVE('',#2933,#2938,#1653,.T.);
#3570=EDGE_CURVE('',#2939,#2932,#1654,.T.);
#3571=EDGE_CURVE('',#2938,#2939,#1655,.T.);
#3572=EDGE_CURVE('',#2936,#2940,#1656,.T.);
#3573=EDGE_CURVE('',#2941,#2940,#1657,.T.);
#3574=EDGE_CURVE('',#2937,#2941,#1658,.T.);
#3575=EDGE_CURVE('',#2789,#2939,#1659,.T.);
#3576=EDGE_CURVE('',#2788,#2938,#1660,.T.);
#3577=EDGE_CURVE('',#2942,#2941,#1661,.T.);
#3578=EDGE_CURVE('',#2790,#2942,#1662,.T.);
#3579=EDGE_CURVE('',#2943,#2942,#1663,.T.);
#3580=EDGE_CURVE('',#2791,#2943,#1664,.T.);
#3581=EDGE_CURVE('',#2940,#2943,#1665,.T.);
#3582=EDGE_CURVE('',#2792,#2944,#1666,.T.);
#3583=EDGE_CURVE('',#2945,#2944,#1667,.T.);
#3584=EDGE_CURVE('',#2793,#2945,#1668,.T.);
#3585=EDGE_CURVE('',#2946,#2945,#1669,.T.);
#3586=EDGE_CURVE('',#2794,#2946,#1670,.T.);
#3587=EDGE_CURVE('',#2947,#2946,#1671,.T.);
#3588=EDGE_CURVE('',#2795,#2947,#1672,.T.);
#3589=EDGE_CURVE('',#2944,#2947,#1673,.T.);
#3590=EDGE_CURVE('',#2796,#2948,#1674,.T.);
#3591=EDGE_CURVE('',#2949,#2948,#1675,.T.);
#3592=EDGE_CURVE('',#2797,#2949,#1676,.T.);
#3593=EDGE_CURVE('',#2950,#2949,#1677,.T.);
#3594=EDGE_CURVE('',#2798,#2950,#1678,.T.);
#3595=EDGE_CURVE('',#2951,#2950,#1679,.T.);
#3596=EDGE_CURVE('',#2799,#2951,#1680,.T.);
#3597=EDGE_CURVE('',#2948,#2951,#1681,.T.);
#3598=EDGE_CURVE('',#2749,#2952,#1682,.T.);
#3599=EDGE_CURVE('',#2952,#2953,#1294,.T.);
#3600=EDGE_CURVE('',#2953,#2738,#1683,.T.);
#3601=EDGE_CURVE('',#2954,#2748,#1684,.T.);
#3602=EDGE_CURVE('',#2954,#2952,#1685,.T.);
#3603=EDGE_CURVE('',#2743,#2955,#1686,.T.);
#3604=EDGE_CURVE('',#2955,#2956,#1295,.T.);
#3605=EDGE_CURVE('',#2956,#2744,#1687,.T.);
#3606=EDGE_CURVE('',#2956,#2957,#1688,.T.);
#3607=EDGE_CURVE('',#2745,#2957,#1689,.T.);
#3608=EDGE_CURVE('',#2957,#2958,#1296,.T.);
#3609=EDGE_CURVE('',#2958,#2746,#1690,.T.);
#3610=EDGE_CURVE('',#2747,#2959,#1691,.T.);
#3611=EDGE_CURVE('',#2959,#2954,#1297,.T.);
#3612=EDGE_CURVE('',#2958,#2959,#1692,.T.);
#3613=EDGE_CURVE('',#2953,#2955,#1693,.T.);
#3614=EDGE_CURVE('',#2960,#2960,#1298,.T.);
#3615=EDGE_CURVE('',#2960,#2961,#1694,.T.);
#3616=EDGE_CURVE('',#2961,#2961,#1299,.T.);
#3617=EDGE_CURVE('',#2962,#2962,#1300,.T.);
#3618=EDGE_CURVE('',#2962,#2963,#1695,.T.);
#3619=EDGE_CURVE('',#2963,#2963,#1301,.T.);
#3620=EDGE_CURVE('',#2964,#2964,#1302,.T.);
#3621=EDGE_CURVE('',#2964,#2965,#1696,.T.);
#3622=EDGE_CURVE('',#2965,#2965,#1303,.T.);
#3623=EDGE_CURVE('',#2966,#2966,#1304,.T.);
#3624=EDGE_CURVE('',#2966,#2967,#1697,.T.);
#3625=EDGE_CURVE('',#2967,#2967,#1305,.T.);
#3626=EDGE_CURVE('',#2968,#2969,#1698,.T.);
#3627=EDGE_CURVE('',#2970,#2968,#1306,.T.);
#3628=EDGE_CURVE('',#2971,#2970,#1699,.T.);
#3629=EDGE_CURVE('',#2971,#2969,#1307,.T.);
#3630=EDGE_CURVE('',#2969,#2972,#1700,.T.);
#3631=EDGE_CURVE('',#2972,#2971,#1308,.T.);
#3632=EDGE_CURVE('',#2973,#2970,#1309,.T.);
#3633=EDGE_CURVE('',#2974,#2973,#1701,.T.);
#3634=EDGE_CURVE('',#2975,#2974,#1310,.T.);
#3635=EDGE_CURVE('',#2972,#2975,#1702,.T.);
#3636=EDGE_CURVE('',#2976,#2977,#1703,.T.);
#3637=EDGE_CURVE('',#2978,#2976,#1311,.T.);
#3638=EDGE_CURVE('',#2979,#2978,#1704,.T.);
#3639=EDGE_CURVE('',#2979,#2977,#1312,.T.);
#3640=EDGE_CURVE('',#2977,#2979,#1705,.T.);
#3641=EDGE_CURVE('',#2978,#2980,#1706,.T.);
#3642=EDGE_CURVE('',#2980,#2981,#1707,.T.);
#3643=EDGE_CURVE('',#2982,#2981,#1708,.T.);
#3644=EDGE_CURVE('',#2982,#2983,#1709,.T.);
#3645=EDGE_CURVE('',#2983,#2984,#1710,.T.);
#3646=EDGE_CURVE('',#2984,#2985,#1711,.T.);
#3647=EDGE_CURVE('',#2985,#2976,#1712,.T.);
#3648=EDGE_CURVE('',#2986,#2987,#1713,.T.);
#3649=EDGE_CURVE('',#2985,#2986,#1313,.T.);
#3650=EDGE_CURVE('',#2984,#2987,#1314,.T.);
#3651=EDGE_CURVE('',#2987,#2983,#1315,.T.);
#3652=EDGE_CURVE('',#2988,#2989,#1714,.T.);
#3653=EDGE_CURVE('',#2989,#2988,#1316,.T.);
#3654=EDGE_CURVE('',#2989,#2990,#1715,.T.);
#3655=EDGE_CURVE('',#2991,#2988,#1716,.T.);
#3656=EDGE_CURVE('',#2990,#2991,#1317,.T.);
#3657=EDGE_CURVE('',#2990,#2968,#1717,.F.);
#3658=EDGE_CURVE('',#2992,#2991,#1718,.F.);
#3659=EDGE_CURVE('',#2992,#2993,#1318,.F.);
#3660=EDGE_CURVE('',#2994,#2993,#1719,.T.);
#3661=EDGE_CURVE('',#2994,#2980,#1319,.F.);
#3662=EDGE_CURVE('',#2986,#2995,#1320,.F.);
#3663=EDGE_CURVE('',#2973,#2995,#1720,.T.);
#3664=EDGE_CURVE('',#2996,#2997,#1721,.T.);
#3665=EDGE_CURVE('',#2997,#2998,#1722,.T.);
#3666=EDGE_CURVE('',#2998,#2999,#1723,.T.);
#3667=EDGE_CURVE('',#2999,#2996,#1724,.T.);
#3668=EDGE_CURVE('',#3000,#3000,#1321,.T.);
#3669=EDGE_CURVE('',#3001,#3001,#1322,.T.);
#3670=EDGE_CURVE('',#3002,#3003,#1725,.T.);
#3671=EDGE_CURVE('',#3003,#3004,#1726,.T.);
#3672=EDGE_CURVE('',#3004,#3005,#1727,.T.);
#3673=EDGE_CURVE('',#3005,#3002,#1728,.T.);
#3674=EDGE_CURVE('',#3006,#3007,#1729,.T.);
#3675=EDGE_CURVE('',#3007,#3008,#1730,.T.);
#3676=EDGE_CURVE('',#3008,#3009,#1731,.T.);
#3677=EDGE_CURVE('',#3009,#3010,#1732,.T.);
#3678=EDGE_CURVE('',#3010,#3011,#1733,.T.);
#3679=EDGE_CURVE('',#3011,#3006,#1734,.T.);
#3680=EDGE_CURVE('',#3012,#3013,#1735,.T.);
#3681=EDGE_CURVE('',#3013,#3014,#1736,.T.);
#3682=EDGE_CURVE('',#3014,#3015,#1737,.T.);
#3683=EDGE_CURVE('',#3015,#3016,#1738,.T.);
#3684=EDGE_CURVE('',#3016,#3017,#1739,.T.);
#3685=EDGE_CURVE('',#3017,#3012,#1740,.T.);
#3686=EDGE_CURVE('',#3018,#3019,#1741,.T.);
#3687=EDGE_CURVE('',#3019,#3020,#1742,.T.);
#3688=EDGE_CURVE('',#3020,#3021,#1743,.T.);
#3689=EDGE_CURVE('',#3021,#3022,#1744,.T.);
#3690=EDGE_CURVE('',#3022,#3023,#1745,.T.);
#3691=EDGE_CURVE('',#3023,#3018,#1746,.T.);
#3692=EDGE_CURVE('',#3024,#3025,#1747,.T.);
#3693=EDGE_CURVE('',#3025,#3026,#1748,.T.);
#3694=EDGE_CURVE('',#3026,#3027,#1749,.T.);
#3695=EDGE_CURVE('',#3027,#3028,#1750,.T.);
#3696=EDGE_CURVE('',#3028,#3029,#1751,.T.);
#3697=EDGE_CURVE('',#3029,#3024,#1752,.T.);
#3698=EDGE_CURVE('',#3030,#3031,#1753,.T.);
#3699=EDGE_CURVE('',#3031,#3032,#1754,.T.);
#3700=EDGE_CURVE('',#3032,#3033,#1755,.T.);
#3701=EDGE_CURVE('',#3033,#3030,#1756,.T.);
#3702=EDGE_CURVE('',#3034,#3035,#1757,.T.);
#3703=EDGE_CURVE('',#3035,#3036,#1758,.T.);
#3704=EDGE_CURVE('',#3036,#3037,#1759,.T.);
#3705=EDGE_CURVE('',#3037,#3034,#1760,.T.);
#3706=EDGE_CURVE('',#3038,#3039,#1761,.T.);
#3707=EDGE_CURVE('',#3039,#3035,#1762,.T.);
#3708=EDGE_CURVE('',#3038,#3034,#1763,.T.);
#3709=EDGE_CURVE('',#3040,#3038,#1764,.T.);
#3710=EDGE_CURVE('',#3040,#3037,#1765,.T.);
#3711=EDGE_CURVE('',#3041,#3040,#1766,.T.);
#3712=EDGE_CURVE('',#3041,#3036,#1767,.T.);
#3713=EDGE_CURVE('',#3039,#3041,#1768,.T.);
#3714=EDGE_CURVE('',#3042,#3043,#1769,.T.);
#3715=EDGE_CURVE('',#3043,#2997,#1770,.T.);
#3716=EDGE_CURVE('',#3042,#2996,#1771,.T.);
#3717=EDGE_CURVE('',#3044,#3042,#1772,.T.);
#3718=EDGE_CURVE('',#3044,#2999,#1773,.T.);
#3719=EDGE_CURVE('',#3045,#3044,#1774,.T.);
#3720=EDGE_CURVE('',#3045,#2998,#1775,.T.);
#3721=EDGE_CURVE('',#3043,#3045,#1776,.T.);
#3722=EDGE_CURVE('',#3046,#3047,#1777,.T.);
#3723=EDGE_CURVE('',#3047,#3031,#1778,.T.);
#3724=EDGE_CURVE('',#3046,#3030,#1779,.T.);
#3725=EDGE_CURVE('',#3048,#3046,#1780,.T.);
#3726=EDGE_CURVE('',#3048,#3033,#1781,.T.);
#3727=EDGE_CURVE('',#3049,#3048,#1782,.T.);
#3728=EDGE_CURVE('',#3049,#3032,#1783,.T.);
#3729=EDGE_CURVE('',#3047,#3049,#1784,.T.);
#3730=EDGE_CURVE('',#3050,#3051,#1785,.T.);
#3731=EDGE_CURVE('',#3051,#3025,#1786,.T.);
#3732=EDGE_CURVE('',#3050,#3024,#1787,.T.);
#3733=EDGE_CURVE('',#3052,#3050,#1788,.T.);
#3734=EDGE_CURVE('',#3052,#3029,#1789,.T.);
#3735=EDGE_CURVE('',#3053,#3052,#1790,.T.);
#3736=EDGE_CURVE('',#3053,#3028,#1791,.T.);
#3737=EDGE_CURVE('',#3054,#3053,#1792,.T.);
#3738=EDGE_CURVE('',#3054,#3027,#1793,.T.);
#3739=EDGE_CURVE('',#3055,#3054,#1794,.T.);
#3740=EDGE_CURVE('',#3055,#3026,#1795,.T.);
#3741=EDGE_CURVE('',#3051,#3055,#1796,.T.);
#3742=EDGE_CURVE('',#3056,#3057,#1797,.T.);
#3743=EDGE_CURVE('',#3057,#3019,#1798,.T.);
#3744=EDGE_CURVE('',#3056,#3018,#1799,.T.);
#3745=EDGE_CURVE('',#3058,#3056,#1800,.T.);
#3746=EDGE_CURVE('',#3058,#3023,#1801,.T.);
#3747=EDGE_CURVE('',#3059,#3058,#1802,.T.);
#3748=EDGE_CURVE('',#3059,#3022,#1803,.T.);
#3749=EDGE_CURVE('',#3060,#3059,#1804,.T.);
#3750=EDGE_CURVE('',#3060,#3021,#1805,.T.);
#3751=EDGE_CURVE('',#3061,#3060,#1806,.T.);
#3752=EDGE_CURVE('',#3061,#3020,#1807,.T.);
#3753=EDGE_CURVE('',#3057,#3061,#1808,.T.);
#3754=EDGE_CURVE('',#3062,#3063,#1809,.T.);
#3755=EDGE_CURVE('',#3063,#3013,#1810,.T.);
#3756=EDGE_CURVE('',#3062,#3012,#1811,.T.);
#3757=EDGE_CURVE('',#3064,#3062,#1812,.T.);
#3758=EDGE_CURVE('',#3064,#3017,#1813,.T.);
#3759=EDGE_CURVE('',#3065,#3064,#1814,.T.);
#3760=EDGE_CURVE('',#3065,#3016,#1815,.T.);
#3761=EDGE_CURVE('',#3066,#3065,#1816,.T.);
#3762=EDGE_CURVE('',#3066,#3015,#1817,.T.);
#3763=EDGE_CURVE('',#3067,#3066,#1818,.T.);
#3764=EDGE_CURVE('',#3067,#3014,#1819,.T.);
#3765=EDGE_CURVE('',#3063,#3067,#1820,.T.);
#3766=EDGE_CURVE('',#3068,#3069,#1821,.T.);
#3767=EDGE_CURVE('',#3069,#3007,#1822,.T.);
#3768=EDGE_CURVE('',#3068,#3006,#1823,.T.);
#3769=EDGE_CURVE('',#3070,#3068,#1824,.T.);
#3770=EDGE_CURVE('',#3070,#3011,#1825,.T.);
#3771=EDGE_CURVE('',#3071,#3070,#1826,.T.);
#3772=EDGE_CURVE('',#3071,#3010,#1827,.T.);
#3773=EDGE_CURVE('',#3072,#3071,#1828,.T.);
#3774=EDGE_CURVE('',#3072,#3009,#1829,.T.);
#3775=EDGE_CURVE('',#3073,#3072,#1830,.T.);
#3776=EDGE_CURVE('',#3073,#3008,#1831,.T.);
#3777=EDGE_CURVE('',#3069,#3073,#1832,.T.);
#3778=EDGE_CURVE('',#3074,#3075,#1833,.T.);
#3779=EDGE_CURVE('',#3075,#3076,#1834,.T.);
#3780=EDGE_CURVE('',#3076,#3077,#1835,.T.);
#3781=EDGE_CURVE('',#2974,#3077,#1836,.T.);
#3782=EDGE_CURVE('',#2995,#3078,#1837,.T.);
#3783=EDGE_CURVE('',#3074,#3078,#1838,.T.);
#3784=EDGE_CURVE('',#3079,#3074,#1839,.T.);
#3785=EDGE_CURVE('',#3078,#2982,#1323,.T.);
#3786=EDGE_CURVE('',#2981,#3080,#1324,.T.);
#3787=EDGE_CURVE('',#3080,#3081,#1840,.T.);
#3788=EDGE_CURVE('',#3081,#3082,#1325,.T.);
#3789=EDGE_CURVE('',#3082,#2975,#1841,.T.);
#3790=EDGE_CURVE('',#3077,#3083,#1842,.T.);
#3791=EDGE_CURVE('',#3084,#3083,#1843,.T.);
#3792=EDGE_CURVE('',#3085,#3084,#1326,.T.);
#3793=EDGE_CURVE('',#3086,#3085,#1844,.T.);
#3794=EDGE_CURVE('',#3087,#3086,#1327,.T.);
#3795=EDGE_CURVE('',#3088,#3087,#1845,.T.);
#3796=EDGE_CURVE('',#3089,#3088,#1328,.T.);
#3797=EDGE_CURVE('',#3090,#3089,#1846,.T.);
#3798=EDGE_CURVE('',#3091,#3090,#1329,.T.);
#3799=EDGE_CURVE('',#3079,#3091,#1847,.T.);
#3800=EDGE_CURVE('',#3092,#3093,#1848,.T.);
#3801=EDGE_CURVE('',#3093,#3094,#1330,.T.);
#3802=EDGE_CURVE('',#3094,#3095,#1849,.T.);
#3803=EDGE_CURVE('',#3095,#3092,#1331,.T.);
#3804=EDGE_CURVE('',#3092,#3096,#1850,.T.);
#3805=EDGE_CURVE('',#3096,#3097,#1851,.T.);
#3806=EDGE_CURVE('',#3097,#3093,#1852,.T.);
#3807=EDGE_CURVE('',#3098,#3099,#1853,.T.);
#3808=EDGE_CURVE('',#3099,#3097,#1332,.T.);
#3809=EDGE_CURVE('',#3096,#3098,#1333,.T.);
#3810=EDGE_CURVE('',#3098,#3100,#1854,.T.);
#3811=EDGE_CURVE('',#3100,#3101,#1855,.T.);
#3812=EDGE_CURVE('',#3101,#3099,#1856,.T.);
#3813=EDGE_CURVE('',#3102,#3103,#1857,.T.);
#3814=EDGE_CURVE('',#3103,#3101,#1334,.T.);
#3815=EDGE_CURVE('',#3100,#3102,#1335,.T.);
#3816=EDGE_CURVE('',#3102,#3104,#1858,.T.);
#3817=EDGE_CURVE('',#3104,#3105,#1859,.T.);
#3818=EDGE_CURVE('',#3105,#3103,#1860,.T.);
#3819=EDGE_CURVE('',#3106,#3107,#1861,.T.);
#3820=EDGE_CURVE('',#3107,#3105,#1336,.T.);
#3821=EDGE_CURVE('',#3104,#3106,#1337,.T.);
#3822=EDGE_CURVE('',#3106,#3095,#1862,.T.);
#3823=EDGE_CURVE('',#3094,#3107,#1863,.T.);
#3824=EDGE_CURVE('',#3088,#3105,#1864,.T.);
#3825=EDGE_CURVE('',#3103,#3087,#1865,.T.);
#3826=EDGE_CURVE('',#3107,#3089,#1866,.T.);
#3827=EDGE_CURVE('',#3090,#3094,#1867,.T.);
#3828=EDGE_CURVE('',#3093,#3091,#1868,.T.);
#3829=EDGE_CURVE('',#3108,#3108,#1338,.T.);
#3830=EDGE_CURVE('',#3109,#3109,#1339,.T.);
#3831=EDGE_CURVE('',#3110,#3111,#1869,.T.);
#3832=EDGE_CURVE('',#3111,#3112,#1870,.T.);
#3833=EDGE_CURVE('',#3112,#3113,#1871,.T.);
#3834=EDGE_CURVE('',#3113,#3110,#1872,.T.);
#3835=EDGE_CURVE('',#3113,#3004,#1873,.T.);
#3836=EDGE_CURVE('',#3112,#3005,#1874,.T.);
#3837=EDGE_CURVE('',#3111,#3002,#1875,.T.);
#3838=EDGE_CURVE('',#3110,#3003,#1876,.T.);
#3839=EDGE_CURVE('',#3109,#3001,#1877,.T.);
#3840=EDGE_CURVE('',#3108,#3000,#1878,.T.);
#3841=EDGE_CURVE('',#3114,#3079,#1879,.T.);
#3842=EDGE_CURVE('',#3075,#3114,#1880,.T.);
#3843=EDGE_CURVE('',#3083,#3115,#1881,.T.);
#3844=EDGE_CURVE('',#3076,#3115,#1882,.T.);
#3845=EDGE_CURVE('',#3115,#3114,#1883,.T.);
#3846=EDGE_CURVE('',#3082,#2992,#1884,.T.);
#3847=EDGE_CURVE('',#3080,#2994,#1885,.T.);
#3848=EDGE_CURVE('',#2993,#3081,#1886,.T.);
#3849=EDGE_CURVE('',#3099,#3085,#1887,.T.);
#3850=EDGE_CURVE('',#3084,#3097,#1888,.T.);
#3851=EDGE_CURVE('',#3086,#3101,#1889,.T.);
#3852=EDGE_CURVE('',#3116,#3117,#1890,.T.);
#3853=EDGE_CURVE('',#3117,#3118,#1891,.T.);
#3854=EDGE_CURVE('',#3119,#3118,#1892,.T.);
#3855=EDGE_CURVE('',#3116,#3119,#1893,.T.);
#3856=EDGE_CURVE('',#3120,#3116,#1894,.T.);
#3857=EDGE_CURVE('',#3121,#3119,#1895,.T.);
#3858=EDGE_CURVE('',#3120,#3121,#1896,.T.);
#3859=EDGE_CURVE('',#3122,#3120,#1897,.T.);
#3860=EDGE_CURVE('',#3123,#3121,#1898,.T.);
#3861=EDGE_CURVE('',#3122,#3123,#1899,.T.);
#3862=EDGE_CURVE('',#3117,#3122,#1900,.T.);
#3863=EDGE_CURVE('',#3118,#3123,#1901,.T.);
#3864=EDGE_CURVE('',#3124,#3125,#1902,.T.);
#3865=EDGE_CURVE('',#3125,#3126,#1903,.T.);
#3866=EDGE_CURVE('',#3127,#3126,#1904,.T.);
#3867=EDGE_CURVE('',#3124,#3127,#1905,.T.);
#3868=EDGE_CURVE('',#3128,#3124,#1906,.T.);
#3869=EDGE_CURVE('',#3129,#3127,#1907,.T.);
#3870=EDGE_CURVE('',#3128,#3129,#1908,.T.);
#3871=EDGE_CURVE('',#3130,#3128,#1909,.T.);
#3872=EDGE_CURVE('',#3131,#3129,#1910,.T.);
#3873=EDGE_CURVE('',#3130,#3131,#1911,.T.);
#3874=EDGE_CURVE('',#3125,#3130,#1912,.T.);
#3875=EDGE_CURVE('',#3126,#3131,#1913,.T.);
#3876=EDGE_CURVE('',#3132,#3133,#1914,.T.);
#3877=EDGE_CURVE('',#3133,#3134,#1915,.T.);
#3878=EDGE_CURVE('',#3135,#3134,#1916,.T.);
#3879=EDGE_CURVE('',#3132,#3135,#1917,.T.);
#3880=EDGE_CURVE('',#3136,#3132,#1918,.T.);
#3881=EDGE_CURVE('',#3137,#3135,#1919,.T.);
#3882=EDGE_CURVE('',#3136,#3137,#1920,.T.);
#3883=EDGE_CURVE('',#3138,#3136,#1921,.T.);
#3884=EDGE_CURVE('',#3139,#3137,#1922,.T.);
#3885=EDGE_CURVE('',#3138,#3139,#1923,.T.);
#3886=EDGE_CURVE('',#3133,#3138,#1924,.T.);
#3887=EDGE_CURVE('',#3134,#3139,#1925,.T.);
#3888=EDGE_CURVE('',#3140,#3141,#1926,.T.);
#3889=EDGE_CURVE('',#3141,#3142,#1927,.T.);
#3890=EDGE_CURVE('',#3143,#3142,#1928,.T.);
#3891=EDGE_CURVE('',#3140,#3143,#1929,.T.);
#3892=EDGE_CURVE('',#3144,#3140,#1930,.T.);
#3893=EDGE_CURVE('',#3145,#3143,#1931,.T.);
#3894=EDGE_CURVE('',#3144,#3145,#1932,.T.);
#3895=EDGE_CURVE('',#3146,#3144,#1933,.T.);
#3896=EDGE_CURVE('',#3147,#3145,#1934,.T.);
#3897=EDGE_CURVE('',#3146,#3147,#1935,.T.);
#3898=EDGE_CURVE('',#3141,#3146,#1936,.T.);
#3899=EDGE_CURVE('',#3142,#3147,#1937,.T.);
#3900=EDGE_CURVE('',#3148,#3149,#1938,.T.);
#3901=EDGE_CURVE('',#3149,#3150,#1939,.T.);
#3902=EDGE_CURVE('',#3151,#3150,#1940,.T.);
#3903=EDGE_CURVE('',#3148,#3151,#1941,.T.);
#3904=EDGE_CURVE('',#3152,#3148,#1942,.T.);
#3905=EDGE_CURVE('',#3153,#3151,#1943,.T.);
#3906=EDGE_CURVE('',#3152,#3153,#1944,.T.);
#3907=EDGE_CURVE('',#3154,#3152,#1945,.T.);
#3908=EDGE_CURVE('',#3155,#3153,#1946,.T.);
#3909=EDGE_CURVE('',#3154,#3155,#1947,.T.);
#3910=EDGE_CURVE('',#3149,#3154,#1948,.T.);
#3911=EDGE_CURVE('',#3150,#3155,#1949,.T.);
#3912=EDGE_CURVE('',#3156,#3157,#1950,.T.);
#3913=EDGE_CURVE('',#3157,#3158,#1951,.T.);
#3914=EDGE_CURVE('',#3159,#3158,#1952,.T.);
#3915=EDGE_CURVE('',#3156,#3159,#1953,.T.);
#3916=EDGE_CURVE('',#3160,#3156,#1954,.T.);
#3917=EDGE_CURVE('',#3161,#3159,#1955,.T.);
#3918=EDGE_CURVE('',#3160,#3161,#1956,.T.);
#3919=EDGE_CURVE('',#3162,#3160,#1957,.T.);
#3920=EDGE_CURVE('',#3163,#3161,#1958,.T.);
#3921=EDGE_CURVE('',#3162,#3163,#1959,.T.);
#3922=EDGE_CURVE('',#3157,#3162,#1960,.T.);
#3923=EDGE_CURVE('',#3158,#3163,#1961,.T.);
#3924=EDGE_CURVE('',#3164,#3165,#1962,.T.);
#3925=EDGE_CURVE('',#3165,#3166,#1963,.T.);
#3926=EDGE_CURVE('',#3167,#3166,#1964,.T.);
#3927=EDGE_CURVE('',#3164,#3167,#1965,.T.);
#3928=EDGE_CURVE('',#3168,#3164,#1966,.T.);
#3929=EDGE_CURVE('',#3169,#3167,#1967,.T.);
#3930=EDGE_CURVE('',#3168,#3169,#1968,.T.);
#3931=EDGE_CURVE('',#3170,#3168,#1969,.T.);
#3932=EDGE_CURVE('',#3171,#3169,#1970,.T.);
#3933=EDGE_CURVE('',#3170,#3171,#1971,.T.);
#3934=EDGE_CURVE('',#3165,#3170,#1972,.T.);
#3935=EDGE_CURVE('',#3166,#3171,#1973,.T.);
#3936=EDGE_CURVE('',#3172,#3173,#1974,.T.);
#3937=EDGE_CURVE('',#3173,#3174,#1975,.T.);
#3938=EDGE_CURVE('',#3175,#3174,#1976,.T.);
#3939=EDGE_CURVE('',#3172,#3175,#1977,.T.);
#3940=EDGE_CURVE('',#3176,#3172,#1978,.T.);
#3941=EDGE_CURVE('',#3177,#3175,#1979,.T.);
#3942=EDGE_CURVE('',#3176,#3177,#1980,.T.);
#3943=EDGE_CURVE('',#3178,#3176,#1981,.T.);
#3944=EDGE_CURVE('',#3179,#3177,#1982,.T.);
#3945=EDGE_CURVE('',#3178,#3179,#1983,.T.);
#3946=EDGE_CURVE('',#3173,#3178,#1984,.T.);
#3947=EDGE_CURVE('',#3174,#3179,#1985,.T.);
#3948=EDGE_CURVE('',#3180,#3180,#1340,.T.);
#3949=EDGE_CURVE('',#3180,#3181,#1986,.T.);
#3950=EDGE_CURVE('',#3181,#3181,#1341,.T.);
#3951=EDGE_CURVE('',#3182,#3183,#1987,.T.);
#3952=EDGE_CURVE('',#3183,#3184,#1988,.T.);
#3953=EDGE_CURVE('',#3185,#3184,#1989,.T.);
#3954=EDGE_CURVE('',#3182,#3185,#1990,.T.);
#3955=EDGE_CURVE('',#3186,#3182,#1991,.T.);
#3956=EDGE_CURVE('',#3187,#3185,#1992,.T.);
#3957=EDGE_CURVE('',#3186,#3187,#1993,.T.);
#3958=EDGE_CURVE('',#3188,#3186,#1994,.T.);
#3959=EDGE_CURVE('',#3189,#3187,#1995,.T.);
#3960=EDGE_CURVE('',#3188,#3189,#1996,.T.);
#3961=EDGE_CURVE('',#3183,#3188,#1997,.T.);
#3962=EDGE_CURVE('',#3184,#3189,#1998,.T.);
#3963=EDGE_CURVE('',#3190,#3190,#1342,.T.);
#3964=EDGE_CURVE('',#3190,#3191,#1999,.T.);
#3965=EDGE_CURVE('',#3191,#3191,#1343,.T.);
#3966=EDGE_CURVE('',#3192,#3192,#1344,.T.);
#3967=EDGE_CURVE('',#3192,#3193,#2000,.T.);
#3968=EDGE_CURVE('',#3193,#3193,#1345,.T.);
#3969=EDGE_CURVE('',#3194,#3195,#2001,.T.);
#3970=EDGE_CURVE('',#3195,#3196,#2002,.T.);
#3971=EDGE_CURVE('',#3197,#3196,#2003,.T.);
#3972=EDGE_CURVE('',#3194,#3197,#2004,.T.);
#3973=EDGE_CURVE('',#3198,#3194,#2005,.T.);
#3974=EDGE_CURVE('',#3199,#3197,#2006,.T.);
#3975=EDGE_CURVE('',#3198,#3199,#2007,.T.);
#3976=EDGE_CURVE('',#3200,#3198,#2008,.T.);
#3977=EDGE_CURVE('',#3201,#3199,#2009,.T.);
#3978=EDGE_CURVE('',#3200,#3201,#2010,.T.);
#3979=EDGE_CURVE('',#3195,#3200,#2011,.T.);
#3980=EDGE_CURVE('',#3196,#3201,#2012,.T.);
#3981=EDGE_CURVE('',#3202,#3202,#1346,.T.);
#3982=EDGE_CURVE('',#3202,#3203,#2013,.T.);
#3983=EDGE_CURVE('',#3203,#3203,#1347,.T.);
#3984=EDGE_CURVE('',#3204,#3205,#2014,.T.);
#3985=EDGE_CURVE('',#3205,#3206,#2015,.T.);
#3986=EDGE_CURVE('',#3207,#3206,#2016,.T.);
#3987=EDGE_CURVE('',#3204,#3207,#2017,.T.);
#3988=EDGE_CURVE('',#3208,#3204,#2018,.T.);
#3989=EDGE_CURVE('',#3209,#3207,#2019,.T.);
#3990=EDGE_CURVE('',#3208,#3209,#2020,.T.);
#3991=EDGE_CURVE('',#3210,#3208,#2021,.T.);
#3992=EDGE_CURVE('',#3211,#3209,#2022,.T.);
#3993=EDGE_CURVE('',#3210,#3211,#2023,.T.);
#3994=EDGE_CURVE('',#3205,#3210,#2024,.T.);
#3995=EDGE_CURVE('',#3206,#3211,#2025,.T.);
#3996=EDGE_CURVE('',#3212,#3212,#1348,.T.);
#3997=EDGE_CURVE('',#3212,#3213,#2026,.T.);
#3998=EDGE_CURVE('',#3213,#3213,#1349,.T.);
#3999=EDGE_CURVE('',#3214,#3215,#2027,.T.);
#4000=EDGE_CURVE('',#3215,#3216,#2028,.T.);
#4001=EDGE_CURVE('',#3217,#3216,#2029,.T.);
#4002=EDGE_CURVE('',#3214,#3217,#2030,.T.);
#4003=EDGE_CURVE('',#3218,#3214,#2031,.T.);
#4004=EDGE_CURVE('',#3219,#3217,#2032,.T.);
#4005=EDGE_CURVE('',#3218,#3219,#2033,.T.);
#4006=EDGE_CURVE('',#3220,#3218,#2034,.T.);
#4007=EDGE_CURVE('',#3221,#3219,#2035,.T.);
#4008=EDGE_CURVE('',#3220,#3221,#2036,.T.);
#4009=EDGE_CURVE('',#3215,#3220,#2037,.T.);
#4010=EDGE_CURVE('',#3216,#3221,#2038,.T.);
#4011=EDGE_CURVE('',#3222,#3222,#1350,.T.);
#4012=EDGE_CURVE('',#3222,#3223,#2039,.T.);
#4013=EDGE_CURVE('',#3223,#3223,#1351,.T.);
#4014=EDGE_CURVE('',#3224,#3224,#1352,.T.);
#4015=EDGE_CURVE('',#3224,#3225,#2040,.T.);
#4016=EDGE_CURVE('',#3225,#3225,#1353,.T.);
#4017=EDGE_CURVE('',#3226,#3226,#1354,.T.);
#4018=EDGE_CURVE('',#3226,#3227,#2041,.T.);
#4019=EDGE_CURVE('',#3227,#3227,#1355,.T.);
#4020=EDGE_CURVE('',#3228,#3228,#1356,.T.);
#4021=EDGE_CURVE('',#3228,#3229,#2042,.T.);
#4022=EDGE_CURVE('',#3229,#3229,#1357,.T.);
#4023=EDGE_CURVE('',#3230,#3230,#1358,.T.);
#4024=EDGE_CURVE('',#3230,#3231,#2043,.T.);
#4025=EDGE_CURVE('',#3231,#3231,#1359,.T.);
#4026=EDGE_CURVE('',#3232,#3232,#1360,.T.);
#4027=EDGE_CURVE('',#3232,#3233,#2044,.T.);
#4028=EDGE_CURVE('',#3233,#3233,#1361,.T.);
#4029=EDGE_CURVE('',#3234,#3234,#1362,.T.);
#4030=EDGE_CURVE('',#3234,#3235,#2045,.T.);
#4031=EDGE_CURVE('',#3235,#3235,#1363,.T.);
#4032=EDGE_CURVE('',#3236,#3236,#1364,.T.);
#4033=EDGE_CURVE('',#3236,#3237,#2046,.T.);
#4034=EDGE_CURVE('',#3237,#3237,#1365,.T.);
#4035=EDGE_CURVE('',#3238,#3238,#1366,.T.);
#4036=EDGE_CURVE('',#3238,#3239,#2047,.T.);
#4037=EDGE_CURVE('',#3239,#3239,#1367,.T.);
#4038=EDGE_CURVE('',#3240,#3240,#1368,.T.);
#4039=EDGE_CURVE('',#3240,#3241,#2048,.T.);
#4040=EDGE_CURVE('',#3241,#3241,#1369,.T.);
#4041=EDGE_CURVE('',#3242,#3242,#1370,.T.);
#4042=EDGE_CURVE('',#3242,#3243,#2049,.T.);
#4043=EDGE_CURVE('',#3243,#3243,#1371,.T.);
#4044=EDGE_CURVE('',#3244,#3244,#1372,.T.);
#4045=EDGE_CURVE('',#3244,#3245,#2050,.T.);
#4046=EDGE_CURVE('',#3245,#3245,#1373,.T.);
#4047=EDGE_CURVE('',#3246,#3246,#1374,.T.);
#4048=EDGE_CURVE('',#3246,#3247,#2051,.T.);
#4049=EDGE_CURVE('',#3247,#3247,#1375,.T.);
#4050=EDGE_CURVE('',#3248,#3248,#1376,.T.);
#4051=EDGE_CURVE('',#3248,#3249,#2052,.T.);
#4052=EDGE_CURVE('',#3249,#3249,#1377,.T.);
#4053=EDGE_CURVE('',#3250,#3250,#1378,.T.);
#4054=EDGE_CURVE('',#3250,#3251,#2053,.T.);
#4055=EDGE_CURVE('',#3251,#3251,#1379,.T.);
#4056=EDGE_CURVE('',#3252,#3252,#1380,.T.);
#4057=EDGE_CURVE('',#3252,#3253,#2054,.T.);
#4058=EDGE_CURVE('',#3253,#3253,#1381,.T.);
#4059=EDGE_CURVE('',#3254,#3254,#1382,.T.);
#4060=EDGE_CURVE('',#3254,#3255,#2055,.T.);
#4061=EDGE_CURVE('',#3255,#3255,#1383,.T.);
#4062=EDGE_CURVE('',#3256,#3256,#1384,.T.);
#4063=EDGE_CURVE('',#3256,#3257,#2056,.T.);
#4064=EDGE_CURVE('',#3257,#3257,#1385,.T.);
#4065=EDGE_CURVE('',#3258,#3258,#1386,.T.);
#4066=EDGE_CURVE('',#3258,#3259,#2057,.T.);
#4067=EDGE_CURVE('',#3259,#3259,#1387,.T.);
#4068=EDGE_CURVE('',#3260,#3260,#1388,.T.);
#4069=EDGE_CURVE('',#3260,#3261,#2058,.T.);
#4070=EDGE_CURVE('',#3261,#3261,#1389,.T.);
#4071=EDGE_CURVE('',#3262,#3262,#1390,.T.);
#4072=EDGE_CURVE('',#3262,#3263,#2059,.T.);
#4073=EDGE_CURVE('',#3263,#3263,#1391,.T.);
#4074=EDGE_CURVE('',#3264,#3264,#1392,.T.);
#4075=EDGE_CURVE('',#3264,#3265,#2060,.T.);
#4076=EDGE_CURVE('',#3265,#3265,#1393,.T.);
#4077=ORIENTED_EDGE('',*,*,#3266,.F.);
#4078=ORIENTED_EDGE('',*,*,#3267,.T.);
#4079=ORIENTED_EDGE('',*,*,#3268,.F.);
#4080=ORIENTED_EDGE('',*,*,#3269,.F.);
#4081=ORIENTED_EDGE('',*,*,#3270,.F.);
#4082=ORIENTED_EDGE('',*,*,#3271,.F.);
#4083=ORIENTED_EDGE('',*,*,#3272,.F.);
#4084=ORIENTED_EDGE('',*,*,#3273,.T.);
#4085=ORIENTED_EDGE('',*,*,#3268,.T.);
#4086=ORIENTED_EDGE('',*,*,#3274,.F.);
#4087=ORIENTED_EDGE('',*,*,#3275,.T.);
#4088=ORIENTED_EDGE('',*,*,#3276,.F.);
#4089=ORIENTED_EDGE('',*,*,#3277,.T.);
#4090=ORIENTED_EDGE('',*,*,#3278,.T.);
#4091=ORIENTED_EDGE('',*,*,#3279,.T.);
#4092=ORIENTED_EDGE('',*,*,#3280,.T.);
#4093=ORIENTED_EDGE('',*,*,#3281,.T.);
#4094=ORIENTED_EDGE('',*,*,#3282,.F.);
#4095=ORIENTED_EDGE('',*,*,#3283,.T.);
#4096=ORIENTED_EDGE('',*,*,#3284,.F.);
#4097=ORIENTED_EDGE('',*,*,#3285,.T.);
#4098=ORIENTED_EDGE('',*,*,#3286,.F.);
#4099=ORIENTED_EDGE('',*,*,#3287,.T.);
#4100=ORIENTED_EDGE('',*,*,#3288,.F.);
#4101=ORIENTED_EDGE('',*,*,#3289,.T.);
#4102=ORIENTED_EDGE('',*,*,#3290,.T.);
#4103=ORIENTED_EDGE('',*,*,#3291,.T.);
#4104=ORIENTED_EDGE('',*,*,#3292,.T.);
#4105=ORIENTED_EDGE('',*,*,#3293,.T.);
#4106=ORIENTED_EDGE('',*,*,#3274,.T.);
#4107=ORIENTED_EDGE('',*,*,#3267,.F.);
#4108=ORIENTED_EDGE('',*,*,#3294,.T.);
#4109=ORIENTED_EDGE('',*,*,#3295,.F.);
#4110=ORIENTED_EDGE('',*,*,#3296,.T.);
#4111=ORIENTED_EDGE('',*,*,#3297,.T.);
#4112=ORIENTED_EDGE('',*,*,#3298,.F.);
#4113=ORIENTED_EDGE('',*,*,#3299,.T.);
#4114=ORIENTED_EDGE('',*,*,#3300,.T.);
#4115=ORIENTED_EDGE('',*,*,#3301,.T.);
#4116=ORIENTED_EDGE('',*,*,#3302,.T.);
#4117=ORIENTED_EDGE('',*,*,#3273,.F.);
#4118=ORIENTED_EDGE('',*,*,#3303,.T.);
#4119=ORIENTED_EDGE('',*,*,#3304,.T.);
#4120=ORIENTED_EDGE('',*,*,#3305,.T.);
#4121=ORIENTED_EDGE('',*,*,#3306,.T.);
#4122=ORIENTED_EDGE('',*,*,#3307,.T.);
#4123=ORIENTED_EDGE('',*,*,#3308,.T.);
#4124=ORIENTED_EDGE('',*,*,#3309,.T.);
#4125=ORIENTED_EDGE('',*,*,#3310,.T.);
#4126=ORIENTED_EDGE('',*,*,#3311,.T.);
#4127=ORIENTED_EDGE('',*,*,#3312,.T.);
#4128=ORIENTED_EDGE('',*,*,#3313,.T.);
#4129=ORIENTED_EDGE('',*,*,#3314,.T.);
#4130=ORIENTED_EDGE('',*,*,#3315,.T.);
#4131=ORIENTED_EDGE('',*,*,#3316,.T.);
#4132=ORIENTED_EDGE('',*,*,#3317,.T.);
#4133=ORIENTED_EDGE('',*,*,#3318,.T.);
#4134=ORIENTED_EDGE('',*,*,#3319,.T.);
#4135=ORIENTED_EDGE('',*,*,#3320,.T.);
#4136=ORIENTED_EDGE('',*,*,#3321,.T.);
#4137=ORIENTED_EDGE('',*,*,#3322,.T.);
#4138=ORIENTED_EDGE('',*,*,#3323,.T.);
#4139=ORIENTED_EDGE('',*,*,#3324,.T.);
#4140=ORIENTED_EDGE('',*,*,#3325,.T.);
#4141=ORIENTED_EDGE('',*,*,#3326,.T.);
#4142=ORIENTED_EDGE('',*,*,#3327,.T.);
#4143=ORIENTED_EDGE('',*,*,#3328,.T.);
#4144=ORIENTED_EDGE('',*,*,#3329,.T.);
#4145=ORIENTED_EDGE('',*,*,#3330,.T.);
#4146=ORIENTED_EDGE('',*,*,#3331,.T.);
#4147=ORIENTED_EDGE('',*,*,#3332,.T.);
#4148=ORIENTED_EDGE('',*,*,#3333,.T.);
#4149=ORIENTED_EDGE('',*,*,#3334,.T.);
#4150=ORIENTED_EDGE('',*,*,#3335,.T.);
#4151=ORIENTED_EDGE('',*,*,#3336,.T.);
#4152=ORIENTED_EDGE('',*,*,#3337,.T.);
#4153=ORIENTED_EDGE('',*,*,#3338,.T.);
#4154=ORIENTED_EDGE('',*,*,#3339,.T.);
#4155=ORIENTED_EDGE('',*,*,#3340,.T.);
#4156=ORIENTED_EDGE('',*,*,#3341,.T.);
#4157=ORIENTED_EDGE('',*,*,#3342,.T.);
#4158=ORIENTED_EDGE('',*,*,#3343,.T.);
#4159=ORIENTED_EDGE('',*,*,#3344,.T.);
#4160=ORIENTED_EDGE('',*,*,#3345,.T.);
#4161=ORIENTED_EDGE('',*,*,#3346,.T.);
#4162=ORIENTED_EDGE('',*,*,#3347,.T.);
#4163=ORIENTED_EDGE('',*,*,#3348,.T.);
#4164=ORIENTED_EDGE('',*,*,#3349,.T.);
#4165=ORIENTED_EDGE('',*,*,#3350,.T.);
#4166=ORIENTED_EDGE('',*,*,#3351,.T.);
#4167=ORIENTED_EDGE('',*,*,#3352,.T.);
#4168=ORIENTED_EDGE('',*,*,#3353,.T.);
#4169=ORIENTED_EDGE('',*,*,#3354,.T.);
#4170=ORIENTED_EDGE('',*,*,#3355,.T.);
#4171=ORIENTED_EDGE('',*,*,#3356,.T.);
#4172=ORIENTED_EDGE('',*,*,#3357,.T.);
#4173=ORIENTED_EDGE('',*,*,#3358,.T.);
#4174=ORIENTED_EDGE('',*,*,#3359,.T.);
#4175=ORIENTED_EDGE('',*,*,#3360,.T.);
#4176=ORIENTED_EDGE('',*,*,#3361,.T.);
#4177=ORIENTED_EDGE('',*,*,#3362,.T.);
#4178=ORIENTED_EDGE('',*,*,#3363,.T.);
#4179=ORIENTED_EDGE('',*,*,#3364,.T.);
#4180=ORIENTED_EDGE('',*,*,#3365,.T.);
#4181=ORIENTED_EDGE('',*,*,#3366,.T.);
#4182=ORIENTED_EDGE('',*,*,#3367,.T.);
#4183=ORIENTED_EDGE('',*,*,#3368,.T.);
#4184=ORIENTED_EDGE('',*,*,#3269,.T.);
#4185=ORIENTED_EDGE('',*,*,#3276,.T.);
#4186=ORIENTED_EDGE('',*,*,#3369,.T.);
#4187=ORIENTED_EDGE('',*,*,#3370,.T.);
#4188=ORIENTED_EDGE('',*,*,#3371,.F.);
#4189=ORIENTED_EDGE('',*,*,#3372,.T.);
#4190=ORIENTED_EDGE('',*,*,#3373,.T.);
#4191=ORIENTED_EDGE('',*,*,#3372,.F.);
#4192=ORIENTED_EDGE('',*,*,#3373,.F.);
#4193=ORIENTED_EDGE('',*,*,#3374,.F.);
#4194=ORIENTED_EDGE('',*,*,#3375,.F.);
#4195=ORIENTED_EDGE('',*,*,#3376,.T.);
#4196=ORIENTED_EDGE('',*,*,#3377,.T.);
#4197=ORIENTED_EDGE('',*,*,#3376,.F.);
#4198=ORIENTED_EDGE('',*,*,#3377,.F.);
#4199=ORIENTED_EDGE('',*,*,#3378,.F.);
#4200=ORIENTED_EDGE('',*,*,#3379,.F.);
#4201=ORIENTED_EDGE('',*,*,#3380,.T.);
#4202=ORIENTED_EDGE('',*,*,#3381,.T.);
#4203=ORIENTED_EDGE('',*,*,#3380,.F.);
#4204=ORIENTED_EDGE('',*,*,#3381,.F.);
#4205=ORIENTED_EDGE('',*,*,#3382,.F.);
#4206=ORIENTED_EDGE('',*,*,#3383,.F.);
#4207=ORIENTED_EDGE('',*,*,#3384,.T.);
#4208=ORIENTED_EDGE('',*,*,#3385,.T.);
#4209=ORIENTED_EDGE('',*,*,#3384,.F.);
#4210=ORIENTED_EDGE('',*,*,#3385,.F.);
#4211=ORIENTED_EDGE('',*,*,#3386,.F.);
#4212=ORIENTED_EDGE('',*,*,#3374,.T.);
#4213=ORIENTED_EDGE('',*,*,#3387,.T.);
#4214=ORIENTED_EDGE('',*,*,#3388,.F.);
#4215=ORIENTED_EDGE('',*,*,#3387,.F.);
#4216=ORIENTED_EDGE('',*,*,#3378,.T.);
#4217=ORIENTED_EDGE('',*,*,#3389,.T.);
#4218=ORIENTED_EDGE('',*,*,#3390,.F.);
#4219=ORIENTED_EDGE('',*,*,#3389,.F.);
#4220=ORIENTED_EDGE('',*,*,#3382,.T.);
#4221=ORIENTED_EDGE('',*,*,#3391,.T.);
#4222=ORIENTED_EDGE('',*,*,#3392,.F.);
#4223=ORIENTED_EDGE('',*,*,#3391,.F.);
#4224=ORIENTED_EDGE('',*,*,#3386,.T.);
#4225=ORIENTED_EDGE('',*,*,#3393,.T.);
#4226=ORIENTED_EDGE('',*,*,#3370,.F.);
#4227=ORIENTED_EDGE('',*,*,#3393,.F.);
#4228=ORIENTED_EDGE('',*,*,#3266,.T.);
#4229=ORIENTED_EDGE('',*,*,#3369,.F.);
#4230=ORIENTED_EDGE('',*,*,#3275,.F.);
#4231=ORIENTED_EDGE('',*,*,#3293,.F.);
#4232=ORIENTED_EDGE('',*,*,#3367,.F.);
#4233=ORIENTED_EDGE('',*,*,#3394,.T.);
#4234=ORIENTED_EDGE('',*,*,#3395,.F.);
#4235=ORIENTED_EDGE('',*,*,#3396,.F.);
#4236=ORIENTED_EDGE('',*,*,#3368,.F.);
#4237=ORIENTED_EDGE('',*,*,#3396,.T.);
#4238=ORIENTED_EDGE('',*,*,#3397,.F.);
#4239=ORIENTED_EDGE('',*,*,#3394,.F.);
#4240=ORIENTED_EDGE('',*,*,#3397,.T.);
#4241=ORIENTED_EDGE('',*,*,#3395,.T.);
#4242=ORIENTED_EDGE('',*,*,#3388,.T.);
#4243=ORIENTED_EDGE('',*,*,#3270,.T.);
#4244=ORIENTED_EDGE('',*,*,#3304,.F.);
#4245=ORIENTED_EDGE('',*,*,#3398,.T.);
#4246=ORIENTED_EDGE('',*,*,#3399,.F.);
#4247=ORIENTED_EDGE('',*,*,#3272,.T.);
#4248=ORIENTED_EDGE('',*,*,#3400,.F.);
#4249=ORIENTED_EDGE('',*,*,#3398,.F.);
#4250=ORIENTED_EDGE('',*,*,#3303,.F.);
#4251=ORIENTED_EDGE('',*,*,#3271,.T.);
#4252=ORIENTED_EDGE('',*,*,#3399,.T.);
#4253=ORIENTED_EDGE('',*,*,#3400,.T.);
#4254=ORIENTED_EDGE('',*,*,#3390,.T.);
#4255=ORIENTED_EDGE('',*,*,#3365,.F.);
#4256=ORIENTED_EDGE('',*,*,#3401,.T.);
#4257=ORIENTED_EDGE('',*,*,#3402,.F.);
#4258=ORIENTED_EDGE('',*,*,#3403,.F.);
#4259=ORIENTED_EDGE('',*,*,#3366,.F.);
#4260=ORIENTED_EDGE('',*,*,#3403,.T.);
#4261=ORIENTED_EDGE('',*,*,#3404,.F.);
#4262=ORIENTED_EDGE('',*,*,#3401,.F.);
#4263=ORIENTED_EDGE('',*,*,#3404,.T.);
#4264=ORIENTED_EDGE('',*,*,#3402,.T.);
#4265=ORIENTED_EDGE('',*,*,#3392,.T.);
#4266=ORIENTED_EDGE('',*,*,#3405,.F.);
#4267=ORIENTED_EDGE('',*,*,#3406,.F.);
#4268=ORIENTED_EDGE('',*,*,#3407,.F.);
#4269=ORIENTED_EDGE('',*,*,#3408,.F.);
#4270=ORIENTED_EDGE('',*,*,#3409,.F.);
#4271=ORIENTED_EDGE('',*,*,#3298,.T.);
#4272=ORIENTED_EDGE('',*,*,#3410,.F.);
#4273=ORIENTED_EDGE('',*,*,#3411,.F.);
#4274=ORIENTED_EDGE('',*,*,#3295,.T.);
#4275=ORIENTED_EDGE('',*,*,#3412,.F.);
#4276=ORIENTED_EDGE('',*,*,#3413,.F.);
#4277=ORIENTED_EDGE('',*,*,#3414,.F.);
#4278=ORIENTED_EDGE('',*,*,#3415,.F.);
#4279=ORIENTED_EDGE('',*,*,#3416,.F.);
#4280=ORIENTED_EDGE('',*,*,#3417,.F.);
#4281=ORIENTED_EDGE('',*,*,#3418,.F.);
#4282=ORIENTED_EDGE('',*,*,#3419,.F.);
#4283=ORIENTED_EDGE('',*,*,#3420,.F.);
#4284=ORIENTED_EDGE('',*,*,#3419,.T.);
#4285=ORIENTED_EDGE('',*,*,#3421,.F.);
#4286=ORIENTED_EDGE('',*,*,#3422,.F.);
#4287=ORIENTED_EDGE('',*,*,#3345,.F.);
#4288=ORIENTED_EDGE('',*,*,#3423,.F.);
#4289=ORIENTED_EDGE('',*,*,#3424,.F.);
#4290=ORIENTED_EDGE('',*,*,#3425,.T.);
#4291=ORIENTED_EDGE('',*,*,#3426,.F.);
#4292=ORIENTED_EDGE('',*,*,#3418,.T.);
#4293=ORIENTED_EDGE('',*,*,#3427,.T.);
#4294=ORIENTED_EDGE('',*,*,#3428,.T.);
#4295=ORIENTED_EDGE('',*,*,#3421,.T.);
#4296=ORIENTED_EDGE('',*,*,#3415,.T.);
#4297=ORIENTED_EDGE('',*,*,#3429,.F.);
#4298=ORIENTED_EDGE('',*,*,#3430,.F.);
#4299=ORIENTED_EDGE('',*,*,#3431,.F.);
#4300=ORIENTED_EDGE('',*,*,#3432,.F.);
#4301=ORIENTED_EDGE('',*,*,#3355,.F.);
#4302=ORIENTED_EDGE('',*,*,#3433,.T.);
#4303=ORIENTED_EDGE('',*,*,#3434,.F.);
#4304=ORIENTED_EDGE('',*,*,#3414,.T.);
#4305=ORIENTED_EDGE('',*,*,#3435,.T.);
#4306=ORIENTED_EDGE('',*,*,#3436,.T.);
#4307=ORIENTED_EDGE('',*,*,#3429,.T.);
#4308=ORIENTED_EDGE('',*,*,#3437,.F.);
#4309=ORIENTED_EDGE('',*,*,#3438,.F.);
#4310=ORIENTED_EDGE('',*,*,#3348,.F.);
#4311=ORIENTED_EDGE('',*,*,#3439,.T.);
#4312=ORIENTED_EDGE('',*,*,#3440,.F.);
#4313=ORIENTED_EDGE('',*,*,#3425,.F.);
#4314=ORIENTED_EDGE('',*,*,#3346,.F.);
#4315=ORIENTED_EDGE('',*,*,#3422,.T.);
#4316=ORIENTED_EDGE('',*,*,#3428,.F.);
#4317=ORIENTED_EDGE('',*,*,#3441,.F.);
#4318=ORIENTED_EDGE('',*,*,#3417,.T.);
#4319=ORIENTED_EDGE('',*,*,#3442,.F.);
#4320=ORIENTED_EDGE('',*,*,#3439,.F.);
#4321=ORIENTED_EDGE('',*,*,#3347,.F.);
#4322=ORIENTED_EDGE('',*,*,#3441,.T.);
#4323=ORIENTED_EDGE('',*,*,#3427,.F.);
#4324=ORIENTED_EDGE('',*,*,#3420,.T.);
#4325=ORIENTED_EDGE('',*,*,#3426,.T.);
#4326=ORIENTED_EDGE('',*,*,#3440,.T.);
#4327=ORIENTED_EDGE('',*,*,#3442,.T.);
#4328=ORIENTED_EDGE('',*,*,#3443,.F.);
#4329=ORIENTED_EDGE('',*,*,#3430,.T.);
#4330=ORIENTED_EDGE('',*,*,#3436,.F.);
#4331=ORIENTED_EDGE('',*,*,#3444,.F.);
#4332=ORIENTED_EDGE('',*,*,#3413,.T.);
#4333=ORIENTED_EDGE('',*,*,#3445,.F.);
#4334=ORIENTED_EDGE('',*,*,#3446,.F.);
#4335=ORIENTED_EDGE('',*,*,#3353,.F.);
#4336=ORIENTED_EDGE('',*,*,#3447,.F.);
#4337=ORIENTED_EDGE('',*,*,#3448,.F.);
#4338=ORIENTED_EDGE('',*,*,#3444,.T.);
#4339=ORIENTED_EDGE('',*,*,#3435,.F.);
#4340=ORIENTED_EDGE('',*,*,#3354,.F.);
#4341=ORIENTED_EDGE('',*,*,#3446,.T.);
#4342=ORIENTED_EDGE('',*,*,#3449,.F.);
#4343=ORIENTED_EDGE('',*,*,#3433,.F.);
#4344=ORIENTED_EDGE('',*,*,#3416,.T.);
#4345=ORIENTED_EDGE('',*,*,#3434,.T.);
#4346=ORIENTED_EDGE('',*,*,#3449,.T.);
#4347=ORIENTED_EDGE('',*,*,#3445,.T.);
#4348=ORIENTED_EDGE('',*,*,#3432,.T.);
#4349=ORIENTED_EDGE('',*,*,#3450,.F.);
#4350=ORIENTED_EDGE('',*,*,#3451,.F.);
#4351=ORIENTED_EDGE('',*,*,#3356,.F.);
#4352=ORIENTED_EDGE('',*,*,#3447,.T.);
#4353=ORIENTED_EDGE('',*,*,#3360,.F.);
#4354=ORIENTED_EDGE('',*,*,#3452,.T.);
#4355=ORIENTED_EDGE('',*,*,#3453,.F.);
#4356=ORIENTED_EDGE('',*,*,#3361,.F.);
#4357=ORIENTED_EDGE('',*,*,#3454,.T.);
#4358=ORIENTED_EDGE('',*,*,#3455,.F.);
#4359=ORIENTED_EDGE('',*,*,#3456,.F.);
#4360=ORIENTED_EDGE('',*,*,#3362,.F.);
#4361=ORIENTED_EDGE('',*,*,#3456,.T.);
#4362=ORIENTED_EDGE('',*,*,#3457,.F.);
#4363=ORIENTED_EDGE('',*,*,#3458,.F.);
#4364=ORIENTED_EDGE('',*,*,#3363,.F.);
#4365=ORIENTED_EDGE('',*,*,#3458,.T.);
#4366=ORIENTED_EDGE('',*,*,#3459,.F.);
#4367=ORIENTED_EDGE('',*,*,#3460,.F.);
#4368=ORIENTED_EDGE('',*,*,#3364,.F.);
#4369=ORIENTED_EDGE('',*,*,#3460,.T.);
#4370=ORIENTED_EDGE('',*,*,#3461,.F.);
#4371=ORIENTED_EDGE('',*,*,#3454,.F.);
#4372=ORIENTED_EDGE('',*,*,#3461,.T.);
#4373=ORIENTED_EDGE('',*,*,#3459,.T.);
#4374=ORIENTED_EDGE('',*,*,#3457,.T.);
#4375=ORIENTED_EDGE('',*,*,#3455,.T.);
#4376=ORIENTED_EDGE('',*,*,#3305,.F.);
#4377=ORIENTED_EDGE('',*,*,#3462,.T.);
#4378=ORIENTED_EDGE('',*,*,#3463,.F.);
#4379=ORIENTED_EDGE('',*,*,#3464,.F.);
#4380=ORIENTED_EDGE('',*,*,#3306,.F.);
#4381=ORIENTED_EDGE('',*,*,#3464,.T.);
#4382=ORIENTED_EDGE('',*,*,#3465,.F.);
#4383=ORIENTED_EDGE('',*,*,#3466,.F.);
#4384=ORIENTED_EDGE('',*,*,#3307,.F.);
#4385=ORIENTED_EDGE('',*,*,#3466,.T.);
#4386=ORIENTED_EDGE('',*,*,#3467,.F.);
#4387=ORIENTED_EDGE('',*,*,#3468,.F.);
#4388=ORIENTED_EDGE('',*,*,#3308,.F.);
#4389=ORIENTED_EDGE('',*,*,#3468,.T.);
#4390=ORIENTED_EDGE('',*,*,#3469,.F.);
#4391=ORIENTED_EDGE('',*,*,#3462,.F.);
#4392=ORIENTED_EDGE('',*,*,#3469,.T.);
#4393=ORIENTED_EDGE('',*,*,#3467,.T.);
#4394=ORIENTED_EDGE('',*,*,#3465,.T.);
#4395=ORIENTED_EDGE('',*,*,#3463,.T.);
#4396=ORIENTED_EDGE('',*,*,#3290,.F.);
#4397=ORIENTED_EDGE('',*,*,#3470,.T.);
#4398=ORIENTED_EDGE('',*,*,#3471,.F.);
#4399=ORIENTED_EDGE('',*,*,#3472,.F.);
#4400=ORIENTED_EDGE('',*,*,#3291,.F.);
#4401=ORIENTED_EDGE('',*,*,#3472,.T.);
#4402=ORIENTED_EDGE('',*,*,#3473,.F.);
#4403=ORIENTED_EDGE('',*,*,#3474,.F.);
#4404=ORIENTED_EDGE('',*,*,#3292,.F.);
#4405=ORIENTED_EDGE('',*,*,#3474,.T.);
#4406=ORIENTED_EDGE('',*,*,#3475,.F.);
#4407=ORIENTED_EDGE('',*,*,#3476,.F.);
#4408=ORIENTED_EDGE('',*,*,#3289,.F.);
#4409=ORIENTED_EDGE('',*,*,#3476,.T.);
#4410=ORIENTED_EDGE('',*,*,#3477,.F.);
#4411=ORIENTED_EDGE('',*,*,#3470,.F.);
#4412=ORIENTED_EDGE('',*,*,#3477,.T.);
#4413=ORIENTED_EDGE('',*,*,#3475,.T.);
#4414=ORIENTED_EDGE('',*,*,#3473,.T.);
#4415=ORIENTED_EDGE('',*,*,#3471,.T.);
#4416=ORIENTED_EDGE('',*,*,#3411,.T.);
#4417=ORIENTED_EDGE('',*,*,#3478,.F.);
#4418=ORIENTED_EDGE('',*,*,#3479,.F.);
#4419=ORIENTED_EDGE('',*,*,#3296,.F.);
#4420=ORIENTED_EDGE('',*,*,#3297,.F.);
#4421=ORIENTED_EDGE('',*,*,#3479,.T.);
#4422=ORIENTED_EDGE('',*,*,#3480,.F.);
#4423=ORIENTED_EDGE('',*,*,#3481,.F.);
#4424=ORIENTED_EDGE('',*,*,#3412,.T.);
#4425=ORIENTED_EDGE('',*,*,#3294,.F.);
#4426=ORIENTED_EDGE('',*,*,#3481,.T.);
#4427=ORIENTED_EDGE('',*,*,#3482,.F.);
#4428=ORIENTED_EDGE('',*,*,#3410,.T.);
#4429=ORIENTED_EDGE('',*,*,#3482,.T.);
#4430=ORIENTED_EDGE('',*,*,#3480,.T.);
#4431=ORIENTED_EDGE('',*,*,#3478,.T.);
#4432=ORIENTED_EDGE('',*,*,#3359,.F.);
#4433=ORIENTED_EDGE('',*,*,#3483,.T.);
#4434=ORIENTED_EDGE('',*,*,#3484,.F.);
#4435=ORIENTED_EDGE('',*,*,#3452,.F.);
#4436=ORIENTED_EDGE('',*,*,#3357,.F.);
#4437=ORIENTED_EDGE('',*,*,#3451,.T.);
#4438=ORIENTED_EDGE('',*,*,#3485,.F.);
#4439=ORIENTED_EDGE('',*,*,#3486,.F.);
#4440=ORIENTED_EDGE('',*,*,#3358,.F.);
#4441=ORIENTED_EDGE('',*,*,#3486,.T.);
#4442=ORIENTED_EDGE('',*,*,#3487,.F.);
#4443=ORIENTED_EDGE('',*,*,#3483,.F.);
#4444=ORIENTED_EDGE('',*,*,#3448,.T.);
#4445=ORIENTED_EDGE('',*,*,#3453,.T.);
#4446=ORIENTED_EDGE('',*,*,#3484,.T.);
#4447=ORIENTED_EDGE('',*,*,#3487,.T.);
#4448=ORIENTED_EDGE('',*,*,#3485,.T.);
#4449=ORIENTED_EDGE('',*,*,#3450,.T.);
#4450=ORIENTED_EDGE('',*,*,#3431,.T.);
#4451=ORIENTED_EDGE('',*,*,#3443,.T.);
#4452=ORIENTED_EDGE('',*,*,#3300,.F.);
#4453=ORIENTED_EDGE('',*,*,#3488,.T.);
#4454=ORIENTED_EDGE('',*,*,#3489,.F.);
#4455=ORIENTED_EDGE('',*,*,#3490,.F.);
#4456=ORIENTED_EDGE('',*,*,#3301,.F.);
#4457=ORIENTED_EDGE('',*,*,#3490,.T.);
#4458=ORIENTED_EDGE('',*,*,#3491,.F.);
#4459=ORIENTED_EDGE('',*,*,#3492,.F.);
#4460=ORIENTED_EDGE('',*,*,#3407,.T.);
#4461=ORIENTED_EDGE('',*,*,#3302,.F.);
#4462=ORIENTED_EDGE('',*,*,#3492,.T.);
#4463=ORIENTED_EDGE('',*,*,#3493,.F.);
#4464=ORIENTED_EDGE('',*,*,#3409,.T.);
#4465=ORIENTED_EDGE('',*,*,#3494,.F.);
#4466=ORIENTED_EDGE('',*,*,#3488,.F.);
#4467=ORIENTED_EDGE('',*,*,#3299,.F.);
#4468=ORIENTED_EDGE('',*,*,#3408,.T.);
#4469=ORIENTED_EDGE('',*,*,#3493,.T.);
#4470=ORIENTED_EDGE('',*,*,#3491,.T.);
#4471=ORIENTED_EDGE('',*,*,#3489,.T.);
#4472=ORIENTED_EDGE('',*,*,#3494,.T.);
#4473=ORIENTED_EDGE('',*,*,#3351,.F.);
#4474=ORIENTED_EDGE('',*,*,#3495,.T.);
#4475=ORIENTED_EDGE('',*,*,#3496,.F.);
#4476=ORIENTED_EDGE('',*,*,#3497,.F.);
#4477=ORIENTED_EDGE('',*,*,#3423,.T.);
#4478=ORIENTED_EDGE('',*,*,#3352,.F.);
#4479=ORIENTED_EDGE('',*,*,#3497,.T.);
#4480=ORIENTED_EDGE('',*,*,#3498,.F.);
#4481=ORIENTED_EDGE('',*,*,#3438,.T.);
#4482=ORIENTED_EDGE('',*,*,#3499,.F.);
#4483=ORIENTED_EDGE('',*,*,#3500,.F.);
#4484=ORIENTED_EDGE('',*,*,#3349,.F.);
#4485=ORIENTED_EDGE('',*,*,#3350,.F.);
#4486=ORIENTED_EDGE('',*,*,#3500,.T.);
#4487=ORIENTED_EDGE('',*,*,#3501,.F.);
#4488=ORIENTED_EDGE('',*,*,#3495,.F.);
#4489=ORIENTED_EDGE('',*,*,#3424,.T.);
#4490=ORIENTED_EDGE('',*,*,#3498,.T.);
#4491=ORIENTED_EDGE('',*,*,#3496,.T.);
#4492=ORIENTED_EDGE('',*,*,#3501,.T.);
#4493=ORIENTED_EDGE('',*,*,#3499,.T.);
#4494=ORIENTED_EDGE('',*,*,#3437,.T.);
#4495=ORIENTED_EDGE('',*,*,#3406,.T.);
#4496=ORIENTED_EDGE('',*,*,#3502,.T.);
#4497=ORIENTED_EDGE('',*,*,#3503,.F.);
#4498=ORIENTED_EDGE('',*,*,#3502,.F.);
#4499=ORIENTED_EDGE('',*,*,#3405,.T.);
#4500=ORIENTED_EDGE('',*,*,#3504,.T.);
#4501=ORIENTED_EDGE('',*,*,#3505,.F.);
#4502=ORIENTED_EDGE('',*,*,#3504,.F.);
#4503=ORIENTED_EDGE('',*,*,#3309,.F.);
#4504=ORIENTED_EDGE('',*,*,#3506,.T.);
#4505=ORIENTED_EDGE('',*,*,#3507,.F.);
#4506=ORIENTED_EDGE('',*,*,#3508,.F.);
#4507=ORIENTED_EDGE('',*,*,#3310,.F.);
#4508=ORIENTED_EDGE('',*,*,#3508,.T.);
#4509=ORIENTED_EDGE('',*,*,#3509,.F.);
#4510=ORIENTED_EDGE('',*,*,#3510,.F.);
#4511=ORIENTED_EDGE('',*,*,#3311,.F.);
#4512=ORIENTED_EDGE('',*,*,#3510,.T.);
#4513=ORIENTED_EDGE('',*,*,#3511,.F.);
#4514=ORIENTED_EDGE('',*,*,#3512,.F.);
#4515=ORIENTED_EDGE('',*,*,#3312,.F.);
#4516=ORIENTED_EDGE('',*,*,#3512,.T.);
#4517=ORIENTED_EDGE('',*,*,#3513,.F.);
#4518=ORIENTED_EDGE('',*,*,#3506,.F.);
#4519=ORIENTED_EDGE('',*,*,#3513,.T.);
#4520=ORIENTED_EDGE('',*,*,#3511,.T.);
#4521=ORIENTED_EDGE('',*,*,#3509,.T.);
#4522=ORIENTED_EDGE('',*,*,#3507,.T.);
#4523=ORIENTED_EDGE('',*,*,#3503,.T.);
#4524=ORIENTED_EDGE('',*,*,#3341,.F.);
#4525=ORIENTED_EDGE('',*,*,#3514,.T.);
#4526=ORIENTED_EDGE('',*,*,#3515,.F.);
#4527=ORIENTED_EDGE('',*,*,#3516,.F.);
#4528=ORIENTED_EDGE('',*,*,#3342,.F.);
#4529=ORIENTED_EDGE('',*,*,#3516,.T.);
#4530=ORIENTED_EDGE('',*,*,#3517,.F.);
#4531=ORIENTED_EDGE('',*,*,#3518,.F.);
#4532=ORIENTED_EDGE('',*,*,#3343,.F.);
#4533=ORIENTED_EDGE('',*,*,#3518,.T.);
#4534=ORIENTED_EDGE('',*,*,#3519,.F.);
#4535=ORIENTED_EDGE('',*,*,#3520,.F.);
#4536=ORIENTED_EDGE('',*,*,#3344,.F.);
#4537=ORIENTED_EDGE('',*,*,#3520,.T.);
#4538=ORIENTED_EDGE('',*,*,#3521,.F.);
#4539=ORIENTED_EDGE('',*,*,#3514,.F.);
#4540=ORIENTED_EDGE('',*,*,#3521,.T.);
#4541=ORIENTED_EDGE('',*,*,#3519,.T.);
#4542=ORIENTED_EDGE('',*,*,#3517,.T.);
#4543=ORIENTED_EDGE('',*,*,#3515,.T.);
#4544=ORIENTED_EDGE('',*,*,#3505,.T.);
#4545=ORIENTED_EDGE('',*,*,#3278,.F.);
#4546=ORIENTED_EDGE('',*,*,#3522,.T.);
#4547=ORIENTED_EDGE('',*,*,#3523,.F.);
#4548=ORIENTED_EDGE('',*,*,#3524,.F.);
#4549=ORIENTED_EDGE('',*,*,#3279,.F.);
#4550=ORIENTED_EDGE('',*,*,#3524,.T.);
#4551=ORIENTED_EDGE('',*,*,#3525,.F.);
#4552=ORIENTED_EDGE('',*,*,#3526,.F.);
#4553=ORIENTED_EDGE('',*,*,#3280,.F.);
#4554=ORIENTED_EDGE('',*,*,#3526,.T.);
#4555=ORIENTED_EDGE('',*,*,#3527,.F.);
#4556=ORIENTED_EDGE('',*,*,#3528,.F.);
#4557=ORIENTED_EDGE('',*,*,#3527,.T.);
#4558=ORIENTED_EDGE('',*,*,#3525,.T.);
#4559=ORIENTED_EDGE('',*,*,#3523,.T.);
#4560=ORIENTED_EDGE('',*,*,#3529,.T.);
#4561=ORIENTED_EDGE('',*,*,#3313,.F.);
#4562=ORIENTED_EDGE('',*,*,#3530,.T.);
#4563=ORIENTED_EDGE('',*,*,#3531,.F.);
#4564=ORIENTED_EDGE('',*,*,#3532,.F.);
#4565=ORIENTED_EDGE('',*,*,#3314,.F.);
#4566=ORIENTED_EDGE('',*,*,#3532,.T.);
#4567=ORIENTED_EDGE('',*,*,#3533,.F.);
#4568=ORIENTED_EDGE('',*,*,#3534,.F.);
#4569=ORIENTED_EDGE('',*,*,#3315,.F.);
#4570=ORIENTED_EDGE('',*,*,#3534,.T.);
#4571=ORIENTED_EDGE('',*,*,#3535,.F.);
#4572=ORIENTED_EDGE('',*,*,#3536,.F.);
#4573=ORIENTED_EDGE('',*,*,#3316,.F.);
#4574=ORIENTED_EDGE('',*,*,#3536,.T.);
#4575=ORIENTED_EDGE('',*,*,#3537,.F.);
#4576=ORIENTED_EDGE('',*,*,#3530,.F.);
#4577=ORIENTED_EDGE('',*,*,#3537,.T.);
#4578=ORIENTED_EDGE('',*,*,#3535,.T.);
#4579=ORIENTED_EDGE('',*,*,#3533,.T.);
#4580=ORIENTED_EDGE('',*,*,#3531,.T.);
#4581=ORIENTED_EDGE('',*,*,#3317,.F.);
#4582=ORIENTED_EDGE('',*,*,#3538,.T.);
#4583=ORIENTED_EDGE('',*,*,#3539,.F.);
#4584=ORIENTED_EDGE('',*,*,#3540,.F.);
#4585=ORIENTED_EDGE('',*,*,#3318,.F.);
#4586=ORIENTED_EDGE('',*,*,#3540,.T.);
#4587=ORIENTED_EDGE('',*,*,#3541,.F.);
#4588=ORIENTED_EDGE('',*,*,#3542,.F.);
#4589=ORIENTED_EDGE('',*,*,#3319,.F.);
#4590=ORIENTED_EDGE('',*,*,#3542,.T.);
#4591=ORIENTED_EDGE('',*,*,#3543,.F.);
#4592=ORIENTED_EDGE('',*,*,#3544,.F.);
#4593=ORIENTED_EDGE('',*,*,#3320,.F.);
#4594=ORIENTED_EDGE('',*,*,#3544,.T.);
#4595=ORIENTED_EDGE('',*,*,#3545,.F.);
#4596=ORIENTED_EDGE('',*,*,#3538,.F.);
#4597=ORIENTED_EDGE('',*,*,#3545,.T.);
#4598=ORIENTED_EDGE('',*,*,#3543,.T.);
#4599=ORIENTED_EDGE('',*,*,#3541,.T.);
#4600=ORIENTED_EDGE('',*,*,#3539,.T.);
#4601=ORIENTED_EDGE('',*,*,#3321,.F.);
#4602=ORIENTED_EDGE('',*,*,#3546,.T.);
#4603=ORIENTED_EDGE('',*,*,#3547,.F.);
#4604=ORIENTED_EDGE('',*,*,#3548,.F.);
#4605=ORIENTED_EDGE('',*,*,#3322,.F.);
#4606=ORIENTED_EDGE('',*,*,#3548,.T.);
#4607=ORIENTED_EDGE('',*,*,#3549,.F.);
#4608=ORIENTED_EDGE('',*,*,#3550,.F.);
#4609=ORIENTED_EDGE('',*,*,#3323,.F.);
#4610=ORIENTED_EDGE('',*,*,#3550,.T.);
#4611=ORIENTED_EDGE('',*,*,#3551,.F.);
#4612=ORIENTED_EDGE('',*,*,#3552,.F.);
#4613=ORIENTED_EDGE('',*,*,#3324,.F.);
#4614=ORIENTED_EDGE('',*,*,#3552,.T.);
#4615=ORIENTED_EDGE('',*,*,#3553,.F.);
#4616=ORIENTED_EDGE('',*,*,#3546,.F.);
#4617=ORIENTED_EDGE('',*,*,#3553,.T.);
#4618=ORIENTED_EDGE('',*,*,#3551,.T.);
#4619=ORIENTED_EDGE('',*,*,#3549,.T.);
#4620=ORIENTED_EDGE('',*,*,#3547,.T.);
#4621=ORIENTED_EDGE('',*,*,#3325,.F.);
#4622=ORIENTED_EDGE('',*,*,#3554,.T.);
#4623=ORIENTED_EDGE('',*,*,#3555,.F.);
#4624=ORIENTED_EDGE('',*,*,#3556,.F.);
#4625=ORIENTED_EDGE('',*,*,#3326,.F.);
#4626=ORIENTED_EDGE('',*,*,#3556,.T.);
#4627=ORIENTED_EDGE('',*,*,#3557,.F.);
#4628=ORIENTED_EDGE('',*,*,#3558,.F.);
#4629=ORIENTED_EDGE('',*,*,#3327,.F.);
#4630=ORIENTED_EDGE('',*,*,#3558,.T.);
#4631=ORIENTED_EDGE('',*,*,#3559,.F.);
#4632=ORIENTED_EDGE('',*,*,#3560,.F.);
#4633=ORIENTED_EDGE('',*,*,#3328,.F.);
#4634=ORIENTED_EDGE('',*,*,#3560,.T.);
#4635=ORIENTED_EDGE('',*,*,#3561,.F.);
#4636=ORIENTED_EDGE('',*,*,#3554,.F.);
#4637=ORIENTED_EDGE('',*,*,#3561,.T.);
#4638=ORIENTED_EDGE('',*,*,#3559,.T.);
#4639=ORIENTED_EDGE('',*,*,#3557,.T.);
#4640=ORIENTED_EDGE('',*,*,#3555,.T.);
#4641=ORIENTED_EDGE('',*,*,#3562,.T.);
#4642=ORIENTED_EDGE('',*,*,#3563,.T.);
#4643=ORIENTED_EDGE('',*,*,#3564,.F.);
#4644=ORIENTED_EDGE('',*,*,#3565,.F.);
#4645=ORIENTED_EDGE('',*,*,#3566,.T.);
#4646=ORIENTED_EDGE('',*,*,#3567,.F.);
#4647=ORIENTED_EDGE('',*,*,#3568,.T.);
#4648=ORIENTED_EDGE('',*,*,#3564,.T.);
#4649=ORIENTED_EDGE('',*,*,#3569,.F.);
#4650=ORIENTED_EDGE('',*,*,#3562,.F.);
#4651=ORIENTED_EDGE('',*,*,#3570,.F.);
#4652=ORIENTED_EDGE('',*,*,#3571,.F.);
#4653=ORIENTED_EDGE('',*,*,#3567,.T.);
#4654=ORIENTED_EDGE('',*,*,#3572,.T.);
#4655=ORIENTED_EDGE('',*,*,#3573,.F.);
#4656=ORIENTED_EDGE('',*,*,#3574,.F.);
#4657=ORIENTED_EDGE('',*,*,#3571,.T.);
#4658=ORIENTED_EDGE('',*,*,#3575,.F.);
#4659=ORIENTED_EDGE('',*,*,#3329,.F.);
#4660=ORIENTED_EDGE('',*,*,#3576,.T.);
#4661=ORIENTED_EDGE('',*,*,#3330,.F.);
#4662=ORIENTED_EDGE('',*,*,#3575,.T.);
#4663=ORIENTED_EDGE('',*,*,#3570,.T.);
#4664=ORIENTED_EDGE('',*,*,#3565,.T.);
#4665=ORIENTED_EDGE('',*,*,#3568,.F.);
#4666=ORIENTED_EDGE('',*,*,#3574,.T.);
#4667=ORIENTED_EDGE('',*,*,#3577,.F.);
#4668=ORIENTED_EDGE('',*,*,#3578,.F.);
#4669=ORIENTED_EDGE('',*,*,#3331,.F.);
#4670=ORIENTED_EDGE('',*,*,#3578,.T.);
#4671=ORIENTED_EDGE('',*,*,#3579,.F.);
#4672=ORIENTED_EDGE('',*,*,#3580,.F.);
#4673=ORIENTED_EDGE('',*,*,#3332,.F.);
#4674=ORIENTED_EDGE('',*,*,#3580,.T.);
#4675=ORIENTED_EDGE('',*,*,#3581,.F.);
#4676=ORIENTED_EDGE('',*,*,#3572,.F.);
#4677=ORIENTED_EDGE('',*,*,#3566,.F.);
#4678=ORIENTED_EDGE('',*,*,#3563,.F.);
#4679=ORIENTED_EDGE('',*,*,#3569,.T.);
#4680=ORIENTED_EDGE('',*,*,#3576,.F.);
#4681=ORIENTED_EDGE('',*,*,#3581,.T.);
#4682=ORIENTED_EDGE('',*,*,#3579,.T.);
#4683=ORIENTED_EDGE('',*,*,#3577,.T.);
#4684=ORIENTED_EDGE('',*,*,#3573,.T.);
#4685=ORIENTED_EDGE('',*,*,#3333,.F.);
#4686=ORIENTED_EDGE('',*,*,#3582,.T.);
#4687=ORIENTED_EDGE('',*,*,#3583,.F.);
#4688=ORIENTED_EDGE('',*,*,#3584,.F.);
#4689=ORIENTED_EDGE('',*,*,#3334,.F.);
#4690=ORIENTED_EDGE('',*,*,#3584,.T.);
#4691=ORIENTED_EDGE('',*,*,#3585,.F.);
#4692=ORIENTED_EDGE('',*,*,#3586,.F.);
#4693=ORIENTED_EDGE('',*,*,#3335,.F.);
#4694=ORIENTED_EDGE('',*,*,#3586,.T.);
#4695=ORIENTED_EDGE('',*,*,#3587,.F.);
#4696=ORIENTED_EDGE('',*,*,#3588,.F.);
#4697=ORIENTED_EDGE('',*,*,#3336,.F.);
#4698=ORIENTED_EDGE('',*,*,#3588,.T.);
#4699=ORIENTED_EDGE('',*,*,#3589,.F.);
#4700=ORIENTED_EDGE('',*,*,#3582,.F.);
#4701=ORIENTED_EDGE('',*,*,#3589,.T.);
#4702=ORIENTED_EDGE('',*,*,#3587,.T.);
#4703=ORIENTED_EDGE('',*,*,#3585,.T.);
#4704=ORIENTED_EDGE('',*,*,#3583,.T.);
#4705=ORIENTED_EDGE('',*,*,#3337,.F.);
#4706=ORIENTED_EDGE('',*,*,#3590,.T.);
#4707=ORIENTED_EDGE('',*,*,#3591,.F.);
#4708=ORIENTED_EDGE('',*,*,#3592,.F.);
#4709=ORIENTED_EDGE('',*,*,#3338,.F.);
#4710=ORIENTED_EDGE('',*,*,#3592,.T.);
#4711=ORIENTED_EDGE('',*,*,#3593,.F.);
#4712=ORIENTED_EDGE('',*,*,#3594,.F.);
#4713=ORIENTED_EDGE('',*,*,#3339,.F.);
#4714=ORIENTED_EDGE('',*,*,#3594,.T.);
#4715=ORIENTED_EDGE('',*,*,#3595,.F.);
#4716=ORIENTED_EDGE('',*,*,#3596,.F.);
#4717=ORIENTED_EDGE('',*,*,#3340,.F.);
#4718=ORIENTED_EDGE('',*,*,#3596,.T.);
#4719=ORIENTED_EDGE('',*,*,#3597,.F.);
#4720=ORIENTED_EDGE('',*,*,#3590,.F.);
#4721=ORIENTED_EDGE('',*,*,#3597,.T.);
#4722=ORIENTED_EDGE('',*,*,#3595,.T.);
#4723=ORIENTED_EDGE('',*,*,#3593,.T.);
#4724=ORIENTED_EDGE('',*,*,#3591,.T.);
#4725=ORIENTED_EDGE('',*,*,#3288,.T.);
#4726=ORIENTED_EDGE('',*,*,#3598,.T.);
#4727=ORIENTED_EDGE('',*,*,#3599,.T.);
#4728=ORIENTED_EDGE('',*,*,#3600,.T.);
#4729=ORIENTED_EDGE('',*,*,#3598,.F.);
#4730=ORIENTED_EDGE('',*,*,#3287,.F.);
#4731=ORIENTED_EDGE('',*,*,#3601,.F.);
#4732=ORIENTED_EDGE('',*,*,#3602,.T.);
#4733=ORIENTED_EDGE('',*,*,#3282,.T.);
#4734=ORIENTED_EDGE('',*,*,#3603,.T.);
#4735=ORIENTED_EDGE('',*,*,#3604,.T.);
#4736=ORIENTED_EDGE('',*,*,#3605,.T.);
#4737=ORIENTED_EDGE('',*,*,#3605,.F.);
#4738=ORIENTED_EDGE('',*,*,#3606,.T.);
#4739=ORIENTED_EDGE('',*,*,#3607,.F.);
#4740=ORIENTED_EDGE('',*,*,#3283,.F.);
#4741=ORIENTED_EDGE('',*,*,#3284,.T.);
#4742=ORIENTED_EDGE('',*,*,#3607,.T.);
#4743=ORIENTED_EDGE('',*,*,#3608,.T.);
#4744=ORIENTED_EDGE('',*,*,#3609,.T.);
#4745=ORIENTED_EDGE('',*,*,#3286,.T.);
#4746=ORIENTED_EDGE('',*,*,#3610,.T.);
#4747=ORIENTED_EDGE('',*,*,#3611,.T.);
#4748=ORIENTED_EDGE('',*,*,#3601,.T.);
#4749=ORIENTED_EDGE('',*,*,#3609,.F.);
#4750=ORIENTED_EDGE('',*,*,#3612,.T.);
#4751=ORIENTED_EDGE('',*,*,#3610,.F.);
#4752=ORIENTED_EDGE('',*,*,#3285,.F.);
#4753=ORIENTED_EDGE('',*,*,#3600,.F.);
#4754=ORIENTED_EDGE('',*,*,#3613,.T.);
#4755=ORIENTED_EDGE('',*,*,#3603,.F.);
#4756=ORIENTED_EDGE('',*,*,#3281,.F.);
#4757=ORIENTED_EDGE('',*,*,#3528,.T.);
#4758=ORIENTED_EDGE('',*,*,#3529,.F.);
#4759=ORIENTED_EDGE('',*,*,#3522,.F.);
#4760=ORIENTED_EDGE('',*,*,#3277,.F.);
#4761=ORIENTED_EDGE('',*,*,#3599,.F.);
#4762=ORIENTED_EDGE('',*,*,#3602,.F.);
#4763=ORIENTED_EDGE('',*,*,#3611,.F.);
#4764=ORIENTED_EDGE('',*,*,#3612,.F.);
#4765=ORIENTED_EDGE('',*,*,#3608,.F.);
#4766=ORIENTED_EDGE('',*,*,#3606,.F.);
#4767=ORIENTED_EDGE('',*,*,#3604,.F.);
#4768=ORIENTED_EDGE('',*,*,#3613,.F.);
#4769=ORIENTED_EDGE('',*,*,#3383,.T.);
#4770=ORIENTED_EDGE('',*,*,#3379,.T.);
#4771=ORIENTED_EDGE('',*,*,#3375,.T.);
#4772=ORIENTED_EDGE('',*,*,#3371,.T.);
#4773=ORIENTED_EDGE('',*,*,#3614,.F.);
#4774=ORIENTED_EDGE('',*,*,#3615,.T.);
#4775=ORIENTED_EDGE('',*,*,#3616,.T.);
#4776=ORIENTED_EDGE('',*,*,#3615,.F.);
#4777=ORIENTED_EDGE('',*,*,#3616,.F.);
#4778=ORIENTED_EDGE('',*,*,#3617,.F.);
#4779=ORIENTED_EDGE('',*,*,#3618,.T.);
#4780=ORIENTED_EDGE('',*,*,#3619,.T.);
#4781=ORIENTED_EDGE('',*,*,#3618,.F.);
#4782=ORIENTED_EDGE('',*,*,#3619,.F.);
#4783=ORIENTED_EDGE('',*,*,#3620,.F.);
#4784=ORIENTED_EDGE('',*,*,#3621,.T.);
#4785=ORIENTED_EDGE('',*,*,#3622,.T.);
#4786=ORIENTED_EDGE('',*,*,#3621,.F.);
#4787=ORIENTED_EDGE('',*,*,#3622,.F.);
#4788=ORIENTED_EDGE('',*,*,#3623,.F.);
#4789=ORIENTED_EDGE('',*,*,#3624,.T.);
#4790=ORIENTED_EDGE('',*,*,#3625,.T.);
#4791=ORIENTED_EDGE('',*,*,#3624,.F.);
#4792=ORIENTED_EDGE('',*,*,#3625,.F.);
#4793=ORIENTED_EDGE('',*,*,#3626,.F.);
#4794=ORIENTED_EDGE('',*,*,#3627,.F.);
#4795=ORIENTED_EDGE('',*,*,#3628,.F.);
#4796=ORIENTED_EDGE('',*,*,#3629,.T.);
#4797=ORIENTED_EDGE('',*,*,#3630,.F.);
#4798=ORIENTED_EDGE('',*,*,#3629,.F.);
#4799=ORIENTED_EDGE('',*,*,#3631,.F.);
#4800=ORIENTED_EDGE('',*,*,#3623,.T.);
#4801=ORIENTED_EDGE('',*,*,#3631,.T.);
#4802=ORIENTED_EDGE('',*,*,#3628,.T.);
#4803=ORIENTED_EDGE('',*,*,#3632,.F.);
#4804=ORIENTED_EDGE('',*,*,#3633,.F.);
#4805=ORIENTED_EDGE('',*,*,#3634,.F.);
#4806=ORIENTED_EDGE('',*,*,#3635,.F.);
#4807=ORIENTED_EDGE('',*,*,#3636,.F.);
#4808=ORIENTED_EDGE('',*,*,#3637,.F.);
#4809=ORIENTED_EDGE('',*,*,#3638,.F.);
#4810=ORIENTED_EDGE('',*,*,#3639,.T.);
#4811=ORIENTED_EDGE('',*,*,#3640,.F.);
#4812=ORIENTED_EDGE('',*,*,#3639,.F.);
#4813=ORIENTED_EDGE('',*,*,#3620,.T.);
#4814=ORIENTED_EDGE('',*,*,#3636,.T.);
#4815=ORIENTED_EDGE('',*,*,#3640,.T.);
#4816=ORIENTED_EDGE('',*,*,#3638,.T.);
#4817=ORIENTED_EDGE('',*,*,#3641,.T.);
#4818=ORIENTED_EDGE('',*,*,#3642,.T.);
#4819=ORIENTED_EDGE('',*,*,#3643,.F.);
#4820=ORIENTED_EDGE('',*,*,#3644,.T.);
#4821=ORIENTED_EDGE('',*,*,#3645,.T.);
#4822=ORIENTED_EDGE('',*,*,#3646,.T.);
#4823=ORIENTED_EDGE('',*,*,#3647,.T.);
#4824=ORIENTED_EDGE('',*,*,#3648,.F.);
#4825=ORIENTED_EDGE('',*,*,#3649,.F.);
#4826=ORIENTED_EDGE('',*,*,#3646,.F.);
#4827=ORIENTED_EDGE('',*,*,#3650,.T.);
#4828=ORIENTED_EDGE('',*,*,#3651,.F.);
#4829=ORIENTED_EDGE('',*,*,#3650,.F.);
#4830=ORIENTED_EDGE('',*,*,#3645,.F.);
#4831=ORIENTED_EDGE('',*,*,#3617,.T.);
#4832=ORIENTED_EDGE('',*,*,#3652,.F.);
#4833=ORIENTED_EDGE('',*,*,#3653,.F.);
#4834=ORIENTED_EDGE('',*,*,#3614,.T.);
#4835=ORIENTED_EDGE('',*,*,#3654,.F.);
#4836=ORIENTED_EDGE('',*,*,#3653,.T.);
#4837=ORIENTED_EDGE('',*,*,#3655,.F.);
#4838=ORIENTED_EDGE('',*,*,#3656,.F.);
#4839=ORIENTED_EDGE('',*,*,#3627,.T.);
#4840=ORIENTED_EDGE('',*,*,#3657,.F.);
#4841=ORIENTED_EDGE('',*,*,#3656,.T.);
#4842=ORIENTED_EDGE('',*,*,#3658,.F.);
#4843=ORIENTED_EDGE('',*,*,#3659,.T.);
#4844=ORIENTED_EDGE('',*,*,#3660,.F.);
#4845=ORIENTED_EDGE('',*,*,#3661,.T.);
#4846=ORIENTED_EDGE('',*,*,#3641,.F.);
#4847=ORIENTED_EDGE('',*,*,#3637,.T.);
#4848=ORIENTED_EDGE('',*,*,#3647,.F.);
#4849=ORIENTED_EDGE('',*,*,#3649,.T.);
#4850=ORIENTED_EDGE('',*,*,#3662,.T.);
#4851=ORIENTED_EDGE('',*,*,#3663,.F.);
#4852=ORIENTED_EDGE('',*,*,#3632,.T.);
#4853=ORIENTED_EDGE('',*,*,#3664,.T.);
#4854=ORIENTED_EDGE('',*,*,#3665,.T.);
#4855=ORIENTED_EDGE('',*,*,#3666,.T.);
#4856=ORIENTED_EDGE('',*,*,#3667,.T.);
#4857=ORIENTED_EDGE('',*,*,#3668,.T.);
#4858=ORIENTED_EDGE('',*,*,#3669,.T.);
#4859=ORIENTED_EDGE('',*,*,#3670,.T.);
#4860=ORIENTED_EDGE('',*,*,#3671,.T.);
#4861=ORIENTED_EDGE('',*,*,#3672,.T.);
#4862=ORIENTED_EDGE('',*,*,#3673,.T.);
#4863=ORIENTED_EDGE('',*,*,#3674,.T.);
#4864=ORIENTED_EDGE('',*,*,#3675,.T.);
#4865=ORIENTED_EDGE('',*,*,#3676,.T.);
#4866=ORIENTED_EDGE('',*,*,#3677,.T.);
#4867=ORIENTED_EDGE('',*,*,#3678,.T.);
#4868=ORIENTED_EDGE('',*,*,#3679,.T.);
#4869=ORIENTED_EDGE('',*,*,#3680,.T.);
#4870=ORIENTED_EDGE('',*,*,#3681,.T.);
#4871=ORIENTED_EDGE('',*,*,#3682,.T.);
#4872=ORIENTED_EDGE('',*,*,#3683,.T.);
#4873=ORIENTED_EDGE('',*,*,#3684,.T.);
#4874=ORIENTED_EDGE('',*,*,#3685,.T.);
#4875=ORIENTED_EDGE('',*,*,#3686,.T.);
#4876=ORIENTED_EDGE('',*,*,#3687,.T.);
#4877=ORIENTED_EDGE('',*,*,#3688,.T.);
#4878=ORIENTED_EDGE('',*,*,#3689,.T.);
#4879=ORIENTED_EDGE('',*,*,#3690,.T.);
#4880=ORIENTED_EDGE('',*,*,#3691,.T.);
#4881=ORIENTED_EDGE('',*,*,#3692,.T.);
#4882=ORIENTED_EDGE('',*,*,#3693,.T.);
#4883=ORIENTED_EDGE('',*,*,#3694,.T.);
#4884=ORIENTED_EDGE('',*,*,#3695,.T.);
#4885=ORIENTED_EDGE('',*,*,#3696,.T.);
#4886=ORIENTED_EDGE('',*,*,#3697,.T.);
#4887=ORIENTED_EDGE('',*,*,#3698,.T.);
#4888=ORIENTED_EDGE('',*,*,#3699,.T.);
#4889=ORIENTED_EDGE('',*,*,#3700,.T.);
#4890=ORIENTED_EDGE('',*,*,#3701,.T.);
#4891=ORIENTED_EDGE('',*,*,#3702,.T.);
#4892=ORIENTED_EDGE('',*,*,#3703,.T.);
#4893=ORIENTED_EDGE('',*,*,#3704,.T.);
#4894=ORIENTED_EDGE('',*,*,#3705,.T.);
#4895=ORIENTED_EDGE('',*,*,#3706,.T.);
#4896=ORIENTED_EDGE('',*,*,#3707,.T.);
#4897=ORIENTED_EDGE('',*,*,#3702,.F.);
#4898=ORIENTED_EDGE('',*,*,#3708,.F.);
#4899=ORIENTED_EDGE('',*,*,#3709,.T.);
#4900=ORIENTED_EDGE('',*,*,#3708,.T.);
#4901=ORIENTED_EDGE('',*,*,#3705,.F.);
#4902=ORIENTED_EDGE('',*,*,#3710,.F.);
#4903=ORIENTED_EDGE('',*,*,#3711,.T.);
#4904=ORIENTED_EDGE('',*,*,#3710,.T.);
#4905=ORIENTED_EDGE('',*,*,#3704,.F.);
#4906=ORIENTED_EDGE('',*,*,#3712,.F.);
#4907=ORIENTED_EDGE('',*,*,#3713,.T.);
#4908=ORIENTED_EDGE('',*,*,#3712,.T.);
#4909=ORIENTED_EDGE('',*,*,#3703,.F.);
#4910=ORIENTED_EDGE('',*,*,#3707,.F.);
#4911=ORIENTED_EDGE('',*,*,#3713,.F.);
#4912=ORIENTED_EDGE('',*,*,#3706,.F.);
#4913=ORIENTED_EDGE('',*,*,#3709,.F.);
#4914=ORIENTED_EDGE('',*,*,#3711,.F.);
#4915=ORIENTED_EDGE('',*,*,#3714,.T.);
#4916=ORIENTED_EDGE('',*,*,#3715,.T.);
#4917=ORIENTED_EDGE('',*,*,#3664,.F.);
#4918=ORIENTED_EDGE('',*,*,#3716,.F.);
#4919=ORIENTED_EDGE('',*,*,#3717,.T.);
#4920=ORIENTED_EDGE('',*,*,#3716,.T.);
#4921=ORIENTED_EDGE('',*,*,#3667,.F.);
#4922=ORIENTED_EDGE('',*,*,#3718,.F.);
#4923=ORIENTED_EDGE('',*,*,#3719,.T.);
#4924=ORIENTED_EDGE('',*,*,#3718,.T.);
#4925=ORIENTED_EDGE('',*,*,#3666,.F.);
#4926=ORIENTED_EDGE('',*,*,#3720,.F.);
#4927=ORIENTED_EDGE('',*,*,#3721,.T.);
#4928=ORIENTED_EDGE('',*,*,#3720,.T.);
#4929=ORIENTED_EDGE('',*,*,#3665,.F.);
#4930=ORIENTED_EDGE('',*,*,#3715,.F.);
#4931=ORIENTED_EDGE('',*,*,#3721,.F.);
#4932=ORIENTED_EDGE('',*,*,#3714,.F.);
#4933=ORIENTED_EDGE('',*,*,#3717,.F.);
#4934=ORIENTED_EDGE('',*,*,#3719,.F.);
#4935=ORIENTED_EDGE('',*,*,#3722,.T.);
#4936=ORIENTED_EDGE('',*,*,#3723,.T.);
#4937=ORIENTED_EDGE('',*,*,#3698,.F.);
#4938=ORIENTED_EDGE('',*,*,#3724,.F.);
#4939=ORIENTED_EDGE('',*,*,#3725,.T.);
#4940=ORIENTED_EDGE('',*,*,#3724,.T.);
#4941=ORIENTED_EDGE('',*,*,#3701,.F.);
#4942=ORIENTED_EDGE('',*,*,#3726,.F.);
#4943=ORIENTED_EDGE('',*,*,#3727,.T.);
#4944=ORIENTED_EDGE('',*,*,#3726,.T.);
#4945=ORIENTED_EDGE('',*,*,#3700,.F.);
#4946=ORIENTED_EDGE('',*,*,#3728,.F.);
#4947=ORIENTED_EDGE('',*,*,#3729,.T.);
#4948=ORIENTED_EDGE('',*,*,#3728,.T.);
#4949=ORIENTED_EDGE('',*,*,#3699,.F.);
#4950=ORIENTED_EDGE('',*,*,#3723,.F.);
#4951=ORIENTED_EDGE('',*,*,#3729,.F.);
#4952=ORIENTED_EDGE('',*,*,#3722,.F.);
#4953=ORIENTED_EDGE('',*,*,#3725,.F.);
#4954=ORIENTED_EDGE('',*,*,#3727,.F.);
#4955=ORIENTED_EDGE('',*,*,#3730,.T.);
#4956=ORIENTED_EDGE('',*,*,#3731,.T.);
#4957=ORIENTED_EDGE('',*,*,#3692,.F.);
#4958=ORIENTED_EDGE('',*,*,#3732,.F.);
#4959=ORIENTED_EDGE('',*,*,#3733,.T.);
#4960=ORIENTED_EDGE('',*,*,#3732,.T.);
#4961=ORIENTED_EDGE('',*,*,#3697,.F.);
#4962=ORIENTED_EDGE('',*,*,#3734,.F.);
#4963=ORIENTED_EDGE('',*,*,#3735,.T.);
#4964=ORIENTED_EDGE('',*,*,#3734,.T.);
#4965=ORIENTED_EDGE('',*,*,#3696,.F.);
#4966=ORIENTED_EDGE('',*,*,#3736,.F.);
#4967=ORIENTED_EDGE('',*,*,#3737,.T.);
#4968=ORIENTED_EDGE('',*,*,#3736,.T.);
#4969=ORIENTED_EDGE('',*,*,#3695,.F.);
#4970=ORIENTED_EDGE('',*,*,#3738,.F.);
#4971=ORIENTED_EDGE('',*,*,#3739,.T.);
#4972=ORIENTED_EDGE('',*,*,#3738,.T.);
#4973=ORIENTED_EDGE('',*,*,#3694,.F.);
#4974=ORIENTED_EDGE('',*,*,#3740,.F.);
#4975=ORIENTED_EDGE('',*,*,#3741,.T.);
#4976=ORIENTED_EDGE('',*,*,#3740,.T.);
#4977=ORIENTED_EDGE('',*,*,#3693,.F.);
#4978=ORIENTED_EDGE('',*,*,#3731,.F.);
#4979=ORIENTED_EDGE('',*,*,#3741,.F.);
#4980=ORIENTED_EDGE('',*,*,#3730,.F.);
#4981=ORIENTED_EDGE('',*,*,#3733,.F.);
#4982=ORIENTED_EDGE('',*,*,#3735,.F.);
#4983=ORIENTED_EDGE('',*,*,#3737,.F.);
#4984=ORIENTED_EDGE('',*,*,#3739,.F.);
#4985=ORIENTED_EDGE('',*,*,#3742,.T.);
#4986=ORIENTED_EDGE('',*,*,#3743,.T.);
#4987=ORIENTED_EDGE('',*,*,#3686,.F.);
#4988=ORIENTED_EDGE('',*,*,#3744,.F.);
#4989=ORIENTED_EDGE('',*,*,#3745,.T.);
#4990=ORIENTED_EDGE('',*,*,#3744,.T.);
#4991=ORIENTED_EDGE('',*,*,#3691,.F.);
#4992=ORIENTED_EDGE('',*,*,#3746,.F.);
#4993=ORIENTED_EDGE('',*,*,#3747,.T.);
#4994=ORIENTED_EDGE('',*,*,#3746,.T.);
#4995=ORIENTED_EDGE('',*,*,#3690,.F.);
#4996=ORIENTED_EDGE('',*,*,#3748,.F.);
#4997=ORIENTED_EDGE('',*,*,#3749,.T.);
#4998=ORIENTED_EDGE('',*,*,#3748,.T.);
#4999=ORIENTED_EDGE('',*,*,#3689,.F.);
#5000=ORIENTED_EDGE('',*,*,#3750,.F.);
#5001=ORIENTED_EDGE('',*,*,#3751,.T.);
#5002=ORIENTED_EDGE('',*,*,#3750,.T.);
#5003=ORIENTED_EDGE('',*,*,#3688,.F.);
#5004=ORIENTED_EDGE('',*,*,#3752,.F.);
#5005=ORIENTED_EDGE('',*,*,#3753,.T.);
#5006=ORIENTED_EDGE('',*,*,#3752,.T.);
#5007=ORIENTED_EDGE('',*,*,#3687,.F.);
#5008=ORIENTED_EDGE('',*,*,#3743,.F.);
#5009=ORIENTED_EDGE('',*,*,#3753,.F.);
#5010=ORIENTED_EDGE('',*,*,#3742,.F.);
#5011=ORIENTED_EDGE('',*,*,#3745,.F.);
#5012=ORIENTED_EDGE('',*,*,#3747,.F.);
#5013=ORIENTED_EDGE('',*,*,#3749,.F.);
#5014=ORIENTED_EDGE('',*,*,#3751,.F.);
#5015=ORIENTED_EDGE('',*,*,#3754,.T.);
#5016=ORIENTED_EDGE('',*,*,#3755,.T.);
#5017=ORIENTED_EDGE('',*,*,#3680,.F.);
#5018=ORIENTED_EDGE('',*,*,#3756,.F.);
#5019=ORIENTED_EDGE('',*,*,#3757,.T.);
#5020=ORIENTED_EDGE('',*,*,#3756,.T.);
#5021=ORIENTED_EDGE('',*,*,#3685,.F.);
#5022=ORIENTED_EDGE('',*,*,#3758,.F.);
#5023=ORIENTED_EDGE('',*,*,#3759,.T.);
#5024=ORIENTED_EDGE('',*,*,#3758,.T.);
#5025=ORIENTED_EDGE('',*,*,#3684,.F.);
#5026=ORIENTED_EDGE('',*,*,#3760,.F.);
#5027=ORIENTED_EDGE('',*,*,#3761,.T.);
#5028=ORIENTED_EDGE('',*,*,#3760,.T.);
#5029=ORIENTED_EDGE('',*,*,#3683,.F.);
#5030=ORIENTED_EDGE('',*,*,#3762,.F.);
#5031=ORIENTED_EDGE('',*,*,#3763,.T.);
#5032=ORIENTED_EDGE('',*,*,#3762,.T.);
#5033=ORIENTED_EDGE('',*,*,#3682,.F.);
#5034=ORIENTED_EDGE('',*,*,#3764,.F.);
#5035=ORIENTED_EDGE('',*,*,#3765,.T.);
#5036=ORIENTED_EDGE('',*,*,#3764,.T.);
#5037=ORIENTED_EDGE('',*,*,#3681,.F.);
#5038=ORIENTED_EDGE('',*,*,#3755,.F.);
#5039=ORIENTED_EDGE('',*,*,#3765,.F.);
#5040=ORIENTED_EDGE('',*,*,#3754,.F.);
#5041=ORIENTED_EDGE('',*,*,#3757,.F.);
#5042=ORIENTED_EDGE('',*,*,#3759,.F.);
#5043=ORIENTED_EDGE('',*,*,#3761,.F.);
#5044=ORIENTED_EDGE('',*,*,#3763,.F.);
#5045=ORIENTED_EDGE('',*,*,#3766,.T.);
#5046=ORIENTED_EDGE('',*,*,#3767,.T.);
#5047=ORIENTED_EDGE('',*,*,#3674,.F.);
#5048=ORIENTED_EDGE('',*,*,#3768,.F.);
#5049=ORIENTED_EDGE('',*,*,#3769,.T.);
#5050=ORIENTED_EDGE('',*,*,#3768,.T.);
#5051=ORIENTED_EDGE('',*,*,#3679,.F.);
#5052=ORIENTED_EDGE('',*,*,#3770,.F.);
#5053=ORIENTED_EDGE('',*,*,#3771,.T.);
#5054=ORIENTED_EDGE('',*,*,#3770,.T.);
#5055=ORIENTED_EDGE('',*,*,#3678,.F.);
#5056=ORIENTED_EDGE('',*,*,#3772,.F.);
#5057=ORIENTED_EDGE('',*,*,#3773,.T.);
#5058=ORIENTED_EDGE('',*,*,#3772,.T.);
#5059=ORIENTED_EDGE('',*,*,#3677,.F.);
#5060=ORIENTED_EDGE('',*,*,#3774,.F.);
#5061=ORIENTED_EDGE('',*,*,#3775,.T.);
#5062=ORIENTED_EDGE('',*,*,#3774,.T.);
#5063=ORIENTED_EDGE('',*,*,#3676,.F.);
#5064=ORIENTED_EDGE('',*,*,#3776,.F.);
#5065=ORIENTED_EDGE('',*,*,#3777,.T.);
#5066=ORIENTED_EDGE('',*,*,#3776,.T.);
#5067=ORIENTED_EDGE('',*,*,#3675,.F.);
#5068=ORIENTED_EDGE('',*,*,#3767,.F.);
#5069=ORIENTED_EDGE('',*,*,#3777,.F.);
#5070=ORIENTED_EDGE('',*,*,#3766,.F.);
#5071=ORIENTED_EDGE('',*,*,#3769,.F.);
#5072=ORIENTED_EDGE('',*,*,#3771,.F.);
#5073=ORIENTED_EDGE('',*,*,#3773,.F.);
#5074=ORIENTED_EDGE('',*,*,#3775,.F.);
#5075=ORIENTED_EDGE('',*,*,#3778,.T.);
#5076=ORIENTED_EDGE('',*,*,#3779,.T.);
#5077=ORIENTED_EDGE('',*,*,#3780,.T.);
#5078=ORIENTED_EDGE('',*,*,#3781,.F.);
#5079=ORIENTED_EDGE('',*,*,#3633,.T.);
#5080=ORIENTED_EDGE('',*,*,#3663,.T.);
#5081=ORIENTED_EDGE('',*,*,#3782,.T.);
#5082=ORIENTED_EDGE('',*,*,#3783,.F.);
#5083=ORIENTED_EDGE('',*,*,#3784,.T.);
#5084=ORIENTED_EDGE('',*,*,#3783,.T.);
#5085=ORIENTED_EDGE('',*,*,#3785,.T.);
#5086=ORIENTED_EDGE('',*,*,#3643,.T.);
#5087=ORIENTED_EDGE('',*,*,#3786,.T.);
#5088=ORIENTED_EDGE('',*,*,#3787,.T.);
#5089=ORIENTED_EDGE('',*,*,#3788,.T.);
#5090=ORIENTED_EDGE('',*,*,#3789,.T.);
#5091=ORIENTED_EDGE('',*,*,#3634,.T.);
#5092=ORIENTED_EDGE('',*,*,#3781,.T.);
#5093=ORIENTED_EDGE('',*,*,#3790,.T.);
#5094=ORIENTED_EDGE('',*,*,#3791,.F.);
#5095=ORIENTED_EDGE('',*,*,#3792,.F.);
#5096=ORIENTED_EDGE('',*,*,#3793,.F.);
#5097=ORIENTED_EDGE('',*,*,#3794,.F.);
#5098=ORIENTED_EDGE('',*,*,#3795,.F.);
#5099=ORIENTED_EDGE('',*,*,#3796,.F.);
#5100=ORIENTED_EDGE('',*,*,#3797,.F.);
#5101=ORIENTED_EDGE('',*,*,#3798,.F.);
#5102=ORIENTED_EDGE('',*,*,#3799,.F.);
#5103=ORIENTED_EDGE('',*,*,#3800,.T.);
#5104=ORIENTED_EDGE('',*,*,#3801,.T.);
#5105=ORIENTED_EDGE('',*,*,#3802,.T.);
#5106=ORIENTED_EDGE('',*,*,#3803,.T.);
#5107=ORIENTED_EDGE('',*,*,#3800,.F.);
#5108=ORIENTED_EDGE('',*,*,#3804,.T.);
#5109=ORIENTED_EDGE('',*,*,#3805,.T.);
#5110=ORIENTED_EDGE('',*,*,#3806,.T.);
#5111=ORIENTED_EDGE('',*,*,#3807,.T.);
#5112=ORIENTED_EDGE('',*,*,#3808,.T.);
#5113=ORIENTED_EDGE('',*,*,#3805,.F.);
#5114=ORIENTED_EDGE('',*,*,#3809,.T.);
#5115=ORIENTED_EDGE('',*,*,#3807,.F.);
#5116=ORIENTED_EDGE('',*,*,#3810,.T.);
#5117=ORIENTED_EDGE('',*,*,#3811,.T.);
#5118=ORIENTED_EDGE('',*,*,#3812,.T.);
#5119=ORIENTED_EDGE('',*,*,#3813,.T.);
#5120=ORIENTED_EDGE('',*,*,#3814,.T.);
#5121=ORIENTED_EDGE('',*,*,#3811,.F.);
#5122=ORIENTED_EDGE('',*,*,#3815,.T.);
#5123=ORIENTED_EDGE('',*,*,#3813,.F.);
#5124=ORIENTED_EDGE('',*,*,#3816,.T.);
#5125=ORIENTED_EDGE('',*,*,#3817,.T.);
#5126=ORIENTED_EDGE('',*,*,#3818,.T.);
#5127=ORIENTED_EDGE('',*,*,#3819,.T.);
#5128=ORIENTED_EDGE('',*,*,#3820,.T.);
#5129=ORIENTED_EDGE('',*,*,#3817,.F.);
#5130=ORIENTED_EDGE('',*,*,#3821,.T.);
#5131=ORIENTED_EDGE('',*,*,#3819,.F.);
#5132=ORIENTED_EDGE('',*,*,#3822,.T.);
#5133=ORIENTED_EDGE('',*,*,#3802,.F.);
#5134=ORIENTED_EDGE('',*,*,#3823,.T.);
#5135=ORIENTED_EDGE('',*,*,#3818,.F.);
#5136=ORIENTED_EDGE('',*,*,#3824,.F.);
#5137=ORIENTED_EDGE('',*,*,#3795,.T.);
#5138=ORIENTED_EDGE('',*,*,#3825,.F.);
#5139=ORIENTED_EDGE('',*,*,#3820,.F.);
#5140=ORIENTED_EDGE('',*,*,#3826,.T.);
#5141=ORIENTED_EDGE('',*,*,#3796,.T.);
#5142=ORIENTED_EDGE('',*,*,#3824,.T.);
#5143=ORIENTED_EDGE('',*,*,#3823,.F.);
#5144=ORIENTED_EDGE('',*,*,#3827,.F.);
#5145=ORIENTED_EDGE('',*,*,#3797,.T.);
#5146=ORIENTED_EDGE('',*,*,#3826,.F.);
#5147=ORIENTED_EDGE('',*,*,#3801,.F.);
#5148=ORIENTED_EDGE('',*,*,#3828,.T.);
#5149=ORIENTED_EDGE('',*,*,#3798,.T.);
#5150=ORIENTED_EDGE('',*,*,#3827,.T.);
#5151=ORIENTED_EDGE('',*,*,#3803,.F.);
#5152=ORIENTED_EDGE('',*,*,#3822,.F.);
#5153=ORIENTED_EDGE('',*,*,#3821,.F.);
#5154=ORIENTED_EDGE('',*,*,#3816,.F.);
#5155=ORIENTED_EDGE('',*,*,#3815,.F.);
#5156=ORIENTED_EDGE('',*,*,#3810,.F.);
#5157=ORIENTED_EDGE('',*,*,#3809,.F.);
#5158=ORIENTED_EDGE('',*,*,#3804,.F.);
#5159=ORIENTED_EDGE('',*,*,#3829,.T.);
#5160=ORIENTED_EDGE('',*,*,#3830,.T.);
#5161=ORIENTED_EDGE('',*,*,#3831,.T.);
#5162=ORIENTED_EDGE('',*,*,#3832,.T.);
#5163=ORIENTED_EDGE('',*,*,#3833,.T.);
#5164=ORIENTED_EDGE('',*,*,#3834,.T.);
#5165=ORIENTED_EDGE('',*,*,#3672,.F.);
#5166=ORIENTED_EDGE('',*,*,#3835,.F.);
#5167=ORIENTED_EDGE('',*,*,#3833,.F.);
#5168=ORIENTED_EDGE('',*,*,#3836,.T.);
#5169=ORIENTED_EDGE('',*,*,#3673,.F.);
#5170=ORIENTED_EDGE('',*,*,#3836,.F.);
#5171=ORIENTED_EDGE('',*,*,#3832,.F.);
#5172=ORIENTED_EDGE('',*,*,#3837,.T.);
#5173=ORIENTED_EDGE('',*,*,#3670,.F.);
#5174=ORIENTED_EDGE('',*,*,#3837,.F.);
#5175=ORIENTED_EDGE('',*,*,#3831,.F.);
#5176=ORIENTED_EDGE('',*,*,#3838,.T.);
#5177=ORIENTED_EDGE('',*,*,#3671,.F.);
#5178=ORIENTED_EDGE('',*,*,#3838,.F.);
#5179=ORIENTED_EDGE('',*,*,#3834,.F.);
#5180=ORIENTED_EDGE('',*,*,#3835,.T.);
#5181=ORIENTED_EDGE('',*,*,#3830,.F.);
#5182=ORIENTED_EDGE('',*,*,#3839,.T.);
#5183=ORIENTED_EDGE('',*,*,#3669,.F.);
#5184=ORIENTED_EDGE('',*,*,#3839,.F.);
#5185=ORIENTED_EDGE('',*,*,#3829,.F.);
#5186=ORIENTED_EDGE('',*,*,#3840,.T.);
#5187=ORIENTED_EDGE('',*,*,#3668,.F.);
#5188=ORIENTED_EDGE('',*,*,#3840,.F.);
#5189=ORIENTED_EDGE('',*,*,#3841,.F.);
#5190=ORIENTED_EDGE('',*,*,#3842,.F.);
#5191=ORIENTED_EDGE('',*,*,#3778,.F.);
#5192=ORIENTED_EDGE('',*,*,#3784,.F.);
#5193=ORIENTED_EDGE('',*,*,#3843,.F.);
#5194=ORIENTED_EDGE('',*,*,#3790,.F.);
#5195=ORIENTED_EDGE('',*,*,#3780,.F.);
#5196=ORIENTED_EDGE('',*,*,#3844,.T.);
#5197=ORIENTED_EDGE('',*,*,#3845,.F.);
#5198=ORIENTED_EDGE('',*,*,#3844,.F.);
#5199=ORIENTED_EDGE('',*,*,#3779,.F.);
#5200=ORIENTED_EDGE('',*,*,#3842,.T.);
#5201=ORIENTED_EDGE('',*,*,#3630,.T.);
#5202=ORIENTED_EDGE('',*,*,#3635,.T.);
#5203=ORIENTED_EDGE('',*,*,#3789,.F.);
#5204=ORIENTED_EDGE('',*,*,#3846,.T.);
#5205=ORIENTED_EDGE('',*,*,#3658,.T.);
#5206=ORIENTED_EDGE('',*,*,#3655,.T.);
#5207=ORIENTED_EDGE('',*,*,#3652,.T.);
#5208=ORIENTED_EDGE('',*,*,#3654,.T.);
#5209=ORIENTED_EDGE('',*,*,#3657,.T.);
#5210=ORIENTED_EDGE('',*,*,#3626,.T.);
#5211=ORIENTED_EDGE('',*,*,#3651,.T.);
#5212=ORIENTED_EDGE('',*,*,#3644,.F.);
#5213=ORIENTED_EDGE('',*,*,#3785,.F.);
#5214=ORIENTED_EDGE('',*,*,#3782,.F.);
#5215=ORIENTED_EDGE('',*,*,#3662,.F.);
#5216=ORIENTED_EDGE('',*,*,#3648,.T.);
#5217=ORIENTED_EDGE('',*,*,#3661,.F.);
#5218=ORIENTED_EDGE('',*,*,#3847,.F.);
#5219=ORIENTED_EDGE('',*,*,#3786,.F.);
#5220=ORIENTED_EDGE('',*,*,#3642,.F.);
#5221=ORIENTED_EDGE('',*,*,#3659,.F.);
#5222=ORIENTED_EDGE('',*,*,#3846,.F.);
#5223=ORIENTED_EDGE('',*,*,#3788,.F.);
#5224=ORIENTED_EDGE('',*,*,#3848,.F.);
#5225=ORIENTED_EDGE('',*,*,#3847,.T.);
#5226=ORIENTED_EDGE('',*,*,#3660,.T.);
#5227=ORIENTED_EDGE('',*,*,#3848,.T.);
#5228=ORIENTED_EDGE('',*,*,#3787,.F.);
#5229=ORIENTED_EDGE('',*,*,#3808,.F.);
#5230=ORIENTED_EDGE('',*,*,#3849,.T.);
#5231=ORIENTED_EDGE('',*,*,#3792,.T.);
#5232=ORIENTED_EDGE('',*,*,#3850,.T.);
#5233=ORIENTED_EDGE('',*,*,#3812,.F.);
#5234=ORIENTED_EDGE('',*,*,#3851,.F.);
#5235=ORIENTED_EDGE('',*,*,#3793,.T.);
#5236=ORIENTED_EDGE('',*,*,#3849,.F.);
#5237=ORIENTED_EDGE('',*,*,#3814,.F.);
#5238=ORIENTED_EDGE('',*,*,#3825,.T.);
#5239=ORIENTED_EDGE('',*,*,#3794,.T.);
#5240=ORIENTED_EDGE('',*,*,#3851,.T.);
#5241=ORIENTED_EDGE('',*,*,#3841,.T.);
#5242=ORIENTED_EDGE('',*,*,#3799,.T.);
#5243=ORIENTED_EDGE('',*,*,#3828,.F.);
#5244=ORIENTED_EDGE('',*,*,#3806,.F.);
#5245=ORIENTED_EDGE('',*,*,#3850,.F.);
#5246=ORIENTED_EDGE('',*,*,#3791,.T.);
#5247=ORIENTED_EDGE('',*,*,#3843,.T.);
#5248=ORIENTED_EDGE('',*,*,#3845,.T.);
#5249=ORIENTED_EDGE('',*,*,#3852,.T.);
#5250=ORIENTED_EDGE('',*,*,#3853,.T.);
#5251=ORIENTED_EDGE('',*,*,#3854,.F.);
#5252=ORIENTED_EDGE('',*,*,#3855,.F.);
#5253=ORIENTED_EDGE('',*,*,#3856,.T.);
#5254=ORIENTED_EDGE('',*,*,#3855,.T.);
#5255=ORIENTED_EDGE('',*,*,#3857,.F.);
#5256=ORIENTED_EDGE('',*,*,#3858,.F.);
#5257=ORIENTED_EDGE('',*,*,#3859,.T.);
#5258=ORIENTED_EDGE('',*,*,#3858,.T.);
#5259=ORIENTED_EDGE('',*,*,#3860,.F.);
#5260=ORIENTED_EDGE('',*,*,#3861,.F.);
#5261=ORIENTED_EDGE('',*,*,#3862,.T.);
#5262=ORIENTED_EDGE('',*,*,#3861,.T.);
#5263=ORIENTED_EDGE('',*,*,#3863,.F.);
#5264=ORIENTED_EDGE('',*,*,#3853,.F.);
#5265=ORIENTED_EDGE('',*,*,#3863,.T.);
#5266=ORIENTED_EDGE('',*,*,#3860,.T.);
#5267=ORIENTED_EDGE('',*,*,#3857,.T.);
#5268=ORIENTED_EDGE('',*,*,#3854,.T.);
#5269=ORIENTED_EDGE('',*,*,#3862,.F.);
#5270=ORIENTED_EDGE('',*,*,#3852,.F.);
#5271=ORIENTED_EDGE('',*,*,#3856,.F.);
#5272=ORIENTED_EDGE('',*,*,#3859,.F.);
#5273=ORIENTED_EDGE('',*,*,#3864,.T.);
#5274=ORIENTED_EDGE('',*,*,#3865,.T.);
#5275=ORIENTED_EDGE('',*,*,#3866,.F.);
#5276=ORIENTED_EDGE('',*,*,#3867,.F.);
#5277=ORIENTED_EDGE('',*,*,#3868,.T.);
#5278=ORIENTED_EDGE('',*,*,#3867,.T.);
#5279=ORIENTED_EDGE('',*,*,#3869,.F.);
#5280=ORIENTED_EDGE('',*,*,#3870,.F.);
#5281=ORIENTED_EDGE('',*,*,#3871,.T.);
#5282=ORIENTED_EDGE('',*,*,#3870,.T.);
#5283=ORIENTED_EDGE('',*,*,#3872,.F.);
#5284=ORIENTED_EDGE('',*,*,#3873,.F.);
#5285=ORIENTED_EDGE('',*,*,#3874,.T.);
#5286=ORIENTED_EDGE('',*,*,#3873,.T.);
#5287=ORIENTED_EDGE('',*,*,#3875,.F.);
#5288=ORIENTED_EDGE('',*,*,#3865,.F.);
#5289=ORIENTED_EDGE('',*,*,#3875,.T.);
#5290=ORIENTED_EDGE('',*,*,#3872,.T.);
#5291=ORIENTED_EDGE('',*,*,#3869,.T.);
#5292=ORIENTED_EDGE('',*,*,#3866,.T.);
#5293=ORIENTED_EDGE('',*,*,#3874,.F.);
#5294=ORIENTED_EDGE('',*,*,#3864,.F.);
#5295=ORIENTED_EDGE('',*,*,#3868,.F.);
#5296=ORIENTED_EDGE('',*,*,#3871,.F.);
#5297=ORIENTED_EDGE('',*,*,#3876,.T.);
#5298=ORIENTED_EDGE('',*,*,#3877,.T.);
#5299=ORIENTED_EDGE('',*,*,#3878,.F.);
#5300=ORIENTED_EDGE('',*,*,#3879,.F.);
#5301=ORIENTED_EDGE('',*,*,#3880,.T.);
#5302=ORIENTED_EDGE('',*,*,#3879,.T.);
#5303=ORIENTED_EDGE('',*,*,#3881,.F.);
#5304=ORIENTED_EDGE('',*,*,#3882,.F.);
#5305=ORIENTED_EDGE('',*,*,#3883,.T.);
#5306=ORIENTED_EDGE('',*,*,#3882,.T.);
#5307=ORIENTED_EDGE('',*,*,#3884,.F.);
#5308=ORIENTED_EDGE('',*,*,#3885,.F.);
#5309=ORIENTED_EDGE('',*,*,#3886,.T.);
#5310=ORIENTED_EDGE('',*,*,#3885,.T.);
#5311=ORIENTED_EDGE('',*,*,#3887,.F.);
#5312=ORIENTED_EDGE('',*,*,#3877,.F.);
#5313=ORIENTED_EDGE('',*,*,#3887,.T.);
#5314=ORIENTED_EDGE('',*,*,#3884,.T.);
#5315=ORIENTED_EDGE('',*,*,#3881,.T.);
#5316=ORIENTED_EDGE('',*,*,#3878,.T.);
#5317=ORIENTED_EDGE('',*,*,#3886,.F.);
#5318=ORIENTED_EDGE('',*,*,#3876,.F.);
#5319=ORIENTED_EDGE('',*,*,#3880,.F.);
#5320=ORIENTED_EDGE('',*,*,#3883,.F.);
#5321=ORIENTED_EDGE('',*,*,#3888,.T.);
#5322=ORIENTED_EDGE('',*,*,#3889,.T.);
#5323=ORIENTED_EDGE('',*,*,#3890,.F.);
#5324=ORIENTED_EDGE('',*,*,#3891,.F.);
#5325=ORIENTED_EDGE('',*,*,#3892,.T.);
#5326=ORIENTED_EDGE('',*,*,#3891,.T.);
#5327=ORIENTED_EDGE('',*,*,#3893,.F.);
#5328=ORIENTED_EDGE('',*,*,#3894,.F.);
#5329=ORIENTED_EDGE('',*,*,#3895,.T.);
#5330=ORIENTED_EDGE('',*,*,#3894,.T.);
#5331=ORIENTED_EDGE('',*,*,#3896,.F.);
#5332=ORIENTED_EDGE('',*,*,#3897,.F.);
#5333=ORIENTED_EDGE('',*,*,#3898,.T.);
#5334=ORIENTED_EDGE('',*,*,#3897,.T.);
#5335=ORIENTED_EDGE('',*,*,#3899,.F.);
#5336=ORIENTED_EDGE('',*,*,#3889,.F.);
#5337=ORIENTED_EDGE('',*,*,#3899,.T.);
#5338=ORIENTED_EDGE('',*,*,#3896,.T.);
#5339=ORIENTED_EDGE('',*,*,#3893,.T.);
#5340=ORIENTED_EDGE('',*,*,#3890,.T.);
#5341=ORIENTED_EDGE('',*,*,#3898,.F.);
#5342=ORIENTED_EDGE('',*,*,#3888,.F.);
#5343=ORIENTED_EDGE('',*,*,#3892,.F.);
#5344=ORIENTED_EDGE('',*,*,#3895,.F.);
#5345=ORIENTED_EDGE('',*,*,#3900,.T.);
#5346=ORIENTED_EDGE('',*,*,#3901,.T.);
#5347=ORIENTED_EDGE('',*,*,#3902,.F.);
#5348=ORIENTED_EDGE('',*,*,#3903,.F.);
#5349=ORIENTED_EDGE('',*,*,#3904,.T.);
#5350=ORIENTED_EDGE('',*,*,#3903,.T.);
#5351=ORIENTED_EDGE('',*,*,#3905,.F.);
#5352=ORIENTED_EDGE('',*,*,#3906,.F.);
#5353=ORIENTED_EDGE('',*,*,#3907,.T.);
#5354=ORIENTED_EDGE('',*,*,#3906,.T.);
#5355=ORIENTED_EDGE('',*,*,#3908,.F.);
#5356=ORIENTED_EDGE('',*,*,#3909,.F.);
#5357=ORIENTED_EDGE('',*,*,#3910,.T.);
#5358=ORIENTED_EDGE('',*,*,#3909,.T.);
#5359=ORIENTED_EDGE('',*,*,#3911,.F.);
#5360=ORIENTED_EDGE('',*,*,#3901,.F.);
#5361=ORIENTED_EDGE('',*,*,#3911,.T.);
#5362=ORIENTED_EDGE('',*,*,#3908,.T.);
#5363=ORIENTED_EDGE('',*,*,#3905,.T.);
#5364=ORIENTED_EDGE('',*,*,#3902,.T.);
#5365=ORIENTED_EDGE('',*,*,#3910,.F.);
#5366=ORIENTED_EDGE('',*,*,#3900,.F.);
#5367=ORIENTED_EDGE('',*,*,#3904,.F.);
#5368=ORIENTED_EDGE('',*,*,#3907,.F.);
#5369=ORIENTED_EDGE('',*,*,#3912,.T.);
#5370=ORIENTED_EDGE('',*,*,#3913,.T.);
#5371=ORIENTED_EDGE('',*,*,#3914,.F.);
#5372=ORIENTED_EDGE('',*,*,#3915,.F.);
#5373=ORIENTED_EDGE('',*,*,#3916,.T.);
#5374=ORIENTED_EDGE('',*,*,#3915,.T.);
#5375=ORIENTED_EDGE('',*,*,#3917,.F.);
#5376=ORIENTED_EDGE('',*,*,#3918,.F.);
#5377=ORIENTED_EDGE('',*,*,#3919,.T.);
#5378=ORIENTED_EDGE('',*,*,#3918,.T.);
#5379=ORIENTED_EDGE('',*,*,#3920,.F.);
#5380=ORIENTED_EDGE('',*,*,#3921,.F.);
#5381=ORIENTED_EDGE('',*,*,#3922,.T.);
#5382=ORIENTED_EDGE('',*,*,#3921,.T.);
#5383=ORIENTED_EDGE('',*,*,#3923,.F.);
#5384=ORIENTED_EDGE('',*,*,#3913,.F.);
#5385=ORIENTED_EDGE('',*,*,#3923,.T.);
#5386=ORIENTED_EDGE('',*,*,#3920,.T.);
#5387=ORIENTED_EDGE('',*,*,#3917,.T.);
#5388=ORIENTED_EDGE('',*,*,#3914,.T.);
#5389=ORIENTED_EDGE('',*,*,#3922,.F.);
#5390=ORIENTED_EDGE('',*,*,#3912,.F.);
#5391=ORIENTED_EDGE('',*,*,#3916,.F.);
#5392=ORIENTED_EDGE('',*,*,#3919,.F.);
#5393=ORIENTED_EDGE('',*,*,#3924,.T.);
#5394=ORIENTED_EDGE('',*,*,#3925,.T.);
#5395=ORIENTED_EDGE('',*,*,#3926,.F.);
#5396=ORIENTED_EDGE('',*,*,#3927,.F.);
#5397=ORIENTED_EDGE('',*,*,#3928,.T.);
#5398=ORIENTED_EDGE('',*,*,#3927,.T.);
#5399=ORIENTED_EDGE('',*,*,#3929,.F.);
#5400=ORIENTED_EDGE('',*,*,#3930,.F.);
#5401=ORIENTED_EDGE('',*,*,#3931,.T.);
#5402=ORIENTED_EDGE('',*,*,#3930,.T.);
#5403=ORIENTED_EDGE('',*,*,#3932,.F.);
#5404=ORIENTED_EDGE('',*,*,#3933,.F.);
#5405=ORIENTED_EDGE('',*,*,#3934,.T.);
#5406=ORIENTED_EDGE('',*,*,#3933,.T.);
#5407=ORIENTED_EDGE('',*,*,#3935,.F.);
#5408=ORIENTED_EDGE('',*,*,#3925,.F.);
#5409=ORIENTED_EDGE('',*,*,#3935,.T.);
#5410=ORIENTED_EDGE('',*,*,#3932,.T.);
#5411=ORIENTED_EDGE('',*,*,#3929,.T.);
#5412=ORIENTED_EDGE('',*,*,#3926,.T.);
#5413=ORIENTED_EDGE('',*,*,#3934,.F.);
#5414=ORIENTED_EDGE('',*,*,#3924,.F.);
#5415=ORIENTED_EDGE('',*,*,#3928,.F.);
#5416=ORIENTED_EDGE('',*,*,#3931,.F.);
#5417=ORIENTED_EDGE('',*,*,#3936,.T.);
#5418=ORIENTED_EDGE('',*,*,#3937,.T.);
#5419=ORIENTED_EDGE('',*,*,#3938,.F.);
#5420=ORIENTED_EDGE('',*,*,#3939,.F.);
#5421=ORIENTED_EDGE('',*,*,#3940,.T.);
#5422=ORIENTED_EDGE('',*,*,#3939,.T.);
#5423=ORIENTED_EDGE('',*,*,#3941,.F.);
#5424=ORIENTED_EDGE('',*,*,#3942,.F.);
#5425=ORIENTED_EDGE('',*,*,#3943,.T.);
#5426=ORIENTED_EDGE('',*,*,#3942,.T.);
#5427=ORIENTED_EDGE('',*,*,#3944,.F.);
#5428=ORIENTED_EDGE('',*,*,#3945,.F.);
#5429=ORIENTED_EDGE('',*,*,#3946,.T.);
#5430=ORIENTED_EDGE('',*,*,#3945,.T.);
#5431=ORIENTED_EDGE('',*,*,#3947,.F.);
#5432=ORIENTED_EDGE('',*,*,#3937,.F.);
#5433=ORIENTED_EDGE('',*,*,#3947,.T.);
#5434=ORIENTED_EDGE('',*,*,#3944,.T.);
#5435=ORIENTED_EDGE('',*,*,#3941,.T.);
#5436=ORIENTED_EDGE('',*,*,#3938,.T.);
#5437=ORIENTED_EDGE('',*,*,#3946,.F.);
#5438=ORIENTED_EDGE('',*,*,#3936,.F.);
#5439=ORIENTED_EDGE('',*,*,#3940,.F.);
#5440=ORIENTED_EDGE('',*,*,#3943,.F.);
#5441=ORIENTED_EDGE('',*,*,#3948,.F.);
#5442=ORIENTED_EDGE('',*,*,#3949,.T.);
#5443=ORIENTED_EDGE('',*,*,#3950,.T.);
#5444=ORIENTED_EDGE('',*,*,#3949,.F.);
#5445=ORIENTED_EDGE('',*,*,#3948,.T.);
#5446=ORIENTED_EDGE('',*,*,#3950,.F.);
#5447=ORIENTED_EDGE('',*,*,#3951,.T.);
#5448=ORIENTED_EDGE('',*,*,#3952,.T.);
#5449=ORIENTED_EDGE('',*,*,#3953,.F.);
#5450=ORIENTED_EDGE('',*,*,#3954,.F.);
#5451=ORIENTED_EDGE('',*,*,#3955,.T.);
#5452=ORIENTED_EDGE('',*,*,#3954,.T.);
#5453=ORIENTED_EDGE('',*,*,#3956,.F.);
#5454=ORIENTED_EDGE('',*,*,#3957,.F.);
#5455=ORIENTED_EDGE('',*,*,#3958,.T.);
#5456=ORIENTED_EDGE('',*,*,#3957,.T.);
#5457=ORIENTED_EDGE('',*,*,#3959,.F.);
#5458=ORIENTED_EDGE('',*,*,#3960,.F.);
#5459=ORIENTED_EDGE('',*,*,#3961,.T.);
#5460=ORIENTED_EDGE('',*,*,#3960,.T.);
#5461=ORIENTED_EDGE('',*,*,#3962,.F.);
#5462=ORIENTED_EDGE('',*,*,#3952,.F.);
#5463=ORIENTED_EDGE('',*,*,#3962,.T.);
#5464=ORIENTED_EDGE('',*,*,#3959,.T.);
#5465=ORIENTED_EDGE('',*,*,#3956,.T.);
#5466=ORIENTED_EDGE('',*,*,#3953,.T.);
#5467=ORIENTED_EDGE('',*,*,#3961,.F.);
#5468=ORIENTED_EDGE('',*,*,#3951,.F.);
#5469=ORIENTED_EDGE('',*,*,#3955,.F.);
#5470=ORIENTED_EDGE('',*,*,#3958,.F.);
#5471=ORIENTED_EDGE('',*,*,#3963,.F.);
#5472=ORIENTED_EDGE('',*,*,#3964,.T.);
#5473=ORIENTED_EDGE('',*,*,#3965,.F.);
#5474=ORIENTED_EDGE('',*,*,#3964,.F.);
#5475=ORIENTED_EDGE('',*,*,#3966,.F.);
#5476=ORIENTED_EDGE('',*,*,#3967,.T.);
#5477=ORIENTED_EDGE('',*,*,#3968,.F.);
#5478=ORIENTED_EDGE('',*,*,#3967,.F.);
#5479=ORIENTED_EDGE('',*,*,#3969,.T.);
#5480=ORIENTED_EDGE('',*,*,#3970,.T.);
#5481=ORIENTED_EDGE('',*,*,#3971,.F.);
#5482=ORIENTED_EDGE('',*,*,#3972,.F.);
#5483=ORIENTED_EDGE('',*,*,#3973,.T.);
#5484=ORIENTED_EDGE('',*,*,#3972,.T.);
#5485=ORIENTED_EDGE('',*,*,#3974,.F.);
#5486=ORIENTED_EDGE('',*,*,#3975,.F.);
#5487=ORIENTED_EDGE('',*,*,#3976,.T.);
#5488=ORIENTED_EDGE('',*,*,#3975,.T.);
#5489=ORIENTED_EDGE('',*,*,#3977,.F.);
#5490=ORIENTED_EDGE('',*,*,#3978,.F.);
#5491=ORIENTED_EDGE('',*,*,#3979,.T.);
#5492=ORIENTED_EDGE('',*,*,#3978,.T.);
#5493=ORIENTED_EDGE('',*,*,#3980,.F.);
#5494=ORIENTED_EDGE('',*,*,#3970,.F.);
#5495=ORIENTED_EDGE('',*,*,#3980,.T.);
#5496=ORIENTED_EDGE('',*,*,#3977,.T.);
#5497=ORIENTED_EDGE('',*,*,#3974,.T.);
#5498=ORIENTED_EDGE('',*,*,#3971,.T.);
#5499=ORIENTED_EDGE('',*,*,#3965,.T.);
#5500=ORIENTED_EDGE('',*,*,#3968,.T.);
#5501=ORIENTED_EDGE('',*,*,#3979,.F.);
#5502=ORIENTED_EDGE('',*,*,#3969,.F.);
#5503=ORIENTED_EDGE('',*,*,#3973,.F.);
#5504=ORIENTED_EDGE('',*,*,#3976,.F.);
#5505=ORIENTED_EDGE('',*,*,#3963,.T.);
#5506=ORIENTED_EDGE('',*,*,#3966,.T.);
#5507=ORIENTED_EDGE('',*,*,#3981,.F.);
#5508=ORIENTED_EDGE('',*,*,#3982,.T.);
#5509=ORIENTED_EDGE('',*,*,#3983,.F.);
#5510=ORIENTED_EDGE('',*,*,#3982,.F.);
#5511=ORIENTED_EDGE('',*,*,#3981,.T.);
#5512=ORIENTED_EDGE('',*,*,#3984,.T.);
#5513=ORIENTED_EDGE('',*,*,#3985,.T.);
#5514=ORIENTED_EDGE('',*,*,#3986,.F.);
#5515=ORIENTED_EDGE('',*,*,#3987,.F.);
#5516=ORIENTED_EDGE('',*,*,#3988,.T.);
#5517=ORIENTED_EDGE('',*,*,#3987,.T.);
#5518=ORIENTED_EDGE('',*,*,#3989,.F.);
#5519=ORIENTED_EDGE('',*,*,#3990,.F.);
#5520=ORIENTED_EDGE('',*,*,#3991,.T.);
#5521=ORIENTED_EDGE('',*,*,#3990,.T.);
#5522=ORIENTED_EDGE('',*,*,#3992,.F.);
#5523=ORIENTED_EDGE('',*,*,#3993,.F.);
#5524=ORIENTED_EDGE('',*,*,#3994,.T.);
#5525=ORIENTED_EDGE('',*,*,#3993,.T.);
#5526=ORIENTED_EDGE('',*,*,#3995,.F.);
#5527=ORIENTED_EDGE('',*,*,#3985,.F.);
#5528=ORIENTED_EDGE('',*,*,#3995,.T.);
#5529=ORIENTED_EDGE('',*,*,#3992,.T.);
#5530=ORIENTED_EDGE('',*,*,#3989,.T.);
#5531=ORIENTED_EDGE('',*,*,#3986,.T.);
#5532=ORIENTED_EDGE('',*,*,#3983,.T.);
#5533=ORIENTED_EDGE('',*,*,#3994,.F.);
#5534=ORIENTED_EDGE('',*,*,#3984,.F.);
#5535=ORIENTED_EDGE('',*,*,#3988,.F.);
#5536=ORIENTED_EDGE('',*,*,#3991,.F.);
#5537=ORIENTED_EDGE('',*,*,#3996,.F.);
#5538=ORIENTED_EDGE('',*,*,#3997,.T.);
#5539=ORIENTED_EDGE('',*,*,#3998,.F.);
#5540=ORIENTED_EDGE('',*,*,#3997,.F.);
#5541=ORIENTED_EDGE('',*,*,#3996,.T.);
#5542=ORIENTED_EDGE('',*,*,#3999,.T.);
#5543=ORIENTED_EDGE('',*,*,#4000,.T.);
#5544=ORIENTED_EDGE('',*,*,#4001,.F.);
#5545=ORIENTED_EDGE('',*,*,#4002,.F.);
#5546=ORIENTED_EDGE('',*,*,#4003,.T.);
#5547=ORIENTED_EDGE('',*,*,#4002,.T.);
#5548=ORIENTED_EDGE('',*,*,#4004,.F.);
#5549=ORIENTED_EDGE('',*,*,#4005,.F.);
#5550=ORIENTED_EDGE('',*,*,#4006,.T.);
#5551=ORIENTED_EDGE('',*,*,#4005,.T.);
#5552=ORIENTED_EDGE('',*,*,#4007,.F.);
#5553=ORIENTED_EDGE('',*,*,#4008,.F.);
#5554=ORIENTED_EDGE('',*,*,#4009,.T.);
#5555=ORIENTED_EDGE('',*,*,#4008,.T.);
#5556=ORIENTED_EDGE('',*,*,#4010,.F.);
#5557=ORIENTED_EDGE('',*,*,#4000,.F.);
#5558=ORIENTED_EDGE('',*,*,#4010,.T.);
#5559=ORIENTED_EDGE('',*,*,#4007,.T.);
#5560=ORIENTED_EDGE('',*,*,#4004,.T.);
#5561=ORIENTED_EDGE('',*,*,#4001,.T.);
#5562=ORIENTED_EDGE('',*,*,#3998,.T.);
#5563=ORIENTED_EDGE('',*,*,#4009,.F.);
#5564=ORIENTED_EDGE('',*,*,#3999,.F.);
#5565=ORIENTED_EDGE('',*,*,#4003,.F.);
#5566=ORIENTED_EDGE('',*,*,#4006,.F.);
#5567=ORIENTED_EDGE('',*,*,#4011,.F.);
#5568=ORIENTED_EDGE('',*,*,#4012,.T.);
#5569=ORIENTED_EDGE('',*,*,#4013,.T.);
#5570=ORIENTED_EDGE('',*,*,#4012,.F.);
#5571=ORIENTED_EDGE('',*,*,#4013,.F.);
#5572=ORIENTED_EDGE('',*,*,#4014,.F.);
#5573=ORIENTED_EDGE('',*,*,#4015,.T.);
#5574=ORIENTED_EDGE('',*,*,#4016,.F.);
#5575=ORIENTED_EDGE('',*,*,#4015,.F.);
#5576=ORIENTED_EDGE('',*,*,#4014,.T.);
#5577=ORIENTED_EDGE('',*,*,#4017,.F.);
#5578=ORIENTED_EDGE('',*,*,#4018,.T.);
#5579=ORIENTED_EDGE('',*,*,#4019,.T.);
#5580=ORIENTED_EDGE('',*,*,#4018,.F.);
#5581=ORIENTED_EDGE('',*,*,#4017,.T.);
#5582=ORIENTED_EDGE('',*,*,#4016,.T.);
#5583=ORIENTED_EDGE('',*,*,#4019,.F.);
#5584=ORIENTED_EDGE('',*,*,#4011,.T.);
#5585=ORIENTED_EDGE('',*,*,#4020,.F.);
#5586=ORIENTED_EDGE('',*,*,#4021,.T.);
#5587=ORIENTED_EDGE('',*,*,#4022,.T.);
#5588=ORIENTED_EDGE('',*,*,#4021,.F.);
#5589=ORIENTED_EDGE('',*,*,#4022,.F.);
#5590=ORIENTED_EDGE('',*,*,#4023,.F.);
#5591=ORIENTED_EDGE('',*,*,#4024,.T.);
#5592=ORIENTED_EDGE('',*,*,#4025,.F.);
#5593=ORIENTED_EDGE('',*,*,#4024,.F.);
#5594=ORIENTED_EDGE('',*,*,#4023,.T.);
#5595=ORIENTED_EDGE('',*,*,#4026,.F.);
#5596=ORIENTED_EDGE('',*,*,#4027,.T.);
#5597=ORIENTED_EDGE('',*,*,#4028,.T.);
#5598=ORIENTED_EDGE('',*,*,#4027,.F.);
#5599=ORIENTED_EDGE('',*,*,#4026,.T.);
#5600=ORIENTED_EDGE('',*,*,#4025,.T.);
#5601=ORIENTED_EDGE('',*,*,#4028,.F.);
#5602=ORIENTED_EDGE('',*,*,#4020,.T.);
#5603=ORIENTED_EDGE('',*,*,#4029,.F.);
#5604=ORIENTED_EDGE('',*,*,#4030,.T.);
#5605=ORIENTED_EDGE('',*,*,#4031,.F.);
#5606=ORIENTED_EDGE('',*,*,#4030,.F.);
#5607=ORIENTED_EDGE('',*,*,#4032,.F.);
#5608=ORIENTED_EDGE('',*,*,#4033,.T.);
#5609=ORIENTED_EDGE('',*,*,#4034,.T.);
#5610=ORIENTED_EDGE('',*,*,#4033,.F.);
#5611=ORIENTED_EDGE('',*,*,#4032,.T.);
#5612=ORIENTED_EDGE('',*,*,#4031,.T.);
#5613=ORIENTED_EDGE('',*,*,#4034,.F.);
#5614=ORIENTED_EDGE('',*,*,#4029,.T.);
#5615=ORIENTED_EDGE('',*,*,#4035,.F.);
#5616=ORIENTED_EDGE('',*,*,#4036,.T.);
#5617=ORIENTED_EDGE('',*,*,#4037,.F.);
#5618=ORIENTED_EDGE('',*,*,#4036,.F.);
#5619=ORIENTED_EDGE('',*,*,#4035,.T.);
#5620=ORIENTED_EDGE('',*,*,#4038,.F.);
#5621=ORIENTED_EDGE('',*,*,#4039,.T.);
#5622=ORIENTED_EDGE('',*,*,#4040,.T.);
#5623=ORIENTED_EDGE('',*,*,#4039,.F.);
#5624=ORIENTED_EDGE('',*,*,#4038,.T.);
#5625=ORIENTED_EDGE('',*,*,#4037,.T.);
#5626=ORIENTED_EDGE('',*,*,#4040,.F.);
#5627=ORIENTED_EDGE('',*,*,#4041,.F.);
#5628=ORIENTED_EDGE('',*,*,#4042,.T.);
#5629=ORIENTED_EDGE('',*,*,#4043,.F.);
#5630=ORIENTED_EDGE('',*,*,#4042,.F.);
#5631=ORIENTED_EDGE('',*,*,#4044,.F.);
#5632=ORIENTED_EDGE('',*,*,#4045,.T.);
#5633=ORIENTED_EDGE('',*,*,#4046,.T.);
#5634=ORIENTED_EDGE('',*,*,#4045,.F.);
#5635=ORIENTED_EDGE('',*,*,#4044,.T.);
#5636=ORIENTED_EDGE('',*,*,#4043,.T.);
#5637=ORIENTED_EDGE('',*,*,#4046,.F.);
#5638=ORIENTED_EDGE('',*,*,#4041,.T.);
#5639=ORIENTED_EDGE('',*,*,#4047,.F.);
#5640=ORIENTED_EDGE('',*,*,#4048,.T.);
#5641=ORIENTED_EDGE('',*,*,#4049,.F.);
#5642=ORIENTED_EDGE('',*,*,#4048,.F.);
#5643=ORIENTED_EDGE('',*,*,#4047,.T.);
#5644=ORIENTED_EDGE('',*,*,#4050,.F.);
#5645=ORIENTED_EDGE('',*,*,#4051,.T.);
#5646=ORIENTED_EDGE('',*,*,#4052,.T.);
#5647=ORIENTED_EDGE('',*,*,#4051,.F.);
#5648=ORIENTED_EDGE('',*,*,#4050,.T.);
#5649=ORIENTED_EDGE('',*,*,#4049,.T.);
#5650=ORIENTED_EDGE('',*,*,#4052,.F.);
#5651=ORIENTED_EDGE('',*,*,#4053,.F.);
#5652=ORIENTED_EDGE('',*,*,#4054,.T.);
#5653=ORIENTED_EDGE('',*,*,#4055,.F.);
#5654=ORIENTED_EDGE('',*,*,#4054,.F.);
#5655=ORIENTED_EDGE('',*,*,#4056,.F.);
#5656=ORIENTED_EDGE('',*,*,#4057,.T.);
#5657=ORIENTED_EDGE('',*,*,#4058,.T.);
#5658=ORIENTED_EDGE('',*,*,#4057,.F.);
#5659=ORIENTED_EDGE('',*,*,#4056,.T.);
#5660=ORIENTED_EDGE('',*,*,#4055,.T.);
#5661=ORIENTED_EDGE('',*,*,#4058,.F.);
#5662=ORIENTED_EDGE('',*,*,#4053,.T.);
#5663=ORIENTED_EDGE('',*,*,#4059,.F.);
#5664=ORIENTED_EDGE('',*,*,#4060,.T.);
#5665=ORIENTED_EDGE('',*,*,#4061,.F.);
#5666=ORIENTED_EDGE('',*,*,#4060,.F.);
#5667=ORIENTED_EDGE('',*,*,#4059,.T.);
#5668=ORIENTED_EDGE('',*,*,#4062,.F.);
#5669=ORIENTED_EDGE('',*,*,#4063,.T.);
#5670=ORIENTED_EDGE('',*,*,#4064,.T.);
#5671=ORIENTED_EDGE('',*,*,#4063,.F.);
#5672=ORIENTED_EDGE('',*,*,#4062,.T.);
#5673=ORIENTED_EDGE('',*,*,#4061,.T.);
#5674=ORIENTED_EDGE('',*,*,#4064,.F.);
#5675=ORIENTED_EDGE('',*,*,#4065,.F.);
#5676=ORIENTED_EDGE('',*,*,#4066,.T.);
#5677=ORIENTED_EDGE('',*,*,#4067,.F.);
#5678=ORIENTED_EDGE('',*,*,#4066,.F.);
#5679=ORIENTED_EDGE('',*,*,#4068,.F.);
#5680=ORIENTED_EDGE('',*,*,#4069,.T.);
#5681=ORIENTED_EDGE('',*,*,#4070,.T.);
#5682=ORIENTED_EDGE('',*,*,#4069,.F.);
#5683=ORIENTED_EDGE('',*,*,#4068,.T.);
#5684=ORIENTED_EDGE('',*,*,#4067,.T.);
#5685=ORIENTED_EDGE('',*,*,#4070,.F.);
#5686=ORIENTED_EDGE('',*,*,#4065,.T.);
#5687=ORIENTED_EDGE('',*,*,#4071,.F.);
#5688=ORIENTED_EDGE('',*,*,#4072,.T.);
#5689=ORIENTED_EDGE('',*,*,#4073,.F.);
#5690=ORIENTED_EDGE('',*,*,#4072,.F.);
#5691=ORIENTED_EDGE('',*,*,#4071,.T.);
#5692=ORIENTED_EDGE('',*,*,#4074,.F.);
#5693=ORIENTED_EDGE('',*,*,#4075,.T.);
#5694=ORIENTED_EDGE('',*,*,#4076,.T.);
#5695=ORIENTED_EDGE('',*,*,#4075,.F.);
#5696=ORIENTED_EDGE('',*,*,#4074,.T.);
#5697=ORIENTED_EDGE('',*,*,#4073,.T.);
#5698=ORIENTED_EDGE('',*,*,#4076,.F.);
#5699=CYLINDRICAL_SURFACE('',#6176,4.);
#5700=CYLINDRICAL_SURFACE('',#6179,4.);
#5701=CYLINDRICAL_SURFACE('',#6182,4.);
#5702=CYLINDRICAL_SURFACE('',#6197,3.1);
#5703=CYLINDRICAL_SURFACE('',#6202,3.1);
#5704=CYLINDRICAL_SURFACE('',#6207,3.1);
#5705=CYLINDRICAL_SURFACE('',#6212,3.1);
#5706=CYLINDRICAL_SURFACE('',#6217,1.7);
#5707=CYLINDRICAL_SURFACE('',#6219,1.7);
#5708=CYLINDRICAL_SURFACE('',#6221,1.7);
#5709=CYLINDRICAL_SURFACE('',#6223,1.7);
#5710=CYLINDRICAL_SURFACE('',#6226,4.);
#5711=CYLINDRICAL_SURFACE('',#6230,4.);
#5712=CYLINDRICAL_SURFACE('',#6234,4.);
#5713=CYLINDRICAL_SURFACE('',#6241,4.);
#5714=CYLINDRICAL_SURFACE('',#6243,4.);
#5715=CYLINDRICAL_SURFACE('',#6245,5.2);
#5716=CYLINDRICAL_SURFACE('',#6248,5.2);
#5717=CYLINDRICAL_SURFACE('',#6298,0.9);
#5718=CYLINDRICAL_SURFACE('',#6300,0.9);
#5719=CYLINDRICAL_SURFACE('',#6355,6.);
#5720=CYLINDRICAL_SURFACE('',#6358,6.);
#5721=CYLINDRICAL_SURFACE('',#6361,6.);
#5722=CYLINDRICAL_SURFACE('',#6363,6.);
#5723=CYLINDRICAL_SURFACE('',#6368,2.2);
#5724=CYLINDRICAL_SURFACE('',#6372,2.2);
#5725=CYLINDRICAL_SURFACE('',#6376,2.2);
#5726=CYLINDRICAL_SURFACE('',#6380,2.2);
#5727=CYLINDRICAL_SURFACE('',#6384,4.);
#5728=CYLINDRICAL_SURFACE('',#6389,4.);
#5729=CYLINDRICAL_SURFACE('',#6392,4.);
#5730=CYLINDRICAL_SURFACE('',#6397,4.);
#5731=CYLINDRICAL_SURFACE('',#6404,4.);
#5732=CYLINDRICAL_SURFACE('',#6481,6.);
#5733=CYLINDRICAL_SURFACE('',#6483,6.);
#5734=CYLINDRICAL_SURFACE('',#6491,3.1);
#5735=CYLINDRICAL_SURFACE('',#6492,3.1);
#5736=CYLINDRICAL_SURFACE('',#6497,4.);
#5737=CYLINDRICAL_SURFACE('',#6498,4.);
#5738=CYLINDRICAL_SURFACE('',#6499,4.);
#5739=CYLINDRICAL_SURFACE('',#6501,6.);
#5740=CYLINDRICAL_SURFACE('',#6503,6.);
#5741=CYLINDRICAL_SURFACE('',#6553,5.);
#5742=CYLINDRICAL_SURFACE('',#6564,1.);
#5743=CYLINDRICAL_SURFACE('',#6567,1.);
#5744=CYLINDRICAL_SURFACE('',#6576,1.75);
#5745=CYLINDRICAL_SURFACE('',#6586,1.75);
#5746=CYLINDRICAL_SURFACE('',#6596,1.85);
#5747=CYLINDRICAL_SURFACE('',#6600,2.8);
#5748=CYLINDRICAL_SURFACE('',#6604,4.);
#5749=CYLINDRICAL_SURFACE('',#6609,1.85);
#5750=CYLINDRICAL_SURFACE('',#6613,2.8);
#5751=CYLINDRICAL_SURFACE('',#6617,4.);
#5752=CYLINDRICAL_SURFACE('',#6622,1.5);
#5753=CYLINDRICAL_SURFACE('',#6625,2.2);
#5754=CYLINDRICAL_SURFACE('',#6630,1.45);
#5755=CYLINDRICAL_SURFACE('',#6634,2.85);
#5756=CYLINDRICAL_SURFACE('',#6639,1.5);
#5757=CYLINDRICAL_SURFACE('',#6642,2.2);
#5758=CYLINDRICAL_SURFACE('',#6647,1.45);
#5759=CYLINDRICAL_SURFACE('',#6651,2.85);
#5760=CYLINDRICAL_SURFACE('',#6656,1.5);
#5761=CYLINDRICAL_SURFACE('',#6659,2.2);
#5762=CYLINDRICAL_SURFACE('',#6664,1.45);
#5763=CYLINDRICAL_SURFACE('',#6668,2.85);
#5764=CYLINDRICAL_SURFACE('',#6673,1.5);
#5765=CYLINDRICAL_SURFACE('',#6676,2.2);
#5766=CYLINDRICAL_SURFACE('',#6681,1.45);
#5767=CYLINDRICAL_SURFACE('',#6685,2.85);
#5768=ADVANCED_FACE('',(#437),#5699,.T.);
#5769=ADVANCED_FACE('',(#438),#5700,.T.);
#5770=ADVANCED_FACE('',(#439),#5701,.T.);
#5771=ADVANCED_FACE('',(#440,#67,#68,#69,#70,#71,#72,#73,#74,#75,#76,#77,
#78,#79,#80,#81,#82,#83,#84,#85,#86),#140,.T.);
#5772=ADVANCED_FACE('',(#441,#87),#141,.T.);
#5773=ADVANCED_FACE('',(#442),#5702,.F.);
#5774=ADVANCED_FACE('',(#443,#88),#142,.F.);
#5775=ADVANCED_FACE('',(#444),#5703,.F.);
#5776=ADVANCED_FACE('',(#445,#89),#143,.F.);
#5777=ADVANCED_FACE('',(#446),#5704,.F.);
#5778=ADVANCED_FACE('',(#447,#90),#144,.F.);
#5779=ADVANCED_FACE('',(#448),#5705,.F.);
#5780=ADVANCED_FACE('',(#449,#91),#145,.F.);
#5781=ADVANCED_FACE('',(#450),#5706,.F.);
#5782=ADVANCED_FACE('',(#451),#5707,.F.);
#5783=ADVANCED_FACE('',(#452),#5708,.F.);
#5784=ADVANCED_FACE('',(#453),#5709,.F.);
#5785=ADVANCED_FACE('',(#454),#146,.T.);
#5786=ADVANCED_FACE('',(#455),#147,.T.);
#5787=ADVANCED_FACE('',(#456),#5710,.T.);
#5788=ADVANCED_FACE('',(#457,#92),#148,.T.);
#5789=ADVANCED_FACE('',(#458),#149,.T.);
#5790=ADVANCED_FACE('',(#459),#5711,.T.);
#5791=ADVANCED_FACE('',(#460,#93),#150,.T.);
#5792=ADVANCED_FACE('',(#461),#151,.T.);
#5793=ADVANCED_FACE('',(#462),#5712,.T.);
#5794=ADVANCED_FACE('',(#463,#94),#152,.T.);
#5795=ADVANCED_FACE('',(#464),#153,.T.);
#5796=ADVANCED_FACE('',(#465),#154,.T.);
#5797=ADVANCED_FACE('',(#466),#5713,.T.);
#5798=ADVANCED_FACE('',(#467),#5714,.T.);
#5799=ADVANCED_FACE('',(#468),#5715,.F.);
#5800=ADVANCED_FACE('',(#469),#5716,.F.);
#5801=ADVANCED_FACE('',(#470),#155,.T.);
#5802=ADVANCED_FACE('',(#471),#156,.T.);
#5803=ADVANCED_FACE('',(#472),#157,.T.);
#5804=ADVANCED_FACE('',(#473),#158,.T.);
#5805=ADVANCED_FACE('',(#474),#159,.T.);
#5806=ADVANCED_FACE('',(#475),#160,.T.);
#5807=ADVANCED_FACE('',(#476),#161,.T.);
#5808=ADVANCED_FACE('',(#477),#162,.T.);
#5809=ADVANCED_FACE('',(#478),#163,.T.);
#5810=ADVANCED_FACE('',(#479),#164,.T.);
#5811=ADVANCED_FACE('',(#480),#165,.T.);
#5812=ADVANCED_FACE('',(#481),#166,.T.);
#5813=ADVANCED_FACE('',(#482),#167,.T.);
#5814=ADVANCED_FACE('',(#483),#168,.T.);
#5815=ADVANCED_FACE('',(#484),#169,.T.);
#5816=ADVANCED_FACE('',(#485),#170,.T.);
#5817=ADVANCED_FACE('',(#486),#171,.T.);
#5818=ADVANCED_FACE('',(#487),#172,.T.);
#5819=ADVANCED_FACE('',(#488),#173,.T.);
#5820=ADVANCED_FACE('',(#489),#174,.T.);
#5821=ADVANCED_FACE('',(#490),#175,.T.);
#5822=ADVANCED_FACE('',(#491),#176,.T.);
#5823=ADVANCED_FACE('',(#492),#177,.T.);
#5824=ADVANCED_FACE('',(#493),#178,.T.);
#5825=ADVANCED_FACE('',(#494),#179,.T.);
#5826=ADVANCED_FACE('',(#495),#180,.T.);
#5827=ADVANCED_FACE('',(#496),#181,.T.);
#5828=ADVANCED_FACE('',(#497),#182,.T.);
#5829=ADVANCED_FACE('',(#498),#183,.T.);
#5830=ADVANCED_FACE('',(#499),#184,.T.);
#5831=ADVANCED_FACE('',(#500),#185,.T.);
#5832=ADVANCED_FACE('',(#501),#186,.T.);
#5833=ADVANCED_FACE('',(#502),#187,.T.);
#5834=ADVANCED_FACE('',(#503),#188,.T.);
#5835=ADVANCED_FACE('',(#504),#189,.T.);
#5836=ADVANCED_FACE('',(#505),#190,.T.);
#5837=ADVANCED_FACE('',(#506),#191,.T.);
#5838=ADVANCED_FACE('',(#507),#192,.T.);
#5839=ADVANCED_FACE('',(#508),#193,.T.);
#5840=ADVANCED_FACE('',(#509),#194,.T.);
#5841=ADVANCED_FACE('',(#510),#195,.T.);
#5842=ADVANCED_FACE('',(#511),#196,.T.);
#5843=ADVANCED_FACE('',(#512),#197,.T.);
#5844=ADVANCED_FACE('',(#513),#198,.T.);
#5845=ADVANCED_FACE('',(#514),#199,.T.);
#5846=ADVANCED_FACE('',(#515),#200,.T.);
#5847=ADVANCED_FACE('',(#516),#201,.T.);
#5848=ADVANCED_FACE('',(#517),#5717,.T.);
#5849=ADVANCED_FACE('',(#518),#5718,.T.);
#5850=ADVANCED_FACE('',(#519),#202,.T.);
#5851=ADVANCED_FACE('',(#520),#203,.T.);
#5852=ADVANCED_FACE('',(#521),#204,.T.);
#5853=ADVANCED_FACE('',(#522),#205,.T.);
#5854=ADVANCED_FACE('',(#523,#95),#206,.T.);
#5855=ADVANCED_FACE('',(#524),#207,.T.);
#5856=ADVANCED_FACE('',(#525),#208,.T.);
#5857=ADVANCED_FACE('',(#526),#209,.T.);
#5858=ADVANCED_FACE('',(#527),#210,.T.);
#5859=ADVANCED_FACE('',(#528,#96),#211,.T.);
#5860=ADVANCED_FACE('',(#529),#212,.T.);
#5861=ADVANCED_FACE('',(#530),#213,.T.);
#5862=ADVANCED_FACE('',(#531),#214,.T.);
#5863=ADVANCED_FACE('',(#532),#215,.T.);
#5864=ADVANCED_FACE('',(#533),#216,.T.);
#5865=ADVANCED_FACE('',(#534),#217,.T.);
#5866=ADVANCED_FACE('',(#535),#218,.T.);
#5867=ADVANCED_FACE('',(#536),#219,.T.);
#5868=ADVANCED_FACE('',(#537),#220,.T.);
#5869=ADVANCED_FACE('',(#538),#221,.T.);
#5870=ADVANCED_FACE('',(#539),#222,.T.);
#5871=ADVANCED_FACE('',(#540),#223,.T.);
#5872=ADVANCED_FACE('',(#541),#224,.T.);
#5873=ADVANCED_FACE('',(#542),#225,.T.);
#5874=ADVANCED_FACE('',(#543),#226,.T.);
#5875=ADVANCED_FACE('',(#544),#227,.T.);
#5876=ADVANCED_FACE('',(#545),#228,.T.);
#5877=ADVANCED_FACE('',(#546),#229,.T.);
#5878=ADVANCED_FACE('',(#547),#230,.T.);
#5879=ADVANCED_FACE('',(#548),#231,.T.);
#5880=ADVANCED_FACE('',(#549),#232,.T.);
#5881=ADVANCED_FACE('',(#550),#233,.T.);
#5882=ADVANCED_FACE('',(#551),#234,.T.);
#5883=ADVANCED_FACE('',(#552),#235,.T.);
#5884=ADVANCED_FACE('',(#553),#236,.T.);
#5885=ADVANCED_FACE('',(#554),#237,.T.);
#5886=ADVANCED_FACE('',(#555),#238,.F.);
#5887=ADVANCED_FACE('',(#556),#239,.T.);
#5888=ADVANCED_FACE('',(#557),#240,.T.);
#5889=ADVANCED_FACE('',(#558),#241,.T.);
#5890=ADVANCED_FACE('',(#559),#242,.T.);
#5891=ADVANCED_FACE('',(#560),#243,.T.);
#5892=ADVANCED_FACE('',(#561),#244,.T.);
#5893=ADVANCED_FACE('',(#562),#245,.T.);
#5894=ADVANCED_FACE('',(#563),#246,.T.);
#5895=ADVANCED_FACE('',(#564),#247,.T.);
#5896=ADVANCED_FACE('',(#565),#248,.T.);
#5897=ADVANCED_FACE('',(#566),#249,.T.);
#5898=ADVANCED_FACE('',(#567),#250,.T.);
#5899=ADVANCED_FACE('',(#568),#251,.T.);
#5900=ADVANCED_FACE('',(#569),#252,.T.);
#5901=ADVANCED_FACE('',(#570),#253,.T.);
#5902=ADVANCED_FACE('',(#571),#254,.T.);
#5903=ADVANCED_FACE('',(#572),#5719,.T.);
#5904=ADVANCED_FACE('',(#573),#255,.T.);
#5905=ADVANCED_FACE('',(#574),#5720,.T.);
#5906=ADVANCED_FACE('',(#575),#256,.T.);
#5907=ADVANCED_FACE('',(#576),#5721,.T.);
#5908=ADVANCED_FACE('',(#577),#5722,.T.);
#5909=ADVANCED_FACE('',(#578),#257,.T.);
#5910=ADVANCED_FACE('',(#579),#258,.T.);
#5911=ADVANCED_FACE('',(#580,#97,#98,#99,#100),#259,.F.);
#5912=ADVANCED_FACE('',(#581),#5723,.F.);
#5913=ADVANCED_FACE('',(#582),#260,.F.);
#5914=ADVANCED_FACE('',(#583),#5724,.F.);
#5915=ADVANCED_FACE('',(#584),#261,.F.);
#5916=ADVANCED_FACE('',(#585),#5725,.F.);
#5917=ADVANCED_FACE('',(#586),#262,.F.);
#5918=ADVANCED_FACE('',(#587),#5726,.F.);
#5919=ADVANCED_FACE('',(#588),#263,.F.);
#5920=ADVANCED_FACE('',(#589),#5727,.T.);
#5921=ADVANCED_FACE('',(#590,#101),#264,.F.);
#5922=ADVANCED_FACE('',(#591),#5728,.F.);
#5923=ADVANCED_FACE('',(#592),#5729,.T.);
#5924=ADVANCED_FACE('',(#593,#102),#265,.F.);
#5925=ADVANCED_FACE('',(#594),#266,.F.);
#5926=ADVANCED_FACE('',(#595),#5730,.T.);
#5927=ADVANCED_FACE('',(#596,#103),#267,.F.);
#5928=ADVANCED_FACE('',(#597,#104),#268,.F.);
#5929=ADVANCED_FACE('',(#598),#5731,.T.);
#5930=ADVANCED_FACE('',(#599,#105,#106,#107,#108,#109,#110,#111,#112,#113,
#114),#269,.F.);
#5931=ADVANCED_FACE('',(#600),#270,.T.);
#5932=ADVANCED_FACE('',(#601),#271,.T.);
#5933=ADVANCED_FACE('',(#602),#272,.T.);
#5934=ADVANCED_FACE('',(#603),#273,.T.);
#5935=ADVANCED_FACE('',(#604),#274,.F.);
#5936=ADVANCED_FACE('',(#605),#275,.T.);
#5937=ADVANCED_FACE('',(#606),#276,.T.);
#5938=ADVANCED_FACE('',(#607),#277,.T.);
#5939=ADVANCED_FACE('',(#608),#278,.T.);
#5940=ADVANCED_FACE('',(#609),#279,.F.);
#5941=ADVANCED_FACE('',(#610),#280,.T.);
#5942=ADVANCED_FACE('',(#611),#281,.T.);
#5943=ADVANCED_FACE('',(#612),#282,.T.);
#5944=ADVANCED_FACE('',(#613),#283,.T.);
#5945=ADVANCED_FACE('',(#614),#284,.F.);
#5946=ADVANCED_FACE('',(#615),#285,.T.);
#5947=ADVANCED_FACE('',(#616),#286,.T.);
#5948=ADVANCED_FACE('',(#617),#287,.T.);
#5949=ADVANCED_FACE('',(#618),#288,.T.);
#5950=ADVANCED_FACE('',(#619),#289,.T.);
#5951=ADVANCED_FACE('',(#620),#290,.T.);
#5952=ADVANCED_FACE('',(#621),#291,.F.);
#5953=ADVANCED_FACE('',(#622),#292,.T.);
#5954=ADVANCED_FACE('',(#623),#293,.T.);
#5955=ADVANCED_FACE('',(#624),#294,.T.);
#5956=ADVANCED_FACE('',(#625),#295,.T.);
#5957=ADVANCED_FACE('',(#626),#296,.T.);
#5958=ADVANCED_FACE('',(#627),#297,.T.);
#5959=ADVANCED_FACE('',(#628),#298,.F.);
#5960=ADVANCED_FACE('',(#629),#299,.T.);
#5961=ADVANCED_FACE('',(#630),#300,.T.);
#5962=ADVANCED_FACE('',(#631),#301,.T.);
#5963=ADVANCED_FACE('',(#632),#302,.T.);
#5964=ADVANCED_FACE('',(#633),#303,.T.);
#5965=ADVANCED_FACE('',(#634),#304,.T.);
#5966=ADVANCED_FACE('',(#635),#305,.F.);
#5967=ADVANCED_FACE('',(#636),#306,.T.);
#5968=ADVANCED_FACE('',(#637),#307,.T.);
#5969=ADVANCED_FACE('',(#638),#308,.T.);
#5970=ADVANCED_FACE('',(#639),#309,.T.);
#5971=ADVANCED_FACE('',(#640),#310,.T.);
#5972=ADVANCED_FACE('',(#641),#311,.T.);
#5973=ADVANCED_FACE('',(#642),#312,.F.);
#5974=ADVANCED_FACE('',(#643),#313,.F.);
#5975=ADVANCED_FACE('',(#644),#314,.F.);
#5976=ADVANCED_FACE('',(#645),#13,.T.);
#5977=ADVANCED_FACE('',(#646),#315,.T.);
#5978=ADVANCED_FACE('',(#647),#14,.T.);
#5979=ADVANCED_FACE('',(#648),#316,.T.);
#5980=ADVANCED_FACE('',(#649),#15,.T.);
#5981=ADVANCED_FACE('',(#650),#317,.T.);
#5982=ADVANCED_FACE('',(#651),#16,.T.);
#5983=ADVANCED_FACE('',(#652),#318,.T.);
#5984=ADVANCED_FACE('',(#653),#319,.T.);
#5985=ADVANCED_FACE('',(#654),#5732,.T.);
#5986=ADVANCED_FACE('',(#655),#320,.T.);
#5987=ADVANCED_FACE('',(#656),#5733,.T.);
#5988=ADVANCED_FACE('',(#657,#115,#116,#117),#321,.T.);
#5989=ADVANCED_FACE('',(#658),#322,.F.);
#5990=ADVANCED_FACE('',(#659),#323,.F.);
#5991=ADVANCED_FACE('',(#660),#324,.F.);
#5992=ADVANCED_FACE('',(#661),#325,.F.);
#5993=ADVANCED_FACE('',(#662),#5734,.F.);
#5994=ADVANCED_FACE('',(#663),#5735,.F.);
#5995=ADVANCED_FACE('',(#664),#326,.F.);
#5996=ADVANCED_FACE('',(#665),#327,.F.);
#5997=ADVANCED_FACE('',(#666),#328,.F.);
#5998=ADVANCED_FACE('',(#667),#329,.F.);
#5999=ADVANCED_FACE('',(#668),#5736,.F.);
#6000=ADVANCED_FACE('',(#669),#5737,.F.);
#6001=ADVANCED_FACE('',(#670),#5738,.F.);
#6002=ADVANCED_FACE('',(#671),#330,.F.);
#6003=ADVANCED_FACE('',(#672),#5739,.T.);
#6004=ADVANCED_FACE('',(#673),#331,.T.);
#6005=ADVANCED_FACE('',(#674),#5740,.T.);
#6006=ADVANCED_FACE('',(#675),#332,.T.);
#6007=ADVANCED_FACE('',(#676),#333,.T.);
#6008=ADVANCED_FACE('',(#677),#334,.T.);
#6009=ADVANCED_FACE('',(#678),#335,.T.);
#6010=ADVANCED_FACE('',(#679),#336,.T.);
#6011=ADVANCED_FACE('',(#680),#337,.T.);
#6012=ADVANCED_FACE('',(#681),#338,.F.);
#6013=ADVANCED_FACE('',(#682),#339,.T.);
#6014=ADVANCED_FACE('',(#683),#340,.T.);
#6015=ADVANCED_FACE('',(#684),#341,.T.);
#6016=ADVANCED_FACE('',(#685),#342,.T.);
#6017=ADVANCED_FACE('',(#686),#343,.T.);
#6018=ADVANCED_FACE('',(#687),#344,.F.);
#6019=ADVANCED_FACE('',(#688),#345,.T.);
#6020=ADVANCED_FACE('',(#689),#346,.T.);
#6021=ADVANCED_FACE('',(#690),#347,.T.);
#6022=ADVANCED_FACE('',(#691),#348,.T.);
#6023=ADVANCED_FACE('',(#692),#349,.T.);
#6024=ADVANCED_FACE('',(#693),#350,.F.);
#6025=ADVANCED_FACE('',(#694),#351,.T.);
#6026=ADVANCED_FACE('',(#695),#352,.T.);
#6027=ADVANCED_FACE('',(#696),#353,.T.);
#6028=ADVANCED_FACE('',(#697),#354,.T.);
#6029=ADVANCED_FACE('',(#698),#355,.T.);
#6030=ADVANCED_FACE('',(#699),#356,.F.);
#6031=ADVANCED_FACE('',(#700),#357,.T.);
#6032=ADVANCED_FACE('',(#701),#358,.T.);
#6033=ADVANCED_FACE('',(#702),#359,.T.);
#6034=ADVANCED_FACE('',(#703),#360,.T.);
#6035=ADVANCED_FACE('',(#704),#361,.T.);
#6036=ADVANCED_FACE('',(#705),#362,.F.);
#6037=ADVANCED_FACE('',(#706),#363,.T.);
#6038=ADVANCED_FACE('',(#707),#364,.T.);
#6039=ADVANCED_FACE('',(#708),#365,.T.);
#6040=ADVANCED_FACE('',(#709),#366,.T.);
#6041=ADVANCED_FACE('',(#710),#367,.T.);
#6042=ADVANCED_FACE('',(#711),#368,.F.);
#6043=ADVANCED_FACE('',(#712),#369,.T.);
#6044=ADVANCED_FACE('',(#713),#370,.T.);
#6045=ADVANCED_FACE('',(#714),#371,.T.);
#6046=ADVANCED_FACE('',(#715),#372,.T.);
#6047=ADVANCED_FACE('',(#716),#373,.T.);
#6048=ADVANCED_FACE('',(#717),#374,.F.);
#6049=ADVANCED_FACE('',(#718),#375,.T.);
#6050=ADVANCED_FACE('',(#719),#376,.T.);
#6051=ADVANCED_FACE('',(#720),#377,.T.);
#6052=ADVANCED_FACE('',(#721),#378,.T.);
#6053=ADVANCED_FACE('',(#722),#379,.T.);
#6054=ADVANCED_FACE('',(#723),#380,.F.);
#6055=ADVANCED_FACE('',(#724),#5741,.T.);
#6056=ADVANCED_FACE('',(#725),#381,.T.);
#6057=ADVANCED_FACE('',(#726),#382,.F.);
#6058=ADVANCED_FACE('',(#727),#383,.T.);
#6059=ADVANCED_FACE('',(#728),#384,.T.);
#6060=ADVANCED_FACE('',(#729),#385,.T.);
#6061=ADVANCED_FACE('',(#730),#386,.T.);
#6062=ADVANCED_FACE('',(#731),#387,.T.);
#6063=ADVANCED_FACE('',(#732),#388,.F.);
#6064=ADVANCED_FACE('',(#733),#5742,.F.);
#6065=ADVANCED_FACE('',(#734),#5743,.F.);
#6066=ADVANCED_FACE('',(#735),#389,.T.);
#6067=ADVANCED_FACE('',(#736),#390,.T.);
#6068=ADVANCED_FACE('',(#737),#391,.T.);
#6069=ADVANCED_FACE('',(#738),#392,.T.);
#6070=ADVANCED_FACE('',(#739,#118,#119),#393,.T.);
#6071=ADVANCED_FACE('',(#740,#120,#121),#394,.F.);
#6072=ADVANCED_FACE('',(#741),#5744,.T.);
#6073=ADVANCED_FACE('',(#742),#395,.T.);
#6074=ADVANCED_FACE('',(#743),#396,.T.);
#6075=ADVANCED_FACE('',(#744),#397,.T.);
#6076=ADVANCED_FACE('',(#745),#398,.T.);
#6077=ADVANCED_FACE('',(#746),#399,.T.);
#6078=ADVANCED_FACE('',(#747,#122),#400,.T.);
#6079=ADVANCED_FACE('',(#748),#401,.F.);
#6080=ADVANCED_FACE('',(#749),#5745,.T.);
#6081=ADVANCED_FACE('',(#750),#402,.T.);
#6082=ADVANCED_FACE('',(#751),#403,.T.);
#6083=ADVANCED_FACE('',(#752),#404,.T.);
#6084=ADVANCED_FACE('',(#753),#405,.T.);
#6085=ADVANCED_FACE('',(#754),#406,.T.);
#6086=ADVANCED_FACE('',(#755,#123),#407,.T.);
#6087=ADVANCED_FACE('',(#756),#408,.F.);
#6088=ADVANCED_FACE('',(#757),#5746,.F.);
#6089=ADVANCED_FACE('',(#758),#409,.F.);
#6090=ADVANCED_FACE('',(#759),#5747,.T.);
#6091=ADVANCED_FACE('',(#760),#410,.T.);
#6092=ADVANCED_FACE('',(#761),#5748,.T.);
#6093=ADVANCED_FACE('',(#762,#124),#411,.T.);
#6094=ADVANCED_FACE('',(#763,#125),#412,.F.);
#6095=ADVANCED_FACE('',(#764),#5749,.F.);
#6096=ADVANCED_FACE('',(#765),#413,.F.);
#6097=ADVANCED_FACE('',(#766),#5750,.T.);
#6098=ADVANCED_FACE('',(#767),#414,.T.);
#6099=ADVANCED_FACE('',(#768),#5751,.T.);
#6100=ADVANCED_FACE('',(#769,#126),#415,.T.);
#6101=ADVANCED_FACE('',(#770,#127),#416,.F.);
#6102=ADVANCED_FACE('',(#771),#5752,.F.);
#6103=ADVANCED_FACE('',(#772),#5753,.T.);
#6104=ADVANCED_FACE('',(#773,#128),#417,.T.);
#6105=ADVANCED_FACE('',(#774,#129),#418,.F.);
#6106=ADVANCED_FACE('',(#775),#5754,.T.);
#6107=ADVANCED_FACE('',(#776),#419,.T.);
#6108=ADVANCED_FACE('',(#777),#5755,.T.);
#6109=ADVANCED_FACE('',(#778,#130),#420,.T.);
#6110=ADVANCED_FACE('',(#779),#421,.F.);
#6111=ADVANCED_FACE('',(#780),#5756,.F.);
#6112=ADVANCED_FACE('',(#781),#5757,.T.);
#6113=ADVANCED_FACE('',(#782,#131),#422,.T.);
#6114=ADVANCED_FACE('',(#783,#132),#423,.F.);
#6115=ADVANCED_FACE('',(#784),#5758,.T.);
#6116=ADVANCED_FACE('',(#785),#424,.T.);
#6117=ADVANCED_FACE('',(#786),#5759,.T.);
#6118=ADVANCED_FACE('',(#787,#133),#425,.T.);
#6119=ADVANCED_FACE('',(#788),#426,.F.);
#6120=ADVANCED_FACE('',(#789),#5760,.F.);
#6121=ADVANCED_FACE('',(#790),#5761,.T.);
#6122=ADVANCED_FACE('',(#791,#134),#427,.T.);
#6123=ADVANCED_FACE('',(#792,#135),#428,.F.);
#6124=ADVANCED_FACE('',(#793),#5762,.T.);
#6125=ADVANCED_FACE('',(#794),#429,.T.);
#6126=ADVANCED_FACE('',(#795),#5763,.T.);
#6127=ADVANCED_FACE('',(#796,#136),#430,.T.);
#6128=ADVANCED_FACE('',(#797),#431,.F.);
#6129=ADVANCED_FACE('',(#798),#5764,.F.);
#6130=ADVANCED_FACE('',(#799),#5765,.T.);
#6131=ADVANCED_FACE('',(#800,#137),#432,.T.);
#6132=ADVANCED_FACE('',(#801,#138),#433,.F.);
#6133=ADVANCED_FACE('',(#802),#5766,.T.);
#6134=ADVANCED_FACE('',(#803),#434,.T.);
#6135=ADVANCED_FACE('',(#804),#5767,.T.);
#6136=ADVANCED_FACE('',(#805,#139),#435,.T.);
#6137=ADVANCED_FACE('',(#806),#436,.F.);
#6138=CLOSED_SHELL('',(#5768,#5769,#5770,#5771,#5772,#5773,#5774,#5775,
#5776,#5777,#5778,#5779,#5780,#5781,#5782,#5783,#5784,#5785,#5786,#5787,
#5788,#5789,#5790,#5791,#5792,#5793,#5794,#5795,#5796,#5797,#5798,#5799,
#5800,#5801,#5802,#5803,#5804,#5805,#5806,#5807,#5808,#5809,#5810,#5811,
#5812,#5813,#5814,#5815,#5816,#5817,#5818,#5819,#5820,#5821,#5822,#5823,
#5824,#5825,#5826,#5827,#5828,#5829,#5830,#5831,#5832,#5833,#5834,#5835,
#5836,#5837,#5838,#5839,#5840,#5841,#5842,#5843,#5844,#5845,#5846,#5847,
#5848,#5849,#5850,#5851,#5852,#5853,#5854,#5855,#5856,#5857,#5858,#5859,
#5860,#5861,#5862,#5863,#5864,#5865,#5866,#5867,#5868,#5869,#5870,#5871,
#5872,#5873,#5874,#5875,#5876,#5877,#5878,#5879,#5880,#5881,#5882,#5883,
#5884,#5885,#5886,#5887,#5888,#5889,#5890,#5891,#5892,#5893,#5894,#5895,
#5896,#5897,#5898,#5899,#5900,#5901,#5902,#5903,#5904,#5905,#5906,#5907,
#5908,#5909,#5910,#5911));
#6139=CLOSED_SHELL('',(#5912,#5913,#5914,#5915,#5916,#5917,#5918,#5919,
#5920,#5921,#5922,#5923,#5924,#5925,#5926,#5927,#5928,#5929,#5930,#5931,
#5932,#5933,#5934,#5935,#5936,#5937,#5938,#5939,#5940,#5941,#5942,#5943,
#5944,#5945,#5946,#5947,#5948,#5949,#5950,#5951,#5952,#5953,#5954,#5955,
#5956,#5957,#5958,#5959,#5960,#5961,#5962,#5963,#5964,#5965,#5966,#5967,
#5968,#5969,#5970,#5971,#5972,#5973,#5974,#5975,#5976,#5977,#5978,#5979,
#5980,#5981,#5982,#5983,#5984,#5985,#5986,#5987,#5988,#5989,#5990,#5991,
#5992,#5993,#5994,#5995,#5996,#5997,#5998,#5999,#6000,#6001,#6002,#6003,
#6004,#6005,#6006));
#6140=CLOSED_SHELL('',(#6007,#6008,#6009,#6010,#6011,#6012));
#6141=CLOSED_SHELL('',(#6013,#6014,#6015,#6016,#6017,#6018));
#6142=CLOSED_SHELL('',(#6019,#6020,#6021,#6022,#6023,#6024));
#6143=CLOSED_SHELL('',(#6025,#6026,#6027,#6028,#6029,#6030));
#6144=CLOSED_SHELL('',(#6031,#6032,#6033,#6034,#6035,#6036));
#6145=CLOSED_SHELL('',(#6037,#6038,#6039,#6040,#6041,#6042));
#6146=CLOSED_SHELL('',(#6043,#6044,#6045,#6046,#6047,#6048));
#6147=CLOSED_SHELL('',(#6049,#6050,#6051,#6052,#6053,#6054));
#6148=CLOSED_SHELL('',(#6055,#6056,#6057));
#6149=CLOSED_SHELL('',(#6058,#6059,#6060,#6061,#6062,#6063));
#6150=CLOSED_SHELL('',(#6064,#6065,#6066,#6067,#6068,#6069,#6070,#6071));
#6151=CLOSED_SHELL('',(#6072,#6073,#6074,#6075,#6076,#6077,#6078,#6079));
#6152=CLOSED_SHELL('',(#6080,#6081,#6082,#6083,#6084,#6085,#6086,#6087));
#6153=CLOSED_SHELL('',(#6088,#6089,#6090,#6091,#6092,#6093,#6094));
#6154=CLOSED_SHELL('',(#6095,#6096,#6097,#6098,#6099,#6100,#6101));
#6155=CLOSED_SHELL('',(#6102,#6103,#6104,#6105));
#6156=CLOSED_SHELL('',(#6106,#6107,#6108,#6109,#6110));
#6157=CLOSED_SHELL('',(#6111,#6112,#6113,#6114));
#6158=CLOSED_SHELL('',(#6115,#6116,#6117,#6118,#6119));
#6159=CLOSED_SHELL('',(#6120,#6121,#6122,#6123));
#6160=CLOSED_SHELL('',(#6124,#6125,#6126,#6127,#6128));
#6161=CLOSED_SHELL('',(#6129,#6130,#6131,#6132));
#6162=CLOSED_SHELL('',(#6133,#6134,#6135,#6136,#6137));
#6163=DERIVED_UNIT_ELEMENT(#6165,1.);
#6164=DERIVED_UNIT_ELEMENT(#10112,-3.);
#6165=(
MASS_UNIT()
NAMED_UNIT(*)
SI_UNIT(.KILO.,.GRAM.)
);
#6166=DERIVED_UNIT((#6163,#6164));
#6167=MEASURE_REPRESENTATION_ITEM('density measure',
POSITIVE_RATIO_MEASURE(7850.),#6166);
#6168=PROPERTY_DEFINITION_REPRESENTATION(#6173,#6170);
#6169=PROPERTY_DEFINITION_REPRESENTATION(#6174,#6171);
#6170=REPRESENTATION('material name',(#6172),#10109);
#6171=REPRESENTATION('density',(#6167),#10109);
#6172=DESCRIPTIVE_REPRESENTATION_ITEM('Steel','Steel');
#6173=PROPERTY_DEFINITION('material property','material name',#10119);
#6174=PROPERTY_DEFINITION('material property','density of part',#10119);
#6175=AXIS2_PLACEMENT_3D('',#8387,#6690,#6691);
#6176=AXIS2_PLACEMENT_3D('',#8388,#6692,#6693);
#6177=AXIS2_PLACEMENT_3D('',#8393,#6695,#6696);
#6178=AXIS2_PLACEMENT_3D('',#8396,#6698,#6699);
#6179=AXIS2_PLACEMENT_3D('',#8397,#6700,#6701);
#6180=AXIS2_PLACEMENT_3D('',#8402,#6703,#6704);
#6181=AXIS2_PLACEMENT_3D('',#8405,#6706,#6707);
#6182=AXIS2_PLACEMENT_3D('',#8406,#6708,#6709);
#6183=AXIS2_PLACEMENT_3D('',#8408,#6710,#6711);
#6184=AXIS2_PLACEMENT_3D('',#8411,#6713,#6714);
#6185=AXIS2_PLACEMENT_3D('',#8412,#6715,#6716);
#6186=AXIS2_PLACEMENT_3D('',#8425,#6722,#6723);
#6187=AXIS2_PLACEMENT_3D('',#8429,#6725,#6726);
#6188=AXIS2_PLACEMENT_3D('',#8433,#6728,#6729);
#6189=AXIS2_PLACEMENT_3D('',#8436,#6731,#6732);
#6190=AXIS2_PLACEMENT_3D('',#8450,#6739,#6740);
#6191=AXIS2_PLACEMENT_3D('',#8456,#6743,#6744);
#6192=AXIS2_PLACEMENT_3D('',#8465,#6749,#6750);
#6193=AXIS2_PLACEMENT_3D('',#8590,#6813,#6814);
#6194=AXIS2_PLACEMENT_3D('',#8594,#6816,#6817);
#6195=AXIS2_PLACEMENT_3D('',#8595,#6818,#6819);
#6196=AXIS2_PLACEMENT_3D('',#8598,#6821,#6822);
#6197=AXIS2_PLACEMENT_3D('',#8599,#6823,#6824);
#6198=AXIS2_PLACEMENT_3D('',#8601,#6825,#6826);
#6199=AXIS2_PLACEMENT_3D('',#8604,#6828,#6829);
#6200=AXIS2_PLACEMENT_3D('',#8605,#6830,#6831);
#6201=AXIS2_PLACEMENT_3D('',#8607,#6832,#6833);
#6202=AXIS2_PLACEMENT_3D('',#8608,#6834,#6835);
#6203=AXIS2_PLACEMENT_3D('',#8610,#6836,#6837);
#6204=AXIS2_PLACEMENT_3D('',#8613,#6839,#6840);
#6205=AXIS2_PLACEMENT_3D('',#8614,#6841,#6842);
#6206=AXIS2_PLACEMENT_3D('',#8616,#6843,#6844);
#6207=AXIS2_PLACEMENT_3D('',#8617,#6845,#6846);
#6208=AXIS2_PLACEMENT_3D('',#8619,#6847,#6848);
#6209=AXIS2_PLACEMENT_3D('',#8622,#6850,#6851);
#6210=AXIS2_PLACEMENT_3D('',#8623,#6852,#6853);
#6211=AXIS2_PLACEMENT_3D('',#8625,#6854,#6855);
#6212=AXIS2_PLACEMENT_3D('',#8626,#6856,#6857);
#6213=AXIS2_PLACEMENT_3D('',#8628,#6858,#6859);
#6214=AXIS2_PLACEMENT_3D('',#8631,#6861,#6862);
#6215=AXIS2_PLACEMENT_3D('',#8632,#6863,#6864);
#6216=AXIS2_PLACEMENT_3D('',#8634,#6865,#6866);
#6217=AXIS2_PLACEMENT_3D('',#8635,#6867,#6868);
#6218=AXIS2_PLACEMENT_3D('',#8638,#6870,#6871);
#6219=AXIS2_PLACEMENT_3D('',#8639,#6872,#6873);
#6220=AXIS2_PLACEMENT_3D('',#8642,#6875,#6876);
#6221=AXIS2_PLACEMENT_3D('',#8643,#6877,#6878);
#6222=AXIS2_PLACEMENT_3D('',#8646,#6880,#6881);
#6223=AXIS2_PLACEMENT_3D('',#8647,#6882,#6883);
#6224=AXIS2_PLACEMENT_3D('',#8649,#6885,#6886);
#6225=AXIS2_PLACEMENT_3D('',#8650,#6887,#6888);
#6226=AXIS2_PLACEMENT_3D('',#8656,#6892,#6893);
#6227=AXIS2_PLACEMENT_3D('',#8657,#6894,#6895);
#6228=AXIS2_PLACEMENT_3D('',#8658,#6896,#6897);
#6229=AXIS2_PLACEMENT_3D('',#8659,#6898,#6899);
#6230=AXIS2_PLACEMENT_3D('',#8663,#6902,#6903);
#6231=AXIS2_PLACEMENT_3D('',#8664,#6904,#6905);
#6232=AXIS2_PLACEMENT_3D('',#8665,#6906,#6907);
#6233=AXIS2_PLACEMENT_3D('',#8666,#6908,#6909);
#6234=AXIS2_PLACEMENT_3D('',#8672,#6913,#6914);
#6235=AXIS2_PLACEMENT_3D('',#8673,#6915,#6916);
#6236=AXIS2_PLACEMENT_3D('',#8674,#6917,#6918);
#6237=AXIS2_PLACEMENT_3D('',#8675,#6919,#6920);
#6238=AXIS2_PLACEMENT_3D('',#8677,#6921,#6922);
#6239=AXIS2_PLACEMENT_3D('',#8678,#6923,#6924);
#6240=AXIS2_PLACEMENT_3D('',#8680,#6925,#6926);
#6241=AXIS2_PLACEMENT_3D('',#8681,#6927,#6928);
#6242=AXIS2_PLACEMENT_3D('',#8685,#6930,#6931);
#6243=AXIS2_PLACEMENT_3D('',#8687,#6933,#6934);
#6244=AXIS2_PLACEMENT_3D('',#8690,#6935,#6936);
#6245=AXIS2_PLACEMENT_3D('',#8693,#6939,#6940);
#6246=AXIS2_PLACEMENT_3D('',#8696,#6941,#6942);
#6247=AXIS2_PLACEMENT_3D('',#8700,#6944,#6945);
#6248=AXIS2_PLACEMENT_3D('',#8702,#6947,#6948);
#6249=AXIS2_PLACEMENT_3D('',#8705,#6949,#6950);
#6250=AXIS2_PLACEMENT_3D('',#8709,#6952,#6953);
#6251=AXIS2_PLACEMENT_3D('',#8711,#6955,#6956);
#6252=AXIS2_PLACEMENT_3D('',#8722,#6963,#6964);
#6253=AXIS2_PLACEMENT_3D('',#8726,#6967,#6968);
#6254=AXIS2_PLACEMENT_3D('',#8737,#6975,#6976);
#6255=AXIS2_PLACEMENT_3D('',#8741,#6979,#6980);
#6256=AXIS2_PLACEMENT_3D('',#8748,#6985,#6986);
#6257=AXIS2_PLACEMENT_3D('',#8750,#6988,#6989);
#6258=AXIS2_PLACEMENT_3D('',#8752,#6991,#6992);
#6259=AXIS2_PLACEMENT_3D('',#8753,#6993,#6994);
#6260=AXIS2_PLACEMENT_3D('',#8757,#6997,#6998);
#6261=AXIS2_PLACEMENT_3D('',#8764,#7003,#7004);
#6262=AXIS2_PLACEMENT_3D('',#8766,#7006,#7007);
#6263=AXIS2_PLACEMENT_3D('',#8767,#7008,#7009);
#6264=AXIS2_PLACEMENT_3D('',#8771,#7012,#7013);
#6265=AXIS2_PLACEMENT_3D('',#8775,#7016,#7017);
#6266=AXIS2_PLACEMENT_3D('',#8781,#7021,#7022);
#6267=AXIS2_PLACEMENT_3D('',#8785,#7025,#7026);
#6268=AXIS2_PLACEMENT_3D('',#8789,#7029,#7030);
#6269=AXIS2_PLACEMENT_3D('',#8791,#7032,#7033);
#6270=AXIS2_PLACEMENT_3D('',#8792,#7034,#7035);
#6271=AXIS2_PLACEMENT_3D('',#8798,#7039,#7040);
#6272=AXIS2_PLACEMENT_3D('',#8802,#7043,#7044);
#6273=AXIS2_PLACEMENT_3D('',#8806,#7047,#7048);
#6274=AXIS2_PLACEMENT_3D('',#8808,#7050,#7051);
#6275=AXIS2_PLACEMENT_3D('',#8809,#7052,#7053);
#6276=AXIS2_PLACEMENT_3D('',#8815,#7057,#7058);
#6277=AXIS2_PLACEMENT_3D('',#8819,#7061,#7062);
#6278=AXIS2_PLACEMENT_3D('',#8823,#7065,#7066);
#6279=AXIS2_PLACEMENT_3D('',#8825,#7068,#7069);
#6280=AXIS2_PLACEMENT_3D('',#8826,#7070,#7071);
#6281=AXIS2_PLACEMENT_3D('',#8830,#7074,#7075);
#6282=AXIS2_PLACEMENT_3D('',#8834,#7078,#7079);
#6283=AXIS2_PLACEMENT_3D('',#8836,#7081,#7082);
#6284=AXIS2_PLACEMENT_3D('',#8837,#7083,#7084);
#6285=AXIS2_PLACEMENT_3D('',#8841,#7087,#7088);
#6286=AXIS2_PLACEMENT_3D('',#8845,#7091,#7092);
#6287=AXIS2_PLACEMENT_3D('',#8847,#7094,#7095);
#6288=AXIS2_PLACEMENT_3D('',#8848,#7096,#7097);
#6289=AXIS2_PLACEMENT_3D('',#8854,#7101,#7102);
#6290=AXIS2_PLACEMENT_3D('',#8858,#7105,#7106);
#6291=AXIS2_PLACEMENT_3D('',#8860,#7108,#7109);
#6292=AXIS2_PLACEMENT_3D('',#8862,#7111,#7112);
#6293=AXIS2_PLACEMENT_3D('',#8863,#7113,#7114);
#6294=AXIS2_PLACEMENT_3D('',#8869,#7118,#7119);
#6295=AXIS2_PLACEMENT_3D('',#8871,#7121,#7122);
#6296=AXIS2_PLACEMENT_3D('',#8875,#7125,#7126);
#6297=AXIS2_PLACEMENT_3D('',#8877,#7128,#7129);
#6298=AXIS2_PLACEMENT_3D('',#8878,#7130,#7131);
#6299=AXIS2_PLACEMENT_3D('',#8881,#7133,#7134);
#6300=AXIS2_PLACEMENT_3D('',#8882,#7135,#7136);
#6301=AXIS2_PLACEMENT_3D('',#8885,#7138,#7139);
#6302=AXIS2_PLACEMENT_3D('',#8886,#7140,#7141);
#6303=AXIS2_PLACEMENT_3D('',#8892,#7145,#7146);
#6304=AXIS2_PLACEMENT_3D('',#8896,#7149,#7150);
#6305=AXIS2_PLACEMENT_3D('',#8900,#7153,#7154);
#6306=AXIS2_PLACEMENT_3D('',#8902,#7156,#7157);
#6307=AXIS2_PLACEMENT_3D('',#8903,#7158,#7159);
#6308=AXIS2_PLACEMENT_3D('',#8909,#7163,#7164);
#6309=AXIS2_PLACEMENT_3D('',#8913,#7167,#7168);
#6310=AXIS2_PLACEMENT_3D('',#8917,#7171,#7172);
#6311=AXIS2_PLACEMENT_3D('',#8919,#7174,#7175);
#6312=AXIS2_PLACEMENT_3D('',#8920,#7176,#7177);
#6313=AXIS2_PLACEMENT_3D('',#8926,#7181,#7182);
#6314=AXIS2_PLACEMENT_3D('',#8930,#7185,#7186);
#6315=AXIS2_PLACEMENT_3D('',#8934,#7189,#7190);
#6316=AXIS2_PLACEMENT_3D('',#8936,#7192,#7193);
#6317=AXIS2_PLACEMENT_3D('',#8942,#7197,#7198);
#6318=AXIS2_PLACEMENT_3D('',#8946,#7201,#7202);
#6319=AXIS2_PLACEMENT_3D('',#8950,#7205,#7206);
#6320=AXIS2_PLACEMENT_3D('',#8952,#7208,#7209);
#6321=AXIS2_PLACEMENT_3D('',#8953,#7210,#7211);
#6322=AXIS2_PLACEMENT_3D('',#8959,#7215,#7216);
#6323=AXIS2_PLACEMENT_3D('',#8963,#7219,#7220);
#6324=AXIS2_PLACEMENT_3D('',#8967,#7223,#7224);
#6325=AXIS2_PLACEMENT_3D('',#8969,#7226,#7227);
#6326=AXIS2_PLACEMENT_3D('',#8970,#7228,#7229);
#6327=AXIS2_PLACEMENT_3D('',#8976,#7233,#7234);
#6328=AXIS2_PLACEMENT_3D('',#8980,#7237,#7238);
#6329=AXIS2_PLACEMENT_3D('',#8984,#7241,#7242);
#6330=AXIS2_PLACEMENT_3D('',#8986,#7244,#7245);
#6331=AXIS2_PLACEMENT_3D('',#8987,#7246,#7247);
#6332=AXIS2_PLACEMENT_3D('',#8993,#7251,#7252);
#6333=AXIS2_PLACEMENT_3D('',#8997,#7255,#7256);
#6334=AXIS2_PLACEMENT_3D('',#9001,#7259,#7260);
#6335=AXIS2_PLACEMENT_3D('',#9003,#7262,#7263);
#6336=AXIS2_PLACEMENT_3D('',#9004,#7264,#7265);
#6337=AXIS2_PLACEMENT_3D('',#9013,#7270,#7271);
#6338=AXIS2_PLACEMENT_3D('',#9019,#7275,#7276);
#6339=AXIS2_PLACEMENT_3D('',#9025,#7280,#7281);
#6340=AXIS2_PLACEMENT_3D('',#9031,#7285,#7286);
#6341=AXIS2_PLACEMENT_3D('',#9034,#7289,#7290);
#6342=AXIS2_PLACEMENT_3D('',#9038,#7293,#7294);
#6343=AXIS2_PLACEMENT_3D('',#9042,#7297,#7298);
#6344=AXIS2_PLACEMENT_3D('',#9044,#7300,#7301);
#6345=AXIS2_PLACEMENT_3D('',#9045,#7302,#7303);
#6346=AXIS2_PLACEMENT_3D('',#9051,#7307,#7308);
#6347=AXIS2_PLACEMENT_3D('',#9055,#7311,#7312);
#6348=AXIS2_PLACEMENT_3D('',#9059,#7315,#7316);
#6349=AXIS2_PLACEMENT_3D('',#9061,#7318,#7319);
#6350=AXIS2_PLACEMENT_3D('',#9062,#7320,#7321);
#6351=AXIS2_PLACEMENT_3D('',#9068,#7325,#7326);
#6352=AXIS2_PLACEMENT_3D('',#9072,#7329,#7330);
#6353=AXIS2_PLACEMENT_3D('',#9076,#7333,#7334);
#6354=AXIS2_PLACEMENT_3D('',#9078,#7336,#7337);
#6355=AXIS2_PLACEMENT_3D('',#9079,#7338,#7339);
#6356=AXIS2_PLACEMENT_3D('',#9083,#7341,#7342);
#6357=AXIS2_PLACEMENT_3D('',#9085,#7344,#7345);
#6358=AXIS2_PLACEMENT_3D('',#9089,#7348,#7349);
#6359=AXIS2_PLACEMENT_3D('',#9093,#7351,#7352);
#6360=AXIS2_PLACEMENT_3D('',#9095,#7354,#7355);
#6361=AXIS2_PLACEMENT_3D('',#9099,#7358,#7359);
#6362=AXIS2_PLACEMENT_3D('',#9101,#7360,#7361);
#6363=AXIS2_PLACEMENT_3D('',#9103,#7363,#7364);
#6364=AXIS2_PLACEMENT_3D('',#9106,#7366,#7367);
#6365=AXIS2_PLACEMENT_3D('',#9107,#7368,#7369);
#6366=AXIS2_PLACEMENT_3D('',#9109,#7371,#7372);
#6367=AXIS2_PLACEMENT_3D('',#9111,#7374,#7375);
#6368=AXIS2_PLACEMENT_3D('',#9112,#7376,#7377);
#6369=AXIS2_PLACEMENT_3D('',#9114,#7378,#7379);
#6370=AXIS2_PLACEMENT_3D('',#9117,#7381,#7382);
#6371=AXIS2_PLACEMENT_3D('',#9118,#7383,#7384);
#6372=AXIS2_PLACEMENT_3D('',#9119,#7385,#7386);
#6373=AXIS2_PLACEMENT_3D('',#9121,#7387,#7388);
#6374=AXIS2_PLACEMENT_3D('',#9124,#7390,#7391);
#6375=AXIS2_PLACEMENT_3D('',#9125,#7392,#7393);
#6376=AXIS2_PLACEMENT_3D('',#9126,#7394,#7395);
#6377=AXIS2_PLACEMENT_3D('',#9128,#7396,#7397);
#6378=AXIS2_PLACEMENT_3D('',#9131,#7399,#7400);
#6379=AXIS2_PLACEMENT_3D('',#9132,#7401,#7402);
#6380=AXIS2_PLACEMENT_3D('',#9133,#7403,#7404);
#6381=AXIS2_PLACEMENT_3D('',#9135,#7405,#7406);
#6382=AXIS2_PLACEMENT_3D('',#9138,#7408,#7409);
#6383=AXIS2_PLACEMENT_3D('',#9139,#7410,#7411);
#6384=AXIS2_PLACEMENT_3D('',#9140,#7412,#7413);
#6385=AXIS2_PLACEMENT_3D('',#9145,#7415,#7416);
#6386=AXIS2_PLACEMENT_3D('',#9148,#7418,#7419);
#6387=AXIS2_PLACEMENT_3D('',#9149,#7420,#7421);
#6388=AXIS2_PLACEMENT_3D('',#9152,#7423,#7424);
#6389=AXIS2_PLACEMENT_3D('',#9153,#7425,#7426);
#6390=AXIS2_PLACEMENT_3D('',#9155,#7427,#7428);
#6391=AXIS2_PLACEMENT_3D('',#9159,#7430,#7431);
#6392=AXIS2_PLACEMENT_3D('',#9161,#7433,#7434);
#6393=AXIS2_PLACEMENT_3D('',#9166,#7436,#7437);
#6394=AXIS2_PLACEMENT_3D('',#9169,#7439,#7440);
#6395=AXIS2_PLACEMENT_3D('',#9170,#7441,#7442);
#6396=AXIS2_PLACEMENT_3D('',#9172,#7444,#7445);
#6397=AXIS2_PLACEMENT_3D('',#9186,#7453,#7454);
#6398=AXIS2_PLACEMENT_3D('',#9190,#7456,#7457);
#6399=AXIS2_PLACEMENT_3D('',#9191,#7458,#7459);
#6400=AXIS2_PLACEMENT_3D('',#9192,#7460,#7461);
#6401=AXIS2_PLACEMENT_3D('',#9193,#7462,#7463);
#6402=AXIS2_PLACEMENT_3D('',#9194,#7464,#7465);
#6403=AXIS2_PLACEMENT_3D('',#9198,#7467,#7468);
#6404=AXIS2_PLACEMENT_3D('',#9199,#7469,#7470);
#6405=AXIS2_PLACEMENT_3D('',#9204,#7473,#7474);
#6406=AXIS2_PLACEMENT_3D('',#9205,#7475,#7476);
#6407=AXIS2_PLACEMENT_3D('',#9210,#7479,#7480);
#6408=AXIS2_PLACEMENT_3D('',#9213,#7482,#7483);
#6409=AXIS2_PLACEMENT_3D('',#9215,#7484,#7485);
#6410=AXIS2_PLACEMENT_3D('',#9226,#7491,#7492);
#6411=AXIS2_PLACEMENT_3D('',#9228,#7493,#7494);
#6412=AXIS2_PLACEMENT_3D('',#9301,#7531,#7532);
#6413=AXIS2_PLACEMENT_3D('',#9307,#7536,#7537);
#6414=AXIS2_PLACEMENT_3D('',#9311,#7540,#7541);
#6415=AXIS2_PLACEMENT_3D('',#9315,#7544,#7545);
#6416=AXIS2_PLACEMENT_3D('',#9317,#7547,#7548);
#6417=AXIS2_PLACEMENT_3D('',#9318,#7549,#7550);
#6418=AXIS2_PLACEMENT_3D('',#9324,#7554,#7555);
#6419=AXIS2_PLACEMENT_3D('',#9328,#7558,#7559);
#6420=AXIS2_PLACEMENT_3D('',#9332,#7562,#7563);
#6421=AXIS2_PLACEMENT_3D('',#9334,#7565,#7566);
#6422=AXIS2_PLACEMENT_3D('',#9335,#7567,#7568);
#6423=AXIS2_PLACEMENT_3D('',#9341,#7572,#7573);
#6424=AXIS2_PLACEMENT_3D('',#9345,#7576,#7577);
#6425=AXIS2_PLACEMENT_3D('',#9349,#7580,#7581);
#6426=AXIS2_PLACEMENT_3D('',#9351,#7583,#7584);
#6427=AXIS2_PLACEMENT_3D('',#9352,#7585,#7586);
#6428=AXIS2_PLACEMENT_3D('',#9358,#7590,#7591);
#6429=AXIS2_PLACEMENT_3D('',#9362,#7594,#7595);
#6430=AXIS2_PLACEMENT_3D('',#9366,#7598,#7599);
#6431=AXIS2_PLACEMENT_3D('',#9370,#7602,#7603);
#6432=AXIS2_PLACEMENT_3D('',#9374,#7606,#7607);
#6433=AXIS2_PLACEMENT_3D('',#9376,#7609,#7610);
#6434=AXIS2_PLACEMENT_3D('',#9377,#7611,#7612);
#6435=AXIS2_PLACEMENT_3D('',#9383,#7616,#7617);
#6436=AXIS2_PLACEMENT_3D('',#9387,#7620,#7621);
#6437=AXIS2_PLACEMENT_3D('',#9391,#7624,#7625);
#6438=AXIS2_PLACEMENT_3D('',#9395,#7628,#7629);
#6439=AXIS2_PLACEMENT_3D('',#9399,#7632,#7633);
#6440=AXIS2_PLACEMENT_3D('',#9401,#7635,#7636);
#6441=AXIS2_PLACEMENT_3D('',#9402,#7637,#7638);
#6442=AXIS2_PLACEMENT_3D('',#9408,#7642,#7643);
#6443=AXIS2_PLACEMENT_3D('',#9412,#7646,#7647);
#6444=AXIS2_PLACEMENT_3D('',#9416,#7650,#7651);
#6445=AXIS2_PLACEMENT_3D('',#9420,#7654,#7655);
#6446=AXIS2_PLACEMENT_3D('',#9424,#7658,#7659);
#6447=AXIS2_PLACEMENT_3D('',#9426,#7661,#7662);
#6448=AXIS2_PLACEMENT_3D('',#9427,#7663,#7664);
#6449=AXIS2_PLACEMENT_3D('',#9433,#7668,#7669);
#6450=AXIS2_PLACEMENT_3D('',#9437,#7672,#7673);
#6451=AXIS2_PLACEMENT_3D('',#9441,#7676,#7677);
#6452=AXIS2_PLACEMENT_3D('',#9445,#7680,#7681);
#6453=AXIS2_PLACEMENT_3D('',#9449,#7684,#7685);
#6454=AXIS2_PLACEMENT_3D('',#9451,#7687,#7688);
#6455=AXIS2_PLACEMENT_3D('',#9452,#7689,#7690);
#6456=AXIS2_PLACEMENT_3D('',#9464,#7697,#7698);
#6457=AXIS2_PLACEMENT_3D('',#9467,#7700,#7701);
#6458=AXIS2_PLACEMENT_3D('',#9469,#7702,#7703);
#6459=AXIS2_PLACEMENT_3D('',#9473,#7705,#7706);
#6460=AXIS2_PLACEMENT_3D('',#9480,#7710,#7711);
#6461=AXIS2_PLACEMENT_3D('',#9484,#7713,#7714);
#6462=AXIS2_PLACEMENT_3D('',#9488,#7716,#7717);
#6463=AXIS2_PLACEMENT_3D('',#9492,#7719,#7720);
#6464=AXIS2_PLACEMENT_3D('',#9494,#7722,#7723);
#6465=AXIS2_PLACEMENT_3D('',#9499,#7725,#7726);
#6466=AXIS2_PLACEMENT_3D('',#9502,#7728,#7729);
#6467=AXIS2_PLACEMENT_3D('',#9503,#7730,#7731);
#6468=AXIS2_PLACEMENT_3D('',#9509,#7735,#7736);
#6469=AXIS2_PLACEMENT_3D('',#9513,#7738,#7739);
#6470=AXIS2_PLACEMENT_3D('',#9514,#7740,#7741);
#6471=AXIS2_PLACEMENT_3D('',#9515,#7742,#7743);
#6472=AXIS2_PLACEMENT_3D('',#9521,#7747,#7748);
#6473=AXIS2_PLACEMENT_3D('',#9525,#7750,#7751);
#6474=AXIS2_PLACEMENT_3D('',#9526,#7752,#7753);
#6475=AXIS2_PLACEMENT_3D('',#9527,#7754,#7755);
#6476=AXIS2_PLACEMENT_3D('',#9533,#7759,#7760);
#6477=AXIS2_PLACEMENT_3D('',#9537,#7762,#7763);
#6478=AXIS2_PLACEMENT_3D('',#9538,#7764,#7765);
#6479=AXIS2_PLACEMENT_3D('',#9539,#7766,#7767);
#6480=AXIS2_PLACEMENT_3D('',#9542,#7770,#7771);
#6481=AXIS2_PLACEMENT_3D('',#9545,#7774,#7775);
#6482=AXIS2_PLACEMENT_3D('',#9547,#7777,#7778);
#6483=AXIS2_PLACEMENT_3D('',#9549,#7780,#7781);
#6484=AXIS2_PLACEMENT_3D('',#9551,#7783,#7784);
#6485=AXIS2_PLACEMENT_3D('',#9553,#7785,#7786);
#6486=AXIS2_PLACEMENT_3D('',#9555,#7787,#7788);
#6487=AXIS2_PLACEMENT_3D('',#9564,#7793,#7794);
#6488=AXIS2_PLACEMENT_3D('',#9567,#7797,#7798);
#6489=AXIS2_PLACEMENT_3D('',#9569,#7800,#7801);
#6490=AXIS2_PLACEMENT_3D('',#9571,#7803,#7804);
#6491=AXIS2_PLACEMENT_3D('',#9572,#7805,#7806);
#6492=AXIS2_PLACEMENT_3D('',#9574,#7808,#7809);
#6493=AXIS2_PLACEMENT_3D('',#9576,#7811,#7812);
#6494=AXIS2_PLACEMENT_3D('',#9580,#7815,#7816);
#6495=AXIS2_PLACEMENT_3D('',#9584,#7819,#7820);
#6496=AXIS2_PLACEMENT_3D('',#9586,#7822,#7823);
#6497=AXIS2_PLACEMENT_3D('',#9588,#7825,#7826);
#6498=AXIS2_PLACEMENT_3D('',#9589,#7827,#7828);
#6499=AXIS2_PLACEMENT_3D('',#9591,#7830,#7831);
#6500=AXIS2_PLACEMENT_3D('',#9593,#7833,#7834);
#6501=AXIS2_PLACEMENT_3D('',#9594,#7835,#7836);
#6502=AXIS2_PLACEMENT_3D('',#9597,#7839,#7840);
#6503=AXIS2_PLACEMENT_3D('',#9599,#7842,#7843);
#6504=AXIS2_PLACEMENT_3D('',#9600,#7844,#7845);
#6505=AXIS2_PLACEMENT_3D('',#9601,#7846,#7847);
#6506=AXIS2_PLACEMENT_3D('',#9610,#7852,#7853);
#6507=AXIS2_PLACEMENT_3D('',#9616,#7857,#7858);
#6508=AXIS2_PLACEMENT_3D('',#9622,#7862,#7863);
#6509=AXIS2_PLACEMENT_3D('',#9625,#7866,#7867);
#6510=AXIS2_PLACEMENT_3D('',#9626,#7868,#7869);
#6511=AXIS2_PLACEMENT_3D('',#9627,#7870,#7871);
#6512=AXIS2_PLACEMENT_3D('',#9636,#7876,#7877);
#6513=AXIS2_PLACEMENT_3D('',#9642,#7881,#7882);
#6514=AXIS2_PLACEMENT_3D('',#9648,#7886,#7887);
#6515=AXIS2_PLACEMENT_3D('',#9651,#7890,#7891);
#6516=AXIS2_PLACEMENT_3D('',#9652,#7892,#7893);
#6517=AXIS2_PLACEMENT_3D('',#9653,#7894,#7895);
#6518=AXIS2_PLACEMENT_3D('',#9662,#7900,#7901);
#6519=AXIS2_PLACEMENT_3D('',#9668,#7905,#7906);
#6520=AXIS2_PLACEMENT_3D('',#9674,#7910,#7911);
#6521=AXIS2_PLACEMENT_3D('',#9677,#7914,#7915);
#6522=AXIS2_PLACEMENT_3D('',#9678,#7916,#7917);
#6523=AXIS2_PLACEMENT_3D('',#9679,#7918,#7919);
#6524=AXIS2_PLACEMENT_3D('',#9688,#7924,#7925);
#6525=AXIS2_PLACEMENT_3D('',#9694,#7929,#7930);
#6526=AXIS2_PLACEMENT_3D('',#9700,#7934,#7935);
#6527=AXIS2_PLACEMENT_3D('',#9703,#7938,#7939);
#6528=AXIS2_PLACEMENT_3D('',#9704,#7940,#7941);
#6529=AXIS2_PLACEMENT_3D('',#9705,#7942,#7943);
#6530=AXIS2_PLACEMENT_3D('',#9714,#7948,#7949);
#6531=AXIS2_PLACEMENT_3D('',#9720,#7953,#7954);
#6532=AXIS2_PLACEMENT_3D('',#9726,#7958,#7959);
#6533=AXIS2_PLACEMENT_3D('',#9729,#7962,#7963);
#6534=AXIS2_PLACEMENT_3D('',#9730,#7964,#7965);
#6535=AXIS2_PLACEMENT_3D('',#9731,#7966,#7967);
#6536=AXIS2_PLACEMENT_3D('',#9740,#7972,#7973);
#6537=AXIS2_PLACEMENT_3D('',#9746,#7977,#7978);
#6538=AXIS2_PLACEMENT_3D('',#9752,#7982,#7983);
#6539=AXIS2_PLACEMENT_3D('',#9755,#7986,#7987);
#6540=AXIS2_PLACEMENT_3D('',#9756,#7988,#7989);
#6541=AXIS2_PLACEMENT_3D('',#9757,#7990,#7991);
#6542=AXIS2_PLACEMENT_3D('',#9766,#7996,#7997);
#6543=AXIS2_PLACEMENT_3D('',#9772,#8001,#8002);
#6544=AXIS2_PLACEMENT_3D('',#9778,#8006,#8007);
#6545=AXIS2_PLACEMENT_3D('',#9781,#8010,#8011);
#6546=AXIS2_PLACEMENT_3D('',#9782,#8012,#8013);
#6547=AXIS2_PLACEMENT_3D('',#9783,#8014,#8015);
#6548=AXIS2_PLACEMENT_3D('',#9792,#8020,#8021);
#6549=AXIS2_PLACEMENT_3D('',#9798,#8025,#8026);
#6550=AXIS2_PLACEMENT_3D('',#9804,#8030,#8031);
#6551=AXIS2_PLACEMENT_3D('',#9807,#8034,#8035);
#6552=AXIS2_PLACEMENT_3D('',#9808,#8036,#8037);
#6553=AXIS2_PLACEMENT_3D('',#9809,#8038,#8039);
#6554=AXIS2_PLACEMENT_3D('',#9811,#8040,#8041);
#6555=AXIS2_PLACEMENT_3D('',#9814,#8043,#8044);
#6556=AXIS2_PLACEMENT_3D('',#9815,#8045,#8046);
#6557=AXIS2_PLACEMENT_3D('',#9816,#8047,#8048);
#6558=AXIS2_PLACEMENT_3D('',#9817,#8049,#8050);
#6559=AXIS2_PLACEMENT_3D('',#9826,#8055,#8056);
#6560=AXIS2_PLACEMENT_3D('',#9832,#8060,#8061);
#6561=AXIS2_PLACEMENT_3D('',#9838,#8065,#8066);
#6562=AXIS2_PLACEMENT_3D('',#9841,#8069,#8070);
#6563=AXIS2_PLACEMENT_3D('',#9842,#8071,#8072);
#6564=AXIS2_PLACEMENT_3D('',#9843,#8073,#8074);
#6565=AXIS2_PLACEMENT_3D('',#9845,#8075,#8076);
#6566=AXIS2_PLACEMENT_3D('',#9848,#8078,#8079);
#6567=AXIS2_PLACEMENT_3D('',#9849,#8080,#8081);
#6568=AXIS2_PLACEMENT_3D('',#9851,#8082,#8083);
#6569=AXIS2_PLACEMENT_3D('',#9854,#8085,#8086);
#6570=AXIS2_PLACEMENT_3D('',#9855,#8087,#8088);
#6571=AXIS2_PLACEMENT_3D('',#9864,#8093,#8094);
#6572=AXIS2_PLACEMENT_3D('',#9870,#8098,#8099);
#6573=AXIS2_PLACEMENT_3D('',#9876,#8103,#8104);
#6574=AXIS2_PLACEMENT_3D('',#9879,#8107,#8108);
#6575=AXIS2_PLACEMENT_3D('',#9880,#8109,#8110);
#6576=AXIS2_PLACEMENT_3D('',#9881,#8111,#8112);
#6577=AXIS2_PLACEMENT_3D('',#9883,#8113,#8114);
#6578=AXIS2_PLACEMENT_3D('',#9886,#8116,#8117);
#6579=AXIS2_PLACEMENT_3D('',#9887,#8118,#8119);
#6580=AXIS2_PLACEMENT_3D('',#9888,#8120,#8121);
#6581=AXIS2_PLACEMENT_3D('',#9897,#8126,#8127);
#6582=AXIS2_PLACEMENT_3D('',#9903,#8131,#8132);
#6583=AXIS2_PLACEMENT_3D('',#9909,#8136,#8137);
#6584=AXIS2_PLACEMENT_3D('',#9912,#8140,#8141);
#6585=AXIS2_PLACEMENT_3D('',#9913,#8142,#8143);
#6586=AXIS2_PLACEMENT_3D('',#9914,#8144,#8145);
#6587=AXIS2_PLACEMENT_3D('',#9916,#8146,#8147);
#6588=AXIS2_PLACEMENT_3D('',#9919,#8149,#8150);
#6589=AXIS2_PLACEMENT_3D('',#9920,#8151,#8152);
#6590=AXIS2_PLACEMENT_3D('',#9921,#8153,#8154);
#6591=AXIS2_PLACEMENT_3D('',#9930,#8159,#8160);
#6592=AXIS2_PLACEMENT_3D('',#9936,#8164,#8165);
#6593=AXIS2_PLACEMENT_3D('',#9942,#8169,#8170);
#6594=AXIS2_PLACEMENT_3D('',#9945,#8173,#8174);
#6595=AXIS2_PLACEMENT_3D('',#9946,#8175,#8176);
#6596=AXIS2_PLACEMENT_3D('',#9947,#8177,#8178);
#6597=AXIS2_PLACEMENT_3D('',#9949,#8179,#8180);
#6598=AXIS2_PLACEMENT_3D('',#9952,#8182,#8183);
#6599=AXIS2_PLACEMENT_3D('',#9953,#8184,#8185);
#6600=AXIS2_PLACEMENT_3D('',#9954,#8186,#8187);
#6601=AXIS2_PLACEMENT_3D('',#9956,#8188,#8189);
#6602=AXIS2_PLACEMENT_3D('',#9959,#8191,#8192);
#6603=AXIS2_PLACEMENT_3D('',#9960,#8193,#8194);
#6604=AXIS2_PLACEMENT_3D('',#9961,#8195,#8196);
#6605=AXIS2_PLACEMENT_3D('',#9963,#8197,#8198);
#6606=AXIS2_PLACEMENT_3D('',#9966,#8200,#8201);
#6607=AXIS2_PLACEMENT_3D('',#9967,#8202,#8203);
#6608=AXIS2_PLACEMENT_3D('',#9968,#8204,#8205);
#6609=AXIS2_PLACEMENT_3D('',#9969,#8206,#8207);
#6610=AXIS2_PLACEMENT_3D('',#9971,#8208,#8209);
#6611=AXIS2_PLACEMENT_3D('',#9974,#8211,#8212);
#6612=AXIS2_PLACEMENT_3D('',#9975,#8213,#8214);
#6613=AXIS2_PLACEMENT_3D('',#9976,#8215,#8216);
#6614=AXIS2_PLACEMENT_3D('',#9978,#8217,#8218);
#6615=AXIS2_PLACEMENT_3D('',#9981,#8220,#8221);
#6616=AXIS2_PLACEMENT_3D('',#9982,#8222,#8223);
#6617=AXIS2_PLACEMENT_3D('',#9983,#8224,#8225);
#6618=AXIS2_PLACEMENT_3D('',#9985,#8226,#8227);
#6619=AXIS2_PLACEMENT_3D('',#9988,#8229,#8230);
#6620=AXIS2_PLACEMENT_3D('',#9989,#8231,#8232);
#6621=AXIS2_PLACEMENT_3D('',#9990,#8233,#8234);
#6622=AXIS2_PLACEMENT_3D('',#9991,#8235,#8236);
#6623=AXIS2_PLACEMENT_3D('',#9993,#8237,#8238);
#6624=AXIS2_PLACEMENT_3D('',#9996,#8240,#8241);
#6625=AXIS2_PLACEMENT_3D('',#9997,#8242,#8243);
#6626=AXIS2_PLACEMENT_3D('',#9999,#8244,#8245);
#6627=AXIS2_PLACEMENT_3D('',#10002,#8247,#8248);
#6628=AXIS2_PLACEMENT_3D('',#10003,#8249,#8250);
#6629=AXIS2_PLACEMENT_3D('',#10004,#8251,#8252);
#6630=AXIS2_PLACEMENT_3D('',#10005,#8253,#8254);
#6631=AXIS2_PLACEMENT_3D('',#10007,#8255,#8256);
#6632=AXIS2_PLACEMENT_3D('',#10010,#8258,#8259);
#6633=AXIS2_PLACEMENT_3D('',#10011,#8260,#8261);
#6634=AXIS2_PLACEMENT_3D('',#10012,#8262,#8263);
#6635=AXIS2_PLACEMENT_3D('',#10014,#8264,#8265);
#6636=AXIS2_PLACEMENT_3D('',#10017,#8267,#8268);
#6637=AXIS2_PLACEMENT_3D('',#10018,#8269,#8270);
#6638=AXIS2_PLACEMENT_3D('',#10019,#8271,#8272);
#6639=AXIS2_PLACEMENT_3D('',#10020,#8273,#8274);
#6640=AXIS2_PLACEMENT_3D('',#10022,#8275,#8276);
#6641=AXIS2_PLACEMENT_3D('',#10025,#8278,#8279);
#6642=AXIS2_PLACEMENT_3D('',#10026,#8280,#8281);
#6643=AXIS2_PLACEMENT_3D('',#10028,#8282,#8283);
#6644=AXIS2_PLACEMENT_3D('',#10031,#8285,#8286);
#6645=AXIS2_PLACEMENT_3D('',#10032,#8287,#8288);
#6646=AXIS2_PLACEMENT_3D('',#10033,#8289,#8290);
#6647=AXIS2_PLACEMENT_3D('',#10034,#8291,#8292);
#6648=AXIS2_PLACEMENT_3D('',#10036,#8293,#8294);
#6649=AXIS2_PLACEMENT_3D('',#10039,#8296,#8297);
#6650=AXIS2_PLACEMENT_3D('',#10040,#8298,#8299);
#6651=AXIS2_PLACEMENT_3D('',#10041,#8300,#8301);
#6652=AXIS2_PLACEMENT_3D('',#10043,#8302,#8303);
#6653=AXIS2_PLACEMENT_3D('',#10046,#8305,#8306);
#6654=AXIS2_PLACEMENT_3D('',#10047,#8307,#8308);
#6655=AXIS2_PLACEMENT_3D('',#10048,#8309,#8310);
#6656=AXIS2_PLACEMENT_3D('',#10049,#8311,#8312);
#6657=AXIS2_PLACEMENT_3D('',#10051,#8313,#8314);
#6658=AXIS2_PLACEMENT_3D('',#10054,#8316,#8317);
#6659=AXIS2_PLACEMENT_3D('',#10055,#8318,#8319);
#6660=AXIS2_PLACEMENT_3D('',#10057,#8320,#8321);
#6661=AXIS2_PLACEMENT_3D('',#10060,#8323,#8324);
#6662=AXIS2_PLACEMENT_3D('',#10061,#8325,#8326);
#6663=AXIS2_PLACEMENT_3D('',#10062,#8327,#8328);
#6664=AXIS2_PLACEMENT_3D('',#10063,#8329,#8330);
#6665=AXIS2_PLACEMENT_3D('',#10065,#8331,#8332);
#6666=AXIS2_PLACEMENT_3D('',#10068,#8334,#8335);
#6667=AXIS2_PLACEMENT_3D('',#10069,#8336,#8337);
#6668=AXIS2_PLACEMENT_3D('',#10070,#8338,#8339);
#6669=AXIS2_PLACEMENT_3D('',#10072,#8340,#8341);
#6670=AXIS2_PLACEMENT_3D('',#10075,#8343,#8344);
#6671=AXIS2_PLACEMENT_3D('',#10076,#8345,#8346);
#6672=AXIS2_PLACEMENT_3D('',#10077,#8347,#8348);
#6673=AXIS2_PLACEMENT_3D('',#10078,#8349,#8350);
#6674=AXIS2_PLACEMENT_3D('',#10080,#8351,#8352);
#6675=AXIS2_PLACEMENT_3D('',#10083,#8354,#8355);
#6676=AXIS2_PLACEMENT_3D('',#10084,#8356,#8357);
#6677=AXIS2_PLACEMENT_3D('',#10086,#8358,#8359);
#6678=AXIS2_PLACEMENT_3D('',#10089,#8361,#8362);
#6679=AXIS2_PLACEMENT_3D('',#10090,#8363,#8364);
#6680=AXIS2_PLACEMENT_3D('',#10091,#8365,#8366);
#6681=AXIS2_PLACEMENT_3D('',#10092,#8367,#8368);
#6682=AXIS2_PLACEMENT_3D('',#10094,#8369,#8370);
#6683=AXIS2_PLACEMENT_3D('',#10097,#8372,#8373);
#6684=AXIS2_PLACEMENT_3D('',#10098,#8374,#8375);
#6685=AXIS2_PLACEMENT_3D('',#10099,#8376,#8377);
#6686=AXIS2_PLACEMENT_3D('',#10101,#8378,#8379);
#6687=AXIS2_PLACEMENT_3D('',#10104,#8381,#8382);
#6688=AXIS2_PLACEMENT_3D('',#10105,#8383,#8384);
#6689=AXIS2_PLACEMENT_3D('',#10106,#8385,#8386);
#6690=DIRECTION('axis',(0.,0.,1.));
#6691=DIRECTION('refdir',(1.,0.,0.));
#6692=DIRECTION('center_axis',(0.,0.,1.));
#6693=DIRECTION('ref_axis',(0.707106781186547,0.707106781186548,0.));
#6694=DIRECTION('',(0.,0.,1.));
#6695=DIRECTION('center_axis',(0.,0.,1.));
#6696=DIRECTION('ref_axis',(0.707106781186547,0.707106781186548,0.));
#6697=DIRECTION('',(0.,0.,-1.));
#6698=DIRECTION('center_axis',(0.,0.,1.));
#6699=DIRECTION('ref_axis',(0.707106781186547,0.707106781186548,0.));
#6700=DIRECTION('center_axis',(0.,0.,1.));
#6701=DIRECTION('ref_axis',(-0.707106781186547,0.707106781186548,0.));
#6702=DIRECTION('',(0.,0.,-1.));
#6703=DIRECTION('center_axis',(0.,0.,1.));
#6704=DIRECTION('ref_axis',(-0.707106781186547,0.707106781186548,0.));
#6705=DIRECTION('',(0.,0.,1.));
#6706=DIRECTION('center_axis',(0.,0.,1.));
#6707=DIRECTION('ref_axis',(-0.707106781186547,0.707106781186548,0.));
#6708=DIRECTION('center_axis',(0.,0.,1.));
#6709=DIRECTION('ref_axis',(-0.897996789718853,-0.440002006421145,0.));
#6710=DIRECTION('center_axis',(0.,0.,-1.));
#6711=DIRECTION('ref_axis',(1.,0.,0.));
#6712=DIRECTION('',(0.,0.,1.));
#6713=DIRECTION('center_axis',(0.,0.,1.));
#6714=DIRECTION('ref_axis',(1.,0.,0.));
#6715=DIRECTION('center_axis',(0.,0.,1.));
#6716=DIRECTION('ref_axis',(1.,0.,0.));
#6717=DIRECTION('',(-1.,0.,0.));
#6718=DIRECTION('',(0.,-1.,0.));
#6719=DIRECTION('',(-1.,0.,0.));
#6720=DIRECTION('',(0.,1.,0.));
#6721=DIRECTION('',(-1.,0.,0.));
#6722=DIRECTION('center_axis',(0.,0.,-1.));
#6723=DIRECTION('ref_axis',(-0.707106781186547,0.707106781186548,0.));
#6724=DIRECTION('',(0.,-1.,0.));
#6725=DIRECTION('center_axis',(0.,0.,-1.));
#6726=DIRECTION('ref_axis',(-0.707106781186548,-0.707106781186548,0.));
#6727=DIRECTION('',(1.,0.,0.));
#6728=DIRECTION('center_axis',(0.,0.,-1.));
#6729=DIRECTION('ref_axis',(0.707106781186548,-0.707106781186548,0.));
#6730=DIRECTION('',(0.,1.,0.));
#6731=DIRECTION('center_axis',(0.,0.,-1.));
#6732=DIRECTION('ref_axis',(0.707106781186547,0.707106781186548,0.));
#6733=DIRECTION('',(0.,1.,0.));
#6734=DIRECTION('',(1.,0.,0.));
#6735=DIRECTION('',(0.,-1.,0.));
#6736=DIRECTION('',(-1.,0.,0.));
#6737=DIRECTION('',(0.,-1.,0.));
#6738=DIRECTION('',(-1.,0.,0.));
#6739=DIRECTION('center_axis',(0.,0.,1.));
#6740=DIRECTION('ref_axis',(-0.707106781186548,-0.707106781186548,0.));
#6741=DIRECTION('',(1.,0.,0.));
#6742=DIRECTION('',(0.,-1.,0.));
#6743=DIRECTION('center_axis',(0.,0.,1.));
#6744=DIRECTION('ref_axis',(-0.707106781186548,-0.707106781186548,0.));
#6745=DIRECTION('',(0.,1.,0.));
#6746=DIRECTION('',(1.,0.,0.));
#6747=DIRECTION('',(0.,-1.,0.));
#6748=DIRECTION('',(-1.,0.,0.));
#6749=DIRECTION('center_axis',(0.,0.,-1.));
#6750=DIRECTION('ref_axis',(1.,0.,0.));
#6751=DIRECTION('',(0.,1.,0.));
#6752=DIRECTION('',(1.,0.,0.));
#6753=DIRECTION('',(0.,-1.,0.));
#6754=DIRECTION('',(-1.,0.,0.));
#6755=DIRECTION('',(0.,1.,0.));
#6756=DIRECTION('',(1.,0.,0.));
#6757=DIRECTION('',(0.,-1.,0.));
#6758=DIRECTION('',(-1.,0.,0.));
#6759=DIRECTION('',(0.,1.,0.));
#6760=DIRECTION('',(1.,0.,0.));
#6761=DIRECTION('',(0.,-1.,0.));
#6762=DIRECTION('',(-1.,0.,0.));
#6763=DIRECTION('',(0.,1.,0.));
#6764=DIRECTION('',(1.,0.,0.));
#6765=DIRECTION('',(0.,-1.,0.));
#6766=DIRECTION('',(-1.,0.,0.));
#6767=DIRECTION('',(0.,1.,0.));
#6768=DIRECTION('',(1.,0.,0.));
#6769=DIRECTION('',(0.,-1.,0.));
#6770=DIRECTION('',(-1.,0.,0.));
#6771=DIRECTION('',(0.,1.,0.));
#6772=DIRECTION('',(1.,0.,0.));
#6773=DIRECTION('',(0.,-1.,0.));
#6774=DIRECTION('',(-1.,0.,0.));
#6775=DIRECTION('',(0.,1.,0.));
#6776=DIRECTION('',(1.,0.,0.));
#6777=DIRECTION('',(0.,-1.,0.));
#6778=DIRECTION('',(-1.,0.,0.));
#6779=DIRECTION('',(0.,1.,0.));
#6780=DIRECTION('',(1.,0.,0.));
#6781=DIRECTION('',(0.,-1.,0.));
#6782=DIRECTION('',(-1.,0.,0.));
#6783=DIRECTION('',(0.,1.,0.));
#6784=DIRECTION('',(1.,0.,0.));
#6785=DIRECTION('',(0.,-1.,0.));
#6786=DIRECTION('',(-1.,0.,0.));
#6787=DIRECTION('',(0.,1.,0.));
#6788=DIRECTION('',(1.,0.,0.));
#6789=DIRECTION('',(0.,-1.,0.));
#6790=DIRECTION('',(-1.,0.,0.));
#6791=DIRECTION('',(0.,1.,0.));
#6792=DIRECTION('',(1.,0.,0.));
#6793=DIRECTION('',(0.,-1.,0.));
#6794=DIRECTION('',(-1.,0.,0.));
#6795=DIRECTION('',(0.,1.,0.));
#6796=DIRECTION('',(-1.,0.,0.));
#6797=DIRECTION('',(0.,1.,0.));
#6798=DIRECTION('',(1.,0.,0.));
#6799=DIRECTION('',(0.,-1.,0.));
#6800=DIRECTION('',(1.,0.,0.));
#6801=DIRECTION('',(0.,-1.,0.));
#6802=DIRECTION('',(-1.,0.,0.));
#6803=DIRECTION('',(0.,-1.,0.));
#6804=DIRECTION('',(-1.,0.,0.));
#6805=DIRECTION('',(0.,1.,0.));
#6806=DIRECTION('',(1.,0.,0.));
#6807=DIRECTION('',(0.,-1.,0.));
#6808=DIRECTION('',(1.,0.,0.));
#6809=DIRECTION('',(-1.04083408558608E-15,-1.,0.));
#6810=DIRECTION('',(-1.,0.,0.));
#6811=DIRECTION('',(0.,1.,0.));
#6812=DIRECTION('',(0.,1.,0.));
#6813=DIRECTION('center_axis',(0.,0.,-1.));
#6814=DIRECTION('ref_axis',(1.,0.,0.));
#6815=DIRECTION('',(0.,-1.,0.));
#6816=DIRECTION('center_axis',(0.,0.,-1.));
#6817=DIRECTION('ref_axis',(1.,0.,0.));
#6818=DIRECTION('center_axis',(0.,0.,1.));
#6819=DIRECTION('ref_axis',(1.,0.,0.));
#6820=DIRECTION('',(0.,1.,0.));
#6821=DIRECTION('center_axis',(0.,0.,-1.));
#6822=DIRECTION('ref_axis',(1.,0.,0.));
#6823=DIRECTION('center_axis',(0.,0.,1.));
#6824=DIRECTION('ref_axis',(1.,0.,0.));
#6825=DIRECTION('center_axis',(0.,0.,1.));
#6826=DIRECTION('ref_axis',(1.,0.,0.));
#6827=DIRECTION('',(0.,0.,1.));
#6828=DIRECTION('center_axis',(0.,0.,1.));
#6829=DIRECTION('ref_axis',(1.,0.,0.));
#6830=DIRECTION('center_axis',(0.,0.,1.));
#6831=DIRECTION('ref_axis',(1.,0.,0.));
#6832=DIRECTION('center_axis',(0.,0.,-1.));
#6833=DIRECTION('ref_axis',(1.,0.,0.));
#6834=DIRECTION('center_axis',(0.,0.,1.));
#6835=DIRECTION('ref_axis',(1.,0.,0.));
#6836=DIRECTION('center_axis',(0.,0.,1.));
#6837=DIRECTION('ref_axis',(1.,0.,0.));
#6838=DIRECTION('',(0.,0.,1.));
#6839=DIRECTION('center_axis',(0.,0.,1.));
#6840=DIRECTION('ref_axis',(1.,0.,0.));
#6841=DIRECTION('center_axis',(0.,0.,1.));
#6842=DIRECTION('ref_axis',(1.,0.,0.));
#6843=DIRECTION('center_axis',(0.,0.,-1.));
#6844=DIRECTION('ref_axis',(1.,0.,0.));
#6845=DIRECTION('center_axis',(0.,0.,1.));
#6846=DIRECTION('ref_axis',(1.,0.,0.));
#6847=DIRECTION('center_axis',(0.,0.,1.));
#6848=DIRECTION('ref_axis',(1.,0.,0.));
#6849=DIRECTION('',(0.,0.,1.));
#6850=DIRECTION('center_axis',(0.,0.,1.));
#6851=DIRECTION('ref_axis',(1.,0.,0.));
#6852=DIRECTION('center_axis',(0.,0.,1.));
#6853=DIRECTION('ref_axis',(1.,0.,0.));
#6854=DIRECTION('center_axis',(0.,0.,-1.));
#6855=DIRECTION('ref_axis',(1.,0.,0.));
#6856=DIRECTION('center_axis',(0.,0.,1.));
#6857=DIRECTION('ref_axis',(1.,0.,0.));
#6858=DIRECTION('center_axis',(0.,0.,1.));
#6859=DIRECTION('ref_axis',(1.,0.,0.));
#6860=DIRECTION('',(0.,0.,1.));
#6861=DIRECTION('center_axis',(0.,0.,1.));
#6862=DIRECTION('ref_axis',(1.,0.,0.));
#6863=DIRECTION('center_axis',(0.,0.,1.));
#6864=DIRECTION('ref_axis',(1.,0.,0.));
#6865=DIRECTION('center_axis',(0.,0.,-1.));
#6866=DIRECTION('ref_axis',(1.,0.,0.));
#6867=DIRECTION('center_axis',(0.,0.,1.));
#6868=DIRECTION('ref_axis',(1.,0.,0.));
#6869=DIRECTION('',(0.,0.,1.));
#6870=DIRECTION('center_axis',(0.,0.,-1.));
#6871=DIRECTION('ref_axis',(1.,0.,0.));
#6872=DIRECTION('center_axis',(0.,0.,1.));
#6873=DIRECTION('ref_axis',(1.,0.,0.));
#6874=DIRECTION('',(0.,0.,1.));
#6875=DIRECTION('center_axis',(0.,0.,-1.));
#6876=DIRECTION('ref_axis',(1.,0.,0.));
#6877=DIRECTION('center_axis',(0.,0.,1.));
#6878=DIRECTION('ref_axis',(1.,0.,0.));
#6879=DIRECTION('',(0.,0.,1.));
#6880=DIRECTION('center_axis',(0.,0.,-1.));
#6881=DIRECTION('ref_axis',(1.,0.,0.));
#6882=DIRECTION('center_axis',(0.,0.,1.));
#6883=DIRECTION('ref_axis',(1.,0.,0.));
#6884=DIRECTION('',(0.,0.,1.));
#6885=DIRECTION('center_axis',(1.,0.,0.));
#6886=DIRECTION('ref_axis',(0.,1.,0.));
#6887=DIRECTION('center_axis',(1.,0.,0.));
#6888=DIRECTION('ref_axis',(0.,1.,0.));
#6889=DIRECTION('',(0.,0.,1.));
#6890=DIRECTION('',(0.,1.,0.));
#6891=DIRECTION('',(0.,0.,1.));
#6892=DIRECTION('center_axis',(0.,0.,1.));
#6893=DIRECTION('ref_axis',(-1.,1.22464679914735E-16,0.));
#6894=DIRECTION('center_axis',(0.,0.,1.));
#6895=DIRECTION('ref_axis',(1.,0.,0.));
#6896=DIRECTION('center_axis',(0.,0.,1.));
#6897=DIRECTION('ref_axis',(1.,0.,0.));
#6898=DIRECTION('center_axis',(-1.,0.,0.));
#6899=DIRECTION('ref_axis',(0.,-1.,0.));
#6900=DIRECTION('',(0.,0.,1.));
#6901=DIRECTION('',(0.,-1.,0.));
#6902=DIRECTION('center_axis',(0.,0.,1.));
#6903=DIRECTION('ref_axis',(1.,0.,0.));
#6904=DIRECTION('center_axis',(0.,0.,1.));
#6905=DIRECTION('ref_axis',(1.,0.,0.));
#6906=DIRECTION('center_axis',(0.,0.,1.));
#6907=DIRECTION('ref_axis',(1.,0.,0.));
#6908=DIRECTION('center_axis',(-1.,0.,0.));
#6909=DIRECTION('ref_axis',(0.,-1.,0.));
#6910=DIRECTION('',(0.,0.,1.));
#6911=DIRECTION('',(0.,-1.,0.));
#6912=DIRECTION('',(0.,0.,1.));
#6913=DIRECTION('center_axis',(0.,0.,1.));
#6914=DIRECTION('ref_axis',(1.,0.,0.));
#6915=DIRECTION('center_axis',(0.,0.,1.));
#6916=DIRECTION('ref_axis',(1.,0.,0.));
#6917=DIRECTION('center_axis',(0.,0.,1.));
#6918=DIRECTION('ref_axis',(1.,0.,0.));
#6919=DIRECTION('center_axis',(0.,0.,1.));
#6920=DIRECTION('ref_axis',(1.,0.,0.));
#6921=DIRECTION('center_axis',(0.,0.,-1.));
#6922=DIRECTION('ref_axis',(1.,0.,0.));
#6923=DIRECTION('center_axis',(0.,0.,1.));
#6924=DIRECTION('ref_axis',(1.,0.,0.));
#6925=DIRECTION('center_axis',(0.,0.,-1.));
#6926=DIRECTION('ref_axis',(1.,0.,0.));
#6927=DIRECTION('center_axis',(0.,0.,1.));
#6928=DIRECTION('ref_axis',(-0.707106781186548,-0.707106781186548,0.));
#6929=DIRECTION('',(0.,0.,-1.));
#6930=DIRECTION('center_axis',(0.,0.,1.));
#6931=DIRECTION('ref_axis',(-0.707106781186548,-0.707106781186548,0.));
#6932=DIRECTION('',(0.,0.,1.));
#6933=DIRECTION('center_axis',(0.,0.,1.));
#6934=DIRECTION('ref_axis',(-0.707106781186548,-0.707106781186548,0.));
#6935=DIRECTION('center_axis',(0.,0.,1.));
#6936=DIRECTION('ref_axis',(-0.707106781186548,-0.707106781186548,0.));
#6937=DIRECTION('',(0.,0.,1.));
#6938=DIRECTION('',(0.,0.,-1.));
#6939=DIRECTION('center_axis',(0.,1.,0.));
#6940=DIRECTION('ref_axis',(1.,0.,0.));
#6941=DIRECTION('center_axis',(0.,-1.,0.));
#6942=DIRECTION('ref_axis',(1.,0.,0.));
#6943=DIRECTION('',(0.,1.,0.));
#6944=DIRECTION('center_axis',(0.,1.,0.));
#6945=DIRECTION('ref_axis',(1.,0.,0.));
#6946=DIRECTION('',(0.,-1.,0.));
#6947=DIRECTION('center_axis',(0.,1.,0.));
#6948=DIRECTION('ref_axis',(1.,0.,0.));
#6949=DIRECTION('center_axis',(0.,1.,0.));
#6950=DIRECTION('ref_axis',(1.,0.,0.));
#6951=DIRECTION('',(0.,-1.,0.));
#6952=DIRECTION('center_axis',(0.,-1.,0.));
#6953=DIRECTION('ref_axis',(1.,0.,0.));
#6954=DIRECTION('',(0.,1.,0.));
#6955=DIRECTION('center_axis',(0.,1.,0.));
#6956=DIRECTION('ref_axis',(-1.,0.,0.));
#6957=DIRECTION('',(-1.,0.,0.));
#6958=DIRECTION('',(0.,0.,1.));
#6959=DIRECTION('',(0.,0.,-1.));
#6960=DIRECTION('',(1.,0.,0.));
#6961=DIRECTION('',(0.,0.,1.));
#6962=DIRECTION('',(-1.,0.,0.));
#6963=DIRECTION('center_axis',(0.,0.,1.));
#6964=DIRECTION('ref_axis',(1.,0.,0.));
#6965=DIRECTION('',(1.,0.,0.));
#6966=DIRECTION('',(0.,1.,0.));
#6967=DIRECTION('center_axis',(0.,-1.,0.));
#6968=DIRECTION('ref_axis',(1.,0.,0.));
#6969=DIRECTION('',(1.,0.,0.));
#6970=DIRECTION('',(0.,0.,1.));
#6971=DIRECTION('',(-1.,0.,0.));
#6972=DIRECTION('',(0.,0.,1.));
#6973=DIRECTION('',(0.,0.,1.));
#6974=DIRECTION('',(1.,0.,0.));
#6975=DIRECTION('center_axis',(0.,0.,1.));
#6976=DIRECTION('ref_axis',(1.,0.,0.));
#6977=DIRECTION('',(-1.,0.,0.));
#6978=DIRECTION('',(0.,-1.,0.));
#6979=DIRECTION('center_axis',(-1.,0.,0.));
#6980=DIRECTION('ref_axis',(0.,-1.,0.));
#6981=DIRECTION('',(0.,1.,0.));
#6982=DIRECTION('',(0.,0.,1.));
#6983=DIRECTION('',(0.,0.,1.));
#6984=DIRECTION('',(0.,-1.,0.));
#6985=DIRECTION('center_axis',(1.,0.,0.));
#6986=DIRECTION('ref_axis',(0.,1.,0.));
#6987=DIRECTION('',(0.,0.,1.));
#6988=DIRECTION('center_axis',(0.,-1.,0.));
#6989=DIRECTION('ref_axis',(1.,0.,0.));
#6990=DIRECTION('',(1.,0.,0.));
#6991=DIRECTION('center_axis',(0.,0.,1.));
#6992=DIRECTION('ref_axis',(1.,0.,0.));
#6993=DIRECTION('center_axis',(-1.,0.,0.));
#6994=DIRECTION('ref_axis',(0.,-1.,0.));
#6995=DIRECTION('',(0.,1.,0.));
#6996=DIRECTION('',(0.,0.,1.));
#6997=DIRECTION('center_axis',(0.,1.,0.));
#6998=DIRECTION('ref_axis',(-1.,0.,0.));
#6999=DIRECTION('',(-1.,0.,0.));
#7000=DIRECTION('',(0.,0.,1.));
#7001=DIRECTION('',(0.,0.,-1.));
#7002=DIRECTION('',(1.,0.,0.));
#7003=DIRECTION('center_axis',(1.,0.,0.));
#7004=DIRECTION('ref_axis',(0.,1.,0.));
#7005=DIRECTION('',(0.,1.,0.));
#7006=DIRECTION('center_axis',(0.,0.,1.));
#7007=DIRECTION('ref_axis',(1.,0.,0.));
#7008=DIRECTION('center_axis',(1.,0.,0.));
#7009=DIRECTION('ref_axis',(0.,1.,0.));
#7010=DIRECTION('',(0.,1.,0.));
#7011=DIRECTION('',(0.,0.,1.));
#7012=DIRECTION('center_axis',(1.,0.,0.));
#7013=DIRECTION('ref_axis',(0.,1.,0.));
#7014=DIRECTION('',(0.,0.,1.));
#7015=DIRECTION('',(0.,1.,0.));
#7016=DIRECTION('center_axis',(0.,1.,0.));
#7017=DIRECTION('ref_axis',(-1.,0.,0.));
#7018=DIRECTION('',(0.,0.,1.));
#7019=DIRECTION('',(-1.,0.,0.));
#7020=DIRECTION('',(0.,0.,1.));
#7021=DIRECTION('center_axis',(1.,-1.04083408558608E-15,0.));
#7022=DIRECTION('ref_axis',(1.04083408558608E-15,1.,0.));
#7023=DIRECTION('',(1.04083408558608E-15,1.,0.));
#7024=DIRECTION('',(0.,0.,1.));
#7025=DIRECTION('center_axis',(0.,-1.,0.));
#7026=DIRECTION('ref_axis',(1.,0.,0.));
#7027=DIRECTION('',(1.,0.,0.));
#7028=DIRECTION('',(0.,0.,1.));
#7029=DIRECTION('center_axis',(-1.,0.,0.));
#7030=DIRECTION('ref_axis',(0.,-1.,0.));
#7031=DIRECTION('',(0.,-1.,0.));
#7032=DIRECTION('center_axis',(0.,0.,1.));
#7033=DIRECTION('ref_axis',(1.,0.,0.));
#7034=DIRECTION('center_axis',(0.,1.,0.));
#7035=DIRECTION('ref_axis',(-1.,0.,0.));
#7036=DIRECTION('',(0.,0.,1.));
#7037=DIRECTION('',(-1.,0.,0.));
#7038=DIRECTION('',(0.,0.,1.));
#7039=DIRECTION('center_axis',(1.,0.,0.));
#7040=DIRECTION('ref_axis',(0.,1.,0.));
#7041=DIRECTION('',(0.,1.,0.));
#7042=DIRECTION('',(0.,0.,1.));
#7043=DIRECTION('center_axis',(0.,-1.,0.));
#7044=DIRECTION('ref_axis',(1.,0.,0.));
#7045=DIRECTION('',(1.,0.,0.));
#7046=DIRECTION('',(0.,0.,1.));
#7047=DIRECTION('center_axis',(-1.,0.,0.));
#7048=DIRECTION('ref_axis',(0.,-1.,0.));
#7049=DIRECTION('',(0.,-1.,0.));
#7050=DIRECTION('center_axis',(0.,0.,1.));
#7051=DIRECTION('ref_axis',(1.,0.,0.));
#7052=DIRECTION('center_axis',(0.,1.,0.));
#7053=DIRECTION('ref_axis',(-1.,0.,0.));
#7054=DIRECTION('',(0.,0.,1.));
#7055=DIRECTION('',(-1.,0.,0.));
#7056=DIRECTION('',(0.,0.,1.));
#7057=DIRECTION('center_axis',(1.,0.,0.));
#7058=DIRECTION('ref_axis',(0.,1.,0.));
#7059=DIRECTION('',(0.,1.,0.));
#7060=DIRECTION('',(0.,0.,1.));
#7061=DIRECTION('center_axis',(0.,-1.,0.));
#7062=DIRECTION('ref_axis',(1.,0.,0.));
#7063=DIRECTION('',(1.,0.,0.));
#7064=DIRECTION('',(0.,0.,1.));
#7065=DIRECTION('center_axis',(-1.,0.,0.));
#7066=DIRECTION('ref_axis',(0.,-1.,0.));
#7067=DIRECTION('',(0.,-1.,0.));
#7068=DIRECTION('center_axis',(0.,0.,1.));
#7069=DIRECTION('ref_axis',(1.,0.,0.));
#7070=DIRECTION('center_axis',(0.,1.,0.));
#7071=DIRECTION('ref_axis',(-1.,0.,0.));
#7072=DIRECTION('',(-1.,0.,0.));
#7073=DIRECTION('',(0.,0.,1.));
#7074=DIRECTION('center_axis',(1.,0.,0.));
#7075=DIRECTION('ref_axis',(0.,1.,0.));
#7076=DIRECTION('',(0.,1.,0.));
#7077=DIRECTION('',(0.,0.,1.));
#7078=DIRECTION('center_axis',(0.,-1.,0.));
#7079=DIRECTION('ref_axis',(1.,0.,0.));
#7080=DIRECTION('',(1.,0.,0.));
#7081=DIRECTION('center_axis',(0.,0.,1.));
#7082=DIRECTION('ref_axis',(1.,0.,0.));
#7083=DIRECTION('center_axis',(0.,1.,0.));
#7084=DIRECTION('ref_axis',(-1.,0.,0.));
#7085=DIRECTION('',(0.,0.,1.));
#7086=DIRECTION('',(-1.,0.,0.));
#7087=DIRECTION('center_axis',(0.,-1.,0.));
#7088=DIRECTION('ref_axis',(1.,0.,0.));
#7089=DIRECTION('',(1.,0.,0.));
#7090=DIRECTION('',(0.,0.,1.));
#7091=DIRECTION('center_axis',(-1.,0.,0.));
#7092=DIRECTION('ref_axis',(0.,-1.,0.));
#7093=DIRECTION('',(0.,-1.,0.));
#7094=DIRECTION('center_axis',(0.,0.,1.));
#7095=DIRECTION('ref_axis',(1.,0.,0.));
#7096=DIRECTION('center_axis',(0.,1.,0.));
#7097=DIRECTION('ref_axis',(-1.,0.,0.));
#7098=DIRECTION('',(0.,0.,1.));
#7099=DIRECTION('',(-1.,0.,0.));
#7100=DIRECTION('',(0.,0.,1.));
#7101=DIRECTION('center_axis',(1.,0.,0.));
#7102=DIRECTION('ref_axis',(0.,1.,0.));
#7103=DIRECTION('',(0.,1.,0.));
#7104=DIRECTION('',(0.,0.,1.));
#7105=DIRECTION('center_axis',(0.,-1.,0.));
#7106=DIRECTION('ref_axis',(1.,0.,0.));
#7107=DIRECTION('',(1.,0.,0.));
#7108=DIRECTION('center_axis',(-1.,0.,0.));
#7109=DIRECTION('ref_axis',(0.,-1.,0.));
#7110=DIRECTION('',(0.,-1.,0.));
#7111=DIRECTION('center_axis',(0.,0.,1.));
#7112=DIRECTION('ref_axis',(1.,0.,0.));
#7113=DIRECTION('center_axis',(0.,1.,0.));
#7114=DIRECTION('ref_axis',(-1.,0.,0.));
#7115=DIRECTION('',(0.,0.,1.));
#7116=DIRECTION('',(-1.,0.,0.));
#7117=DIRECTION('',(0.,0.,1.));
#7118=DIRECTION('center_axis',(1.,0.,0.));
#7119=DIRECTION('ref_axis',(0.,1.,0.));
#7120=DIRECTION('',(0.,1.,0.));
#7121=DIRECTION('center_axis',(0.,-1.,0.));
#7122=DIRECTION('ref_axis',(1.,0.,0.));
#7123=DIRECTION('',(1.,0.,0.));
#7124=DIRECTION('',(0.,0.,1.));
#7125=DIRECTION('center_axis',(-1.,0.,0.));
#7126=DIRECTION('ref_axis',(0.,-1.,0.));
#7127=DIRECTION('',(0.,-1.,0.));
#7128=DIRECTION('center_axis',(0.,0.,1.));
#7129=DIRECTION('ref_axis',(1.,0.,0.));
#7130=DIRECTION('center_axis',(0.,0.,1.));
#7131=DIRECTION('ref_axis',(1.,0.,0.));
#7132=DIRECTION('',(0.,0.,-1.));
#7133=DIRECTION('center_axis',(0.,0.,-1.));
#7134=DIRECTION('ref_axis',(1.,0.,0.));
#7135=DIRECTION('center_axis',(0.,0.,1.));
#7136=DIRECTION('ref_axis',(1.,0.,0.));
#7137=DIRECTION('',(0.,0.,-1.));
#7138=DIRECTION('center_axis',(0.,0.,-1.));
#7139=DIRECTION('ref_axis',(1.,0.,0.));
#7140=DIRECTION('center_axis',(0.,1.,0.));
#7141=DIRECTION('ref_axis',(-1.,0.,0.));
#7142=DIRECTION('',(0.,0.,1.));
#7143=DIRECTION('',(-1.,0.,0.));
#7144=DIRECTION('',(0.,0.,1.));
#7145=DIRECTION('center_axis',(1.,0.,0.));
#7146=DIRECTION('ref_axis',(0.,1.,0.));
#7147=DIRECTION('',(0.,1.,0.));
#7148=DIRECTION('',(0.,0.,1.));
#7149=DIRECTION('center_axis',(0.,-1.,0.));
#7150=DIRECTION('ref_axis',(1.,0.,0.));
#7151=DIRECTION('',(1.,0.,0.));
#7152=DIRECTION('',(0.,0.,1.));
#7153=DIRECTION('center_axis',(-1.,0.,0.));
#7154=DIRECTION('ref_axis',(0.,-1.,0.));
#7155=DIRECTION('',(0.,-1.,0.));
#7156=DIRECTION('center_axis',(0.,0.,1.));
#7157=DIRECTION('ref_axis',(1.,0.,0.));
#7158=DIRECTION('center_axis',(0.,1.,0.));
#7159=DIRECTION('ref_axis',(-1.,0.,0.));
#7160=DIRECTION('',(0.,0.,1.));
#7161=DIRECTION('',(-1.,0.,0.));
#7162=DIRECTION('',(0.,0.,1.));
#7163=DIRECTION('center_axis',(1.,0.,0.));
#7164=DIRECTION('ref_axis',(0.,1.,0.));
#7165=DIRECTION('',(0.,1.,0.));
#7166=DIRECTION('',(0.,0.,1.));
#7167=DIRECTION('center_axis',(0.,-1.,0.));
#7168=DIRECTION('ref_axis',(1.,0.,0.));
#7169=DIRECTION('',(1.,0.,0.));
#7170=DIRECTION('',(0.,0.,1.));
#7171=DIRECTION('center_axis',(-1.,0.,0.));
#7172=DIRECTION('ref_axis',(0.,-1.,0.));
#7173=DIRECTION('',(0.,-1.,0.));
#7174=DIRECTION('center_axis',(0.,0.,1.));
#7175=DIRECTION('ref_axis',(1.,0.,0.));
#7176=DIRECTION('center_axis',(1.,0.,0.));
#7177=DIRECTION('ref_axis',(0.,1.,0.));
#7178=DIRECTION('',(0.,0.,1.));
#7179=DIRECTION('',(0.,1.,0.));
#7180=DIRECTION('',(0.,0.,1.));
#7181=DIRECTION('center_axis',(0.,-1.,0.));
#7182=DIRECTION('ref_axis',(1.,0.,0.));
#7183=DIRECTION('',(1.,0.,0.));
#7184=DIRECTION('',(0.,0.,1.));
#7185=DIRECTION('center_axis',(-1.,0.,0.));
#7186=DIRECTION('ref_axis',(0.,-1.,0.));
#7187=DIRECTION('',(0.,-1.,0.));
#7188=DIRECTION('',(0.,0.,1.));
#7189=DIRECTION('center_axis',(0.,0.,1.));
#7190=DIRECTION('ref_axis',(1.,0.,0.));
#7191=DIRECTION('',(-1.,0.,0.));
#7192=DIRECTION('center_axis',(0.,1.,0.));
#7193=DIRECTION('ref_axis',(-1.,0.,0.));
#7194=DIRECTION('',(0.,0.,1.));
#7195=DIRECTION('',(-1.,0.,0.));
#7196=DIRECTION('',(0.,0.,1.));
#7197=DIRECTION('center_axis',(1.,0.,0.));
#7198=DIRECTION('ref_axis',(0.,1.,0.));
#7199=DIRECTION('',(0.,1.,0.));
#7200=DIRECTION('',(0.,0.,1.));
#7201=DIRECTION('center_axis',(0.,-1.,0.));
#7202=DIRECTION('ref_axis',(1.,0.,0.));
#7203=DIRECTION('',(1.,0.,0.));
#7204=DIRECTION('',(0.,0.,1.));
#7205=DIRECTION('center_axis',(-1.,0.,0.));
#7206=DIRECTION('ref_axis',(0.,-1.,0.));
#7207=DIRECTION('',(0.,-1.,0.));
#7208=DIRECTION('center_axis',(0.,0.,1.));
#7209=DIRECTION('ref_axis',(1.,0.,0.));
#7210=DIRECTION('center_axis',(0.,1.,0.));
#7211=DIRECTION('ref_axis',(-1.,0.,0.));
#7212=DIRECTION('',(0.,0.,1.));
#7213=DIRECTION('',(-1.,0.,0.));
#7214=DIRECTION('',(0.,0.,1.));
#7215=DIRECTION('center_axis',(1.,0.,0.));
#7216=DIRECTION('ref_axis',(0.,1.,0.));
#7217=DIRECTION('',(0.,1.,0.));
#7218=DIRECTION('',(0.,0.,1.));
#7219=DIRECTION('center_axis',(0.,-1.,0.));
#7220=DIRECTION('ref_axis',(1.,0.,0.));
#7221=DIRECTION('',(1.,0.,0.));
#7222=DIRECTION('',(0.,0.,1.));
#7223=DIRECTION('center_axis',(-1.,0.,0.));
#7224=DIRECTION('ref_axis',(0.,-1.,0.));
#7225=DIRECTION('',(0.,-1.,0.));
#7226=DIRECTION('center_axis',(0.,0.,1.));
#7227=DIRECTION('ref_axis',(1.,0.,0.));
#7228=DIRECTION('center_axis',(0.,1.,0.));
#7229=DIRECTION('ref_axis',(-1.,0.,0.));
#7230=DIRECTION('',(0.,0.,1.));
#7231=DIRECTION('',(-1.,0.,0.));
#7232=DIRECTION('',(0.,0.,1.));
#7233=DIRECTION('center_axis',(1.,0.,0.));
#7234=DIRECTION('ref_axis',(0.,1.,0.));
#7235=DIRECTION('',(0.,1.,0.));
#7236=DIRECTION('',(0.,0.,1.));
#7237=DIRECTION('center_axis',(0.,-1.,0.));
#7238=DIRECTION('ref_axis',(1.,0.,0.));
#7239=DIRECTION('',(1.,0.,0.));
#7240=DIRECTION('',(0.,0.,1.));
#7241=DIRECTION('center_axis',(-1.,0.,0.));
#7242=DIRECTION('ref_axis',(0.,-1.,0.));
#7243=DIRECTION('',(0.,-1.,0.));
#7244=DIRECTION('center_axis',(0.,0.,1.));
#7245=DIRECTION('ref_axis',(1.,0.,0.));
#7246=DIRECTION('center_axis',(0.,1.,0.));
#7247=DIRECTION('ref_axis',(-1.,0.,0.));
#7248=DIRECTION('',(0.,0.,1.));
#7249=DIRECTION('',(-1.,0.,0.));
#7250=DIRECTION('',(0.,0.,1.));
#7251=DIRECTION('center_axis',(1.,0.,0.));
#7252=DIRECTION('ref_axis',(0.,1.,0.));
#7253=DIRECTION('',(0.,1.,0.));
#7254=DIRECTION('',(0.,0.,1.));
#7255=DIRECTION('center_axis',(0.,-1.,0.));
#7256=DIRECTION('ref_axis',(1.,0.,0.));
#7257=DIRECTION('',(1.,0.,0.));
#7258=DIRECTION('',(0.,0.,1.));
#7259=DIRECTION('center_axis',(-1.,0.,0.));
#7260=DIRECTION('ref_axis',(0.,-1.,0.));
#7261=DIRECTION('',(0.,-1.,0.));
#7262=DIRECTION('center_axis',(0.,0.,1.));
#7263=DIRECTION('ref_axis',(1.,0.,0.));
#7264=DIRECTION('center_axis',(0.,1.,0.));
#7265=DIRECTION('ref_axis',(-1.,0.,0.));
#7266=DIRECTION('',(-1.,0.,0.));
#7267=DIRECTION('',(0.,0.,1.));
#7268=DIRECTION('',(-1.,0.,0.));
#7269=DIRECTION('',(0.,0.,1.));
#7270=DIRECTION('center_axis',(0.,0.,1.));
#7271=DIRECTION('ref_axis',(1.,0.,0.));
#7272=DIRECTION('',(0.,-1.,0.));
#7273=DIRECTION('',(-1.,0.,0.));
#7274=DIRECTION('',(0.,1.,0.));
#7275=DIRECTION('center_axis',(0.,0.,1.));
#7276=DIRECTION('ref_axis',(1.,0.,0.));
#7277=DIRECTION('',(0.,-1.,0.));
#7278=DIRECTION('',(0.,1.,0.));
#7279=DIRECTION('',(1.,0.,0.));
#7280=DIRECTION('center_axis',(0.,1.,0.));
#7281=DIRECTION('ref_axis',(-1.,0.,0.));
#7282=DIRECTION('',(0.,0.,1.));
#7283=DIRECTION('',(-1.,0.,0.));
#7284=DIRECTION('',(0.,0.,1.));
#7285=DIRECTION('center_axis',(0.,1.,0.));
#7286=DIRECTION('ref_axis',(-1.,0.,0.));
#7287=DIRECTION('',(0.,0.,1.));
#7288=DIRECTION('',(0.,0.,1.));
#7289=DIRECTION('center_axis',(1.,0.,0.));
#7290=DIRECTION('ref_axis',(0.,1.,0.));
#7291=DIRECTION('',(0.,1.,0.));
#7292=DIRECTION('',(0.,0.,1.));
#7293=DIRECTION('center_axis',(0.,-1.,0.));
#7294=DIRECTION('ref_axis',(1.,0.,0.));
#7295=DIRECTION('',(1.,0.,0.));
#7296=DIRECTION('',(0.,0.,1.));
#7297=DIRECTION('center_axis',(-1.,0.,0.));
#7298=DIRECTION('ref_axis',(0.,-1.,0.));
#7299=DIRECTION('',(0.,-1.,0.));
#7300=DIRECTION('center_axis',(0.,0.,1.));
#7301=DIRECTION('ref_axis',(1.,0.,0.));
#7302=DIRECTION('center_axis',(0.,1.,0.));
#7303=DIRECTION('ref_axis',(-1.,0.,0.));
#7304=DIRECTION('',(0.,0.,1.));
#7305=DIRECTION('',(-1.,0.,0.));
#7306=DIRECTION('',(0.,0.,1.));
#7307=DIRECTION('center_axis',(1.,0.,0.));
#7308=DIRECTION('ref_axis',(0.,1.,0.));
#7309=DIRECTION('',(0.,1.,0.));
#7310=DIRECTION('',(0.,0.,1.));
#7311=DIRECTION('center_axis',(0.,-1.,0.));
#7312=DIRECTION('ref_axis',(1.,0.,0.));
#7313=DIRECTION('',(1.,0.,0.));
#7314=DIRECTION('',(0.,0.,1.));
#7315=DIRECTION('center_axis',(-1.,0.,0.));
#7316=DIRECTION('ref_axis',(0.,-1.,0.));
#7317=DIRECTION('',(0.,-1.,0.));
#7318=DIRECTION('center_axis',(0.,0.,1.));
#7319=DIRECTION('ref_axis',(1.,0.,0.));
#7320=DIRECTION('center_axis',(0.,1.,0.));
#7321=DIRECTION('ref_axis',(-1.,0.,0.));
#7322=DIRECTION('',(0.,0.,1.));
#7323=DIRECTION('',(-1.,0.,0.));
#7324=DIRECTION('',(0.,0.,1.));
#7325=DIRECTION('center_axis',(1.,0.,0.));
#7326=DIRECTION('ref_axis',(0.,1.,0.));
#7327=DIRECTION('',(0.,1.,0.));
#7328=DIRECTION('',(0.,0.,1.));
#7329=DIRECTION('center_axis',(0.,-1.,0.));
#7330=DIRECTION('ref_axis',(1.,0.,0.));
#7331=DIRECTION('',(1.,0.,0.));
#7332=DIRECTION('',(0.,0.,1.));
#7333=DIRECTION('center_axis',(-1.,0.,0.));
#7334=DIRECTION('ref_axis',(0.,-1.,0.));
#7335=DIRECTION('',(0.,-1.,0.));
#7336=DIRECTION('center_axis',(0.,0.,1.));
#7337=DIRECTION('ref_axis',(1.,0.,0.));
#7338=DIRECTION('center_axis',(0.,0.,1.));
#7339=DIRECTION('ref_axis',(0.707106781186547,0.707106781186548,0.));
#7340=DIRECTION('',(0.,0.,-1.));
#7341=DIRECTION('center_axis',(0.,0.,1.));
#7342=DIRECTION('ref_axis',(0.707106781186547,0.707106781186548,0.));
#7343=DIRECTION('',(0.,0.,1.));
#7344=DIRECTION('center_axis',(1.,0.,0.));
#7345=DIRECTION('ref_axis',(0.,1.,0.));
#7346=DIRECTION('',(0.,0.,1.));
#7347=DIRECTION('',(0.,1.,0.));
#7348=DIRECTION('center_axis',(0.,0.,1.));
#7349=DIRECTION('ref_axis',(-0.707106781186547,0.707106781186548,0.));
#7350=DIRECTION('',(0.,0.,-1.));
#7351=DIRECTION('center_axis',(0.,0.,1.));
#7352=DIRECTION('ref_axis',(-0.707106781186547,0.707106781186548,0.));
#7353=DIRECTION('',(0.,0.,1.));
#7354=DIRECTION('center_axis',(-1.,0.,0.));
#7355=DIRECTION('ref_axis',(0.,-1.,0.));
#7356=DIRECTION('',(0.,-1.,0.));
#7357=DIRECTION('',(0.,0.,-1.));
#7358=DIRECTION('center_axis',(0.,0.,1.));
#7359=DIRECTION('ref_axis',(-0.707106781186548,-0.707106781186548,0.));
#7360=DIRECTION('center_axis',(0.,0.,1.));
#7361=DIRECTION('ref_axis',(-0.707106781186548,-0.707106781186548,0.));
#7362=DIRECTION('',(0.,0.,1.));
#7363=DIRECTION('center_axis',(0.,0.,1.));
#7364=DIRECTION('ref_axis',(0.707106781186548,-0.707106781186548,0.));
#7365=DIRECTION('',(0.,0.,-1.));
#7366=DIRECTION('center_axis',(0.,0.,1.));
#7367=DIRECTION('ref_axis',(0.707106781186548,-0.707106781186548,0.));
#7368=DIRECTION('center_axis',(0.,-1.,0.));
#7369=DIRECTION('ref_axis',(1.,0.,0.));
#7370=DIRECTION('',(1.,0.,0.));
#7371=DIRECTION('center_axis',(0.,1.,0.));
#7372=DIRECTION('ref_axis',(-1.,0.,0.));
#7373=DIRECTION('',(-1.,0.,0.));
#7374=DIRECTION('center_axis',(0.,0.,1.));
#7375=DIRECTION('ref_axis',(1.,0.,0.));
#7376=DIRECTION('center_axis',(0.,0.,1.));
#7377=DIRECTION('ref_axis',(1.,0.,0.));
#7378=DIRECTION('center_axis',(0.,0.,1.));
#7379=DIRECTION('ref_axis',(1.,0.,0.));
#7380=DIRECTION('',(0.,0.,1.));
#7381=DIRECTION('center_axis',(0.,0.,1.));
#7382=DIRECTION('ref_axis',(1.,0.,0.));
#7383=DIRECTION('center_axis',(0.,0.,1.));
#7384=DIRECTION('ref_axis',(1.,0.,0.));
#7385=DIRECTION('center_axis',(0.,0.,1.));
#7386=DIRECTION('ref_axis',(1.,0.,0.));
#7387=DIRECTION('center_axis',(0.,0.,1.));
#7388=DIRECTION('ref_axis',(1.,0.,0.));
#7389=DIRECTION('',(0.,0.,1.));
#7390=DIRECTION('center_axis',(0.,0.,1.));
#7391=DIRECTION('ref_axis',(1.,0.,0.));
#7392=DIRECTION('center_axis',(0.,0.,1.));
#7393=DIRECTION('ref_axis',(1.,0.,0.));
#7394=DIRECTION('center_axis',(0.,0.,1.));
#7395=DIRECTION('ref_axis',(1.,0.,0.));
#7396=DIRECTION('center_axis',(0.,0.,1.));
#7397=DIRECTION('ref_axis',(1.,0.,0.));
#7398=DIRECTION('',(0.,0.,1.));
#7399=DIRECTION('center_axis',(0.,0.,1.));
#7400=DIRECTION('ref_axis',(1.,0.,0.));
#7401=DIRECTION('center_axis',(0.,0.,1.));
#7402=DIRECTION('ref_axis',(1.,0.,0.));
#7403=DIRECTION('center_axis',(0.,0.,1.));
#7404=DIRECTION('ref_axis',(1.,0.,0.));
#7405=DIRECTION('center_axis',(0.,0.,1.));
#7406=DIRECTION('ref_axis',(1.,0.,0.));
#7407=DIRECTION('',(0.,0.,1.));
#7408=DIRECTION('center_axis',(0.,0.,1.));
#7409=DIRECTION('ref_axis',(1.,0.,0.));
#7410=DIRECTION('center_axis',(0.,0.,1.));
#7411=DIRECTION('ref_axis',(1.,0.,0.));
#7412=DIRECTION('center_axis',(0.,0.,1.));
#7413=DIRECTION('ref_axis',(-0.870916891059062,-0.491430329617555,0.));
#7414=DIRECTION('',(0.,0.,-1.));
#7415=DIRECTION('center_axis',(0.,0.,1.));
#7416=DIRECTION('ref_axis',(1.,0.,0.));
#7417=DIRECTION('',(0.,0.,1.));
#7418=DIRECTION('center_axis',(0.,0.,1.));
#7419=DIRECTION('ref_axis',(1.,0.,0.));
#7420=DIRECTION('center_axis',(0.,0.,1.));
#7421=DIRECTION('ref_axis',(1.,0.,0.));
#7422=DIRECTION('',(0.,1.,0.));
#7423=DIRECTION('center_axis',(0.,0.,1.));
#7424=DIRECTION('ref_axis',(0.707106781186547,0.707106781186548,0.));
#7425=DIRECTION('center_axis',(0.,0.,1.));
#7426=DIRECTION('ref_axis',(0.707106781186547,0.707106781186548,0.));
#7427=DIRECTION('center_axis',(0.,0.,-1.));
#7428=DIRECTION('ref_axis',(0.707106781186547,0.707106781186548,0.));
#7429=DIRECTION('',(0.,0.,1.));
#7430=DIRECTION('center_axis',(0.,0.,1.));
#7431=DIRECTION('ref_axis',(0.707106781186547,0.707106781186548,0.));
#7432=DIRECTION('',(0.,0.,-1.));
#7433=DIRECTION('center_axis',(0.,0.,1.));
#7434=DIRECTION('ref_axis',(1.,0.,0.));
#7435=DIRECTION('',(0.,0.,-1.));
#7436=DIRECTION('center_axis',(0.,0.,1.));
#7437=DIRECTION('ref_axis',(1.,0.,0.));
#7438=DIRECTION('',(0.,0.,1.));
#7439=DIRECTION('center_axis',(0.,0.,1.));
#7440=DIRECTION('ref_axis',(1.,0.,0.));
#7441=DIRECTION('center_axis',(0.,0.,1.));
#7442=DIRECTION('ref_axis',(1.,0.,0.));
#7443=DIRECTION('',(0.,-1.,0.));
#7444=DIRECTION('center_axis',(-1.,0.,0.));
#7445=DIRECTION('ref_axis',(0.,-1.,0.));
#7446=DIRECTION('',(0.,-1.,0.));
#7447=DIRECTION('',(0.,0.,-1.));
#7448=DIRECTION('',(0.,-1.,0.));
#7449=DIRECTION('',(0.,0.,1.));
#7450=DIRECTION('',(0.,-1.,0.));
#7451=DIRECTION('',(0.,0.,1.));
#7452=DIRECTION('',(0.,-1.,0.));
#7453=DIRECTION('center_axis',(0.,0.,1.));
#7454=DIRECTION('ref_axis',(1.,0.,0.));
#7455=DIRECTION('',(0.,0.,-1.));
#7456=DIRECTION('center_axis',(0.,0.,1.));
#7457=DIRECTION('ref_axis',(1.,0.,0.));
#7458=DIRECTION('center_axis',(0.,0.,1.));
#7459=DIRECTION('ref_axis',(1.,0.,0.));
#7460=DIRECTION('center_axis',(0.,0.,1.));
#7461=DIRECTION('ref_axis',(1.,0.,0.));
#7462=DIRECTION('center_axis',(0.,0.,1.));
#7463=DIRECTION('ref_axis',(-0.707106781186547,0.707106781186548,0.));
#7464=DIRECTION('center_axis',(0.,0.,1.));
#7465=DIRECTION('ref_axis',(1.,0.,0.));
#7466=DIRECTION('',(0.,1.,0.));
#7467=DIRECTION('center_axis',(0.,0.,1.));
#7468=DIRECTION('ref_axis',(1.,0.,0.));
#7469=DIRECTION('center_axis',(0.,0.,1.));
#7470=DIRECTION('ref_axis',(-1.,1.22464679914735E-16,0.));
#7471=DIRECTION('',(0.,0.,1.));
#7472=DIRECTION('',(0.,0.,-1.));
#7473=DIRECTION('center_axis',(0.,0.,1.));
#7474=DIRECTION('ref_axis',(1.,0.,0.));
#7475=DIRECTION('center_axis',(0.,0.,1.));
#7476=DIRECTION('ref_axis',(1.,0.,0.));
#7477=DIRECTION('',(0.,-1.,0.));
#7478=DIRECTION('',(0.,-1.,0.));
#7479=DIRECTION('center_axis',(0.,0.,1.));
#7480=DIRECTION('ref_axis',(0.707106781186548,-0.707106781186548,0.));
#7481=DIRECTION('',(1.,0.,0.));
#7482=DIRECTION('center_axis',(0.,0.,1.));
#7483=DIRECTION('ref_axis',(-0.707106781186548,-0.707106781186548,0.));
#7484=DIRECTION('center_axis',(0.,0.,1.));
#7485=DIRECTION('ref_axis',(-0.707106781186547,0.707106781186548,0.));
#7486=DIRECTION('',(-1.,0.,0.));
#7487=DIRECTION('',(-1.,0.,0.));
#7488=DIRECTION('',(0.,-1.,0.));
#7489=DIRECTION('',(1.,0.,0.));
#7490=DIRECTION('',(-1.85037170770859E-15,1.,0.));
#7491=DIRECTION('center_axis',(0.,0.,1.));
#7492=DIRECTION('ref_axis',(1.,0.,0.));
#7493=DIRECTION('center_axis',(0.,0.,1.));
#7494=DIRECTION('ref_axis',(1.,0.,0.));
#7495=DIRECTION('',(-1.,0.,0.));
#7496=DIRECTION('',(0.,-1.,0.));
#7497=DIRECTION('',(1.,0.,0.));
#7498=DIRECTION('',(0.,1.,0.));
#7499=DIRECTION('',(-1.,0.,0.));
#7500=DIRECTION('',(0.,-1.,0.));
#7501=DIRECTION('',(1.,0.,0.));
#7502=DIRECTION('',(0.,1.,0.));
#7503=DIRECTION('',(-1.,0.,0.));
#7504=DIRECTION('',(0.,-1.,0.));
#7505=DIRECTION('',(-1.,0.,0.));
#7506=DIRECTION('',(0.,-1.,0.));
#7507=DIRECTION('',(1.,0.,0.));
#7508=DIRECTION('',(0.,1.,0.));
#7509=DIRECTION('',(1.,0.,0.));
#7510=DIRECTION('',(0.,1.,0.));
#7511=DIRECTION('',(-1.,0.,0.));
#7512=DIRECTION('',(0.,-1.,0.));
#7513=DIRECTION('',(1.,0.,0.));
#7514=DIRECTION('',(0.,1.,0.));
#7515=DIRECTION('',(-1.,0.,0.));
#7516=DIRECTION('',(0.,1.,0.));
#7517=DIRECTION('',(-1.,0.,0.));
#7518=DIRECTION('',(0.,-1.,0.));
#7519=DIRECTION('',(1.,0.,0.));
#7520=DIRECTION('',(0.,-1.,0.));
#7521=DIRECTION('',(1.,0.,0.));
#7522=DIRECTION('',(0.,1.,0.));
#7523=DIRECTION('',(-1.,0.,0.));
#7524=DIRECTION('',(0.,-1.,0.));
#7525=DIRECTION('',(1.,0.,0.));
#7526=DIRECTION('',(-1.8503717077086E-15,1.,0.));
#7527=DIRECTION('',(-1.,0.,0.));
#7528=DIRECTION('',(0.,-1.,0.));
#7529=DIRECTION('',(1.,0.,0.));
#7530=DIRECTION('',(0.,1.,0.));
#7531=DIRECTION('center_axis',(0.,1.,0.));
#7532=DIRECTION('ref_axis',(-1.,0.,0.));
#7533=DIRECTION('',(-1.,0.,0.));
#7534=DIRECTION('',(0.,0.,1.));
#7535=DIRECTION('',(0.,0.,1.));
#7536=DIRECTION('center_axis',(1.,0.,0.));
#7537=DIRECTION('ref_axis',(0.,1.,0.));
#7538=DIRECTION('',(0.,1.,0.));
#7539=DIRECTION('',(0.,0.,1.));
#7540=DIRECTION('center_axis',(0.,-1.,0.));
#7541=DIRECTION('ref_axis',(1.,0.,0.));
#7542=DIRECTION('',(1.,0.,0.));
#7543=DIRECTION('',(0.,0.,1.));
#7544=DIRECTION('center_axis',(-1.,0.,0.));
#7545=DIRECTION('ref_axis',(0.,-1.,0.));
#7546=DIRECTION('',(0.,-1.,0.));
#7547=DIRECTION('center_axis',(0.,0.,1.));
#7548=DIRECTION('ref_axis',(1.,0.,0.));
#7549=DIRECTION('center_axis',(0.,1.,0.));
#7550=DIRECTION('ref_axis',(-1.,0.,0.));
#7551=DIRECTION('',(-1.,0.,0.));
#7552=DIRECTION('',(0.,0.,1.));
#7553=DIRECTION('',(0.,0.,1.));
#7554=DIRECTION('center_axis',(1.,1.85037170770859E-15,0.));
#7555=DIRECTION('ref_axis',(-1.85037170770859E-15,1.,0.));
#7556=DIRECTION('',(-1.85037170770859E-15,1.,0.));
#7557=DIRECTION('',(0.,0.,1.));
#7558=DIRECTION('center_axis',(0.,-1.,0.));
#7559=DIRECTION('ref_axis',(1.,0.,0.));
#7560=DIRECTION('',(1.,0.,0.));
#7561=DIRECTION('',(0.,0.,1.));
#7562=DIRECTION('center_axis',(-1.,0.,0.));
#7563=DIRECTION('ref_axis',(0.,-1.,0.));
#7564=DIRECTION('',(0.,-1.,0.));
#7565=DIRECTION('center_axis',(0.,0.,1.));
#7566=DIRECTION('ref_axis',(1.,0.,0.));
#7567=DIRECTION('center_axis',(0.,1.,0.));
#7568=DIRECTION('ref_axis',(-1.,0.,0.));
#7569=DIRECTION('',(-1.,0.,0.));
#7570=DIRECTION('',(0.,0.,1.));
#7571=DIRECTION('',(0.,0.,1.));
#7572=DIRECTION('center_axis',(1.,1.8503717077086E-15,0.));
#7573=DIRECTION('ref_axis',(-1.8503717077086E-15,1.,0.));
#7574=DIRECTION('',(-1.8503717077086E-15,1.,0.));
#7575=DIRECTION('',(0.,0.,1.));
#7576=DIRECTION('center_axis',(0.,-1.,0.));
#7577=DIRECTION('ref_axis',(1.,0.,0.));
#7578=DIRECTION('',(1.,0.,0.));
#7579=DIRECTION('',(0.,0.,1.));
#7580=DIRECTION('center_axis',(-1.,0.,0.));
#7581=DIRECTION('ref_axis',(0.,-1.,0.));
#7582=DIRECTION('',(0.,-1.,0.));
#7583=DIRECTION('center_axis',(0.,0.,1.));
#7584=DIRECTION('ref_axis',(1.,0.,0.));
#7585=DIRECTION('center_axis',(0.,1.,0.));
#7586=DIRECTION('ref_axis',(-1.,0.,0.));
#7587=DIRECTION('',(-1.,0.,0.));
#7588=DIRECTION('',(0.,0.,1.));
#7589=DIRECTION('',(0.,0.,1.));
#7590=DIRECTION('center_axis',(1.,0.,0.));
#7591=DIRECTION('ref_axis',(0.,1.,0.));
#7592=DIRECTION('',(0.,1.,0.));
#7593=DIRECTION('',(0.,0.,1.));
#7594=DIRECTION('center_axis',(0.,-1.,0.));
#7595=DIRECTION('ref_axis',(1.,0.,0.));
#7596=DIRECTION('',(1.,0.,0.));
#7597=DIRECTION('',(0.,0.,1.));
#7598=DIRECTION('center_axis',(-1.,0.,0.));
#7599=DIRECTION('ref_axis',(0.,-1.,0.));
#7600=DIRECTION('',(0.,-1.,0.));
#7601=DIRECTION('',(0.,0.,1.));
#7602=DIRECTION('center_axis',(0.,-1.,0.));
#7603=DIRECTION('ref_axis',(1.,0.,0.));
#7604=DIRECTION('',(1.,0.,0.));
#7605=DIRECTION('',(0.,0.,1.));
#7606=DIRECTION('center_axis',(-1.,0.,0.));
#7607=DIRECTION('ref_axis',(0.,-1.,0.));
#7608=DIRECTION('',(0.,-1.,0.));
#7609=DIRECTION('center_axis',(0.,0.,1.));
#7610=DIRECTION('ref_axis',(1.,0.,0.));
#7611=DIRECTION('center_axis',(0.,1.,0.));
#7612=DIRECTION('ref_axis',(-1.,0.,0.));
#7613=DIRECTION('',(-1.,0.,0.));
#7614=DIRECTION('',(0.,0.,1.));
#7615=DIRECTION('',(0.,0.,1.));
#7616=DIRECTION('center_axis',(1.,0.,0.));
#7617=DIRECTION('ref_axis',(0.,1.,0.));
#7618=DIRECTION('',(0.,1.,0.));
#7619=DIRECTION('',(0.,0.,1.));
#7620=DIRECTION('center_axis',(0.,1.,0.));
#7621=DIRECTION('ref_axis',(-1.,0.,0.));
#7622=DIRECTION('',(-1.,0.,0.));
#7623=DIRECTION('',(0.,0.,1.));
#7624=DIRECTION('center_axis',(1.,0.,0.));
#7625=DIRECTION('ref_axis',(0.,1.,0.));
#7626=DIRECTION('',(0.,1.,0.));
#7627=DIRECTION('',(0.,0.,1.));
#7628=DIRECTION('center_axis',(0.,-1.,0.));
#7629=DIRECTION('ref_axis',(1.,0.,0.));
#7630=DIRECTION('',(1.,0.,0.));
#7631=DIRECTION('',(0.,0.,1.));
#7632=DIRECTION('center_axis',(-1.,0.,0.));
#7633=DIRECTION('ref_axis',(0.,-1.,0.));
#7634=DIRECTION('',(0.,-1.,0.));
#7635=DIRECTION('center_axis',(0.,0.,1.));
#7636=DIRECTION('ref_axis',(1.,0.,0.));
#7637=DIRECTION('center_axis',(0.,1.,0.));
#7638=DIRECTION('ref_axis',(-1.,0.,0.));
#7639=DIRECTION('',(-1.,0.,0.));
#7640=DIRECTION('',(0.,0.,1.));
#7641=DIRECTION('',(0.,0.,1.));
#7642=DIRECTION('center_axis',(1.,0.,0.));
#7643=DIRECTION('ref_axis',(0.,1.,0.));
#7644=DIRECTION('',(0.,1.,0.));
#7645=DIRECTION('',(0.,0.,1.));
#7646=DIRECTION('center_axis',(0.,-1.,0.));
#7647=DIRECTION('ref_axis',(1.,0.,0.));
#7648=DIRECTION('',(1.,0.,0.));
#7649=DIRECTION('',(0.,0.,1.));
#7650=DIRECTION('center_axis',(1.,0.,0.));
#7651=DIRECTION('ref_axis',(0.,1.,0.));
#7652=DIRECTION('',(0.,1.,0.));
#7653=DIRECTION('',(0.,0.,1.));
#7654=DIRECTION('center_axis',(0.,-1.,0.));
#7655=DIRECTION('ref_axis',(1.,0.,0.));
#7656=DIRECTION('',(1.,0.,0.));
#7657=DIRECTION('',(0.,0.,1.));
#7658=DIRECTION('center_axis',(-1.,0.,0.));
#7659=DIRECTION('ref_axis',(0.,-1.,0.));
#7660=DIRECTION('',(0.,-1.,0.));
#7661=DIRECTION('center_axis',(0.,0.,1.));
#7662=DIRECTION('ref_axis',(1.,0.,0.));
#7663=DIRECTION('center_axis',(0.,1.,0.));
#7664=DIRECTION('ref_axis',(-1.,0.,0.));
#7665=DIRECTION('',(-1.,0.,0.));
#7666=DIRECTION('',(0.,0.,1.));
#7667=DIRECTION('',(0.,0.,1.));
#7668=DIRECTION('center_axis',(-1.,0.,0.));
#7669=DIRECTION('ref_axis',(0.,-1.,0.));
#7670=DIRECTION('',(0.,-1.,0.));
#7671=DIRECTION('',(0.,0.,1.));
#7672=DIRECTION('center_axis',(0.,1.,0.));
#7673=DIRECTION('ref_axis',(-1.,0.,0.));
#7674=DIRECTION('',(-1.,0.,0.));
#7675=DIRECTION('',(0.,0.,1.));
#7676=DIRECTION('center_axis',(1.,0.,0.));
#7677=DIRECTION('ref_axis',(0.,1.,0.));
#7678=DIRECTION('',(0.,1.,0.));
#7679=DIRECTION('',(0.,0.,1.));
#7680=DIRECTION('center_axis',(0.,-1.,0.));
#7681=DIRECTION('ref_axis',(1.,0.,0.));
#7682=DIRECTION('',(1.,0.,0.));
#7683=DIRECTION('',(0.,0.,1.));
#7684=DIRECTION('center_axis',(-1.,0.,0.));
#7685=DIRECTION('ref_axis',(0.,-1.,0.));
#7686=DIRECTION('',(0.,-1.,0.));
#7687=DIRECTION('center_axis',(0.,0.,1.));
#7688=DIRECTION('ref_axis',(1.,0.,0.));
#7689=DIRECTION('center_axis',(0.,1.,0.));
#7690=DIRECTION('ref_axis',(-1.,0.,0.));
#7691=DIRECTION('',(0.,0.,1.));
#7692=DIRECTION('',(1.,0.,0.));
#7693=DIRECTION('',(0.,0.,-1.));
#7694=DIRECTION('',(-1.,0.,0.));
#7695=DIRECTION('',(0.,0.,-1.));
#7696=DIRECTION('',(-1.,0.,0.));
#7697=DIRECTION('center_axis',(0.,0.,1.));
#7698=DIRECTION('ref_axis',(1.,0.,0.));
#7699=DIRECTION('',(0.,-1.,0.));
#7700=DIRECTION('center_axis',(0.,0.,1.));
#7701=DIRECTION('ref_axis',(-0.707106781186547,0.707106781186548,0.));
#7702=DIRECTION('center_axis',(0.,0.,1.));
#7703=DIRECTION('ref_axis',(-0.707106781186548,-0.707106781186548,0.));
#7704=DIRECTION('',(1.,0.,0.));
#7705=DIRECTION('center_axis',(0.,0.,1.));
#7706=DIRECTION('ref_axis',(0.707106781186548,-0.707106781186548,0.));
#7707=DIRECTION('',(0.,1.,0.));
#7708=DIRECTION('',(0.,1.,0.));
#7709=DIRECTION('',(-1.,0.,0.));
#7710=DIRECTION('center_axis',(0.,0.,1.));
#7711=DIRECTION('ref_axis',(0.707106781186547,0.707106781186548,0.));
#7712=DIRECTION('',(0.,1.,0.));
#7713=DIRECTION('center_axis',(0.,0.,1.));
#7714=DIRECTION('ref_axis',(0.707106781186548,-0.707106781186548,0.));
#7715=DIRECTION('',(1.,0.,0.));
#7716=DIRECTION('center_axis',(0.,0.,1.));
#7717=DIRECTION('ref_axis',(-0.707106781186548,-0.707106781186548,0.));
#7718=DIRECTION('',(0.,-1.,0.));
#7719=DIRECTION('center_axis',(0.,0.,1.));
#7720=DIRECTION('ref_axis',(-0.707106781186547,0.707106781186548,0.));
#7721=DIRECTION('',(-1.,0.,0.));
#7722=DIRECTION('center_axis',(0.,0.,-1.));
#7723=DIRECTION('ref_axis',(-0.707106781186547,0.707106781186548,0.));
#7724=DIRECTION('',(0.,0.707106781186548,-0.707106781186548));
#7725=DIRECTION('center_axis',(0.,0.,1.));
#7726=DIRECTION('ref_axis',(-0.707106781186547,0.707106781186548,0.));
#7727=DIRECTION('',(0.707106781186548,0.,0.707106781186548));
#7728=DIRECTION('center_axis',(0.,0.,-1.));
#7729=DIRECTION('ref_axis',(-0.707106781186547,0.707106781186548,0.));
#7730=DIRECTION('center_axis',(0.,0.707106781186548,0.707106781186548));
#7731=DIRECTION('ref_axis',(1.,0.,0.));
#7732=DIRECTION('',(1.,0.,0.));
#7733=DIRECTION('',(0.,0.707106781186548,-0.707106781186548));
#7734=DIRECTION('',(-1.,0.,0.));
#7735=DIRECTION('center_axis',(0.,0.,-1.));
#7736=DIRECTION('ref_axis',(0.707106781186547,0.707106781186548,0.));
#7737=DIRECTION('',(0.707106781186548,0.,-0.707106781186548));
#7738=DIRECTION('center_axis',(0.,0.,1.));
#7739=DIRECTION('ref_axis',(0.707106781186547,0.707106781186548,0.));
#7740=DIRECTION('center_axis',(0.,0.,-1.));
#7741=DIRECTION('ref_axis',(0.707106781186547,0.707106781186548,0.));
#7742=DIRECTION('center_axis',(0.707106781186548,0.,0.707106781186548));
#7743=DIRECTION('ref_axis',(0.707106781186548,0.,-0.707106781186548));
#7744=DIRECTION('',(0.,-1.,0.));
#7745=DIRECTION('',(0.707106781186548,0.,-0.707106781186548));
#7746=DIRECTION('',(0.,1.,0.));
#7747=DIRECTION('center_axis',(0.,0.,-1.));
#7748=DIRECTION('ref_axis',(0.707106781186547,-0.707106781186547,0.));
#7749=DIRECTION('',(0.,-0.707106781186546,-0.707106781186549));
#7750=DIRECTION('center_axis',(0.,0.,1.));
#7751=DIRECTION('ref_axis',(0.707106781186548,-0.707106781186548,0.));
#7752=DIRECTION('center_axis',(0.,0.,-1.));
#7753=DIRECTION('ref_axis',(0.707106781186548,-0.707106781186548,0.));
#7754=DIRECTION('center_axis',(0.,-0.707106781186548,0.707106781186548));
#7755=DIRECTION('ref_axis',(1.,0.,0.));
#7756=DIRECTION('',(-1.,0.,0.));
#7757=DIRECTION('',(0.,-0.707106781186548,-0.707106781186548));
#7758=DIRECTION('',(1.,0.,0.));
#7759=DIRECTION('center_axis',(0.,0.,-1.));
#7760=DIRECTION('ref_axis',(-0.707106781186547,-0.707106781186547,0.));
#7761=DIRECTION('',(-0.707106781186548,0.,-0.707106781186548));
#7762=DIRECTION('center_axis',(0.,0.,1.));
#7763=DIRECTION('ref_axis',(-0.707106781186548,-0.707106781186548,0.));
#7764=DIRECTION('center_axis',(0.,0.,-1.));
#7765=DIRECTION('ref_axis',(-0.707106781186548,-0.707106781186548,0.));
#7766=DIRECTION('center_axis',(-0.707106781186548,0.,0.707106781186548));
#7767=DIRECTION('ref_axis',(0.707106781186548,0.,0.707106781186548));
#7768=DIRECTION('',(0.,1.,0.));
#7769=DIRECTION('',(0.,-1.,0.));
#7770=DIRECTION('center_axis',(0.,-1.,0.));
#7771=DIRECTION('ref_axis',(1.,0.,0.));
#7772=DIRECTION('',(0.,0.,1.));
#7773=DIRECTION('',(0.,0.,-1.));
#7774=DIRECTION('center_axis',(0.,0.,1.));
#7775=DIRECTION('ref_axis',(-0.707106781186548,-0.707106781186548,0.));
#7776=DIRECTION('',(0.,0.,-1.));
#7777=DIRECTION('center_axis',(-1.,0.,0.));
#7778=DIRECTION('ref_axis',(0.,-1.,0.));
#7779=DIRECTION('',(0.,0.,1.));
#7780=DIRECTION('center_axis',(0.,0.,1.));
#7781=DIRECTION('ref_axis',(-0.707106781186547,0.707106781186548,0.));
#7782=DIRECTION('',(0.,0.,-1.));
#7783=DIRECTION('center_axis',(0.,0.,1.));
#7784=DIRECTION('ref_axis',(1.,0.,0.));
#7785=DIRECTION('center_axis',(0.,0.,-1.));
#7786=DIRECTION('ref_axis',(1.,0.,0.));
#7787=DIRECTION('center_axis',(0.,0.,-1.));
#7788=DIRECTION('ref_axis',(1.,0.,0.));
#7789=DIRECTION('',(1.,0.,0.));
#7790=DIRECTION('',(0.,-1.,0.));
#7791=DIRECTION('',(-1.,0.,0.));
#7792=DIRECTION('',(0.,1.,0.));
#7793=DIRECTION('center_axis',(0.,-1.,0.));
#7794=DIRECTION('ref_axis',(-1.,0.,0.));
#7795=DIRECTION('',(0.,0.,-1.));
#7796=DIRECTION('',(0.,0.,-1.));
#7797=DIRECTION('center_axis',(1.,0.,0.));
#7798=DIRECTION('ref_axis',(0.,-1.,0.));
#7799=DIRECTION('',(0.,0.,-1.));
#7800=DIRECTION('center_axis',(0.,1.,0.));
#7801=DIRECTION('ref_axis',(1.,0.,0.));
#7802=DIRECTION('',(0.,0.,-1.));
#7803=DIRECTION('center_axis',(-1.,0.,0.));
#7804=DIRECTION('ref_axis',(0.,1.,0.));
#7805=DIRECTION('center_axis',(0.,0.,-1.));
#7806=DIRECTION('ref_axis',(1.,0.,0.));
#7807=DIRECTION('',(0.,0.,-1.));
#7808=DIRECTION('center_axis',(0.,0.,-1.));
#7809=DIRECTION('ref_axis',(1.,0.,0.));
#7810=DIRECTION('',(0.,0.,-1.));
#7811=DIRECTION('center_axis',(-1.,0.,0.));
#7812=DIRECTION('ref_axis',(0.,0.,1.));
#7813=DIRECTION('',(0.,0.,-1.));
#7814=DIRECTION('',(0.,1.,0.));
#7815=DIRECTION('center_axis',(1.,0.,0.));
#7816=DIRECTION('ref_axis',(0.,0.,-1.));
#7817=DIRECTION('',(0.,0.,1.));
#7818=DIRECTION('',(0.,1.,0.));
#7819=DIRECTION('center_axis',(0.,0.,1.));
#7820=DIRECTION('ref_axis',(1.,0.,0.));
#7821=DIRECTION('',(-1.,0.,0.));
#7822=DIRECTION('center_axis',(1.,0.,0.));
#7823=DIRECTION('ref_axis',(0.,1.,0.));
#7824=DIRECTION('',(0.,0.,1.));
#7825=DIRECTION('center_axis',(0.,0.,1.));
#7826=DIRECTION('ref_axis',(-0.707106781186547,0.707106781186548,0.));
#7827=DIRECTION('center_axis',(0.,0.,1.));
#7828=DIRECTION('ref_axis',(-0.707106781186548,-0.707106781186548,0.));
#7829=DIRECTION('',(0.,0.,1.));
#7830=DIRECTION('center_axis',(0.,0.,1.));
#7831=DIRECTION('ref_axis',(0.707106781186548,-0.707106781186548,0.));
#7832=DIRECTION('',(0.,0.,-1.));
#7833=DIRECTION('center_axis',(0.,-1.,0.));
#7834=DIRECTION('ref_axis',(1.,0.,0.));
#7835=DIRECTION('center_axis',(0.,0.,1.));
#7836=DIRECTION('ref_axis',(0.707106781186547,0.707106781186548,0.));
#7837=DIRECTION('',(0.,0.,-1.));
#7838=DIRECTION('',(0.,0.,1.));
#7839=DIRECTION('center_axis',(1.,0.,0.));
#7840=DIRECTION('ref_axis',(0.,1.,0.));
#7841=DIRECTION('',(0.,0.,1.));
#7842=DIRECTION('center_axis',(0.,0.,1.));
#7843=DIRECTION('ref_axis',(0.707106781186548,-0.707106781186548,0.));
#7844=DIRECTION('center_axis',(0.,1.,0.));
#7845=DIRECTION('ref_axis',(-1.,0.,0.));
#7846=DIRECTION('center_axis',(0.,1.,0.));
#7847=DIRECTION('ref_axis',(-1.,0.,0.));
#7848=DIRECTION('',(-1.,0.,0.));
#7849=DIRECTION('',(0.,0.,1.));
#7850=DIRECTION('',(-1.,0.,0.));
#7851=DIRECTION('',(0.,0.,1.));
#7852=DIRECTION('center_axis',(1.,0.,0.));
#7853=DIRECTION('ref_axis',(0.,1.,0.));
#7854=DIRECTION('',(0.,1.,0.));
#7855=DIRECTION('',(0.,1.,0.));
#7856=DIRECTION('',(0.,0.,1.));
#7857=DIRECTION('center_axis',(0.,-1.,0.));
#7858=DIRECTION('ref_axis',(1.,0.,0.));
#7859=DIRECTION('',(1.,0.,0.));
#7860=DIRECTION('',(1.,0.,0.));
#7861=DIRECTION('',(0.,0.,1.));
#7862=DIRECTION('center_axis',(-1.,0.,0.));
#7863=DIRECTION('ref_axis',(0.,-1.,0.));
#7864=DIRECTION('',(0.,-1.,0.));
#7865=DIRECTION('',(0.,-1.,0.));
#7866=DIRECTION('center_axis',(0.,0.,1.));
#7867=DIRECTION('ref_axis',(1.,0.,0.));
#7868=DIRECTION('center_axis',(0.,0.,1.));
#7869=DIRECTION('ref_axis',(1.,0.,0.));
#7870=DIRECTION('center_axis',(0.,1.,0.));
#7871=DIRECTION('ref_axis',(-1.,0.,0.));
#7872=DIRECTION('',(-1.,0.,0.));
#7873=DIRECTION('',(0.,0.,1.));
#7874=DIRECTION('',(-1.,0.,0.));
#7875=DIRECTION('',(0.,0.,1.));
#7876=DIRECTION('center_axis',(1.,0.,0.));
#7877=DIRECTION('ref_axis',(0.,1.,0.));
#7878=DIRECTION('',(0.,1.,0.));
#7879=DIRECTION('',(0.,1.,0.));
#7880=DIRECTION('',(0.,0.,1.));
#7881=DIRECTION('center_axis',(0.,-1.,0.));
#7882=DIRECTION('ref_axis',(1.,0.,0.));
#7883=DIRECTION('',(1.,0.,0.));
#7884=DIRECTION('',(1.,0.,0.));
#7885=DIRECTION('',(0.,0.,1.));
#7886=DIRECTION('center_axis',(-1.,0.,0.));
#7887=DIRECTION('ref_axis',(0.,-1.,0.));
#7888=DIRECTION('',(0.,-1.,0.));
#7889=DIRECTION('',(0.,-1.,0.));
#7890=DIRECTION('center_axis',(0.,0.,1.));
#7891=DIRECTION('ref_axis',(1.,0.,0.));
#7892=DIRECTION('center_axis',(0.,0.,1.));
#7893=DIRECTION('ref_axis',(1.,0.,0.));
#7894=DIRECTION('center_axis',(0.,1.,0.));
#7895=DIRECTION('ref_axis',(-1.,0.,0.));
#7896=DIRECTION('',(-1.,0.,0.));
#7897=DIRECTION('',(0.,0.,1.));
#7898=DIRECTION('',(-1.,0.,0.));
#7899=DIRECTION('',(0.,0.,1.));
#7900=DIRECTION('center_axis',(1.,0.,0.));
#7901=DIRECTION('ref_axis',(0.,1.,0.));
#7902=DIRECTION('',(0.,1.,0.));
#7903=DIRECTION('',(0.,1.,0.));
#7904=DIRECTION('',(0.,0.,1.));
#7905=DIRECTION('center_axis',(0.,-1.,0.));
#7906=DIRECTION('ref_axis',(1.,0.,0.));
#7907=DIRECTION('',(1.,0.,0.));
#7908=DIRECTION('',(1.,0.,0.));
#7909=DIRECTION('',(0.,0.,1.));
#7910=DIRECTION('center_axis',(-1.,0.,0.));
#7911=DIRECTION('ref_axis',(0.,-1.,0.));
#7912=DIRECTION('',(0.,-1.,0.));
#7913=DIRECTION('',(0.,-1.,0.));
#7914=DIRECTION('center_axis',(0.,0.,1.));
#7915=DIRECTION('ref_axis',(1.,0.,0.));
#7916=DIRECTION('center_axis',(0.,0.,1.));
#7917=DIRECTION('ref_axis',(1.,0.,0.));
#7918=DIRECTION('center_axis',(0.,1.,0.));
#7919=DIRECTION('ref_axis',(-1.,0.,0.));
#7920=DIRECTION('',(-1.,0.,0.));
#7921=DIRECTION('',(0.,0.,1.));
#7922=DIRECTION('',(-1.,0.,0.));
#7923=DIRECTION('',(0.,0.,1.));
#7924=DIRECTION('center_axis',(1.,0.,0.));
#7925=DIRECTION('ref_axis',(0.,1.,0.));
#7926=DIRECTION('',(0.,1.,0.));
#7927=DIRECTION('',(0.,1.,0.));
#7928=DIRECTION('',(0.,0.,1.));
#7929=DIRECTION('center_axis',(0.,-1.,0.));
#7930=DIRECTION('ref_axis',(1.,0.,0.));
#7931=DIRECTION('',(1.,0.,0.));
#7932=DIRECTION('',(1.,0.,0.));
#7933=DIRECTION('',(0.,0.,1.));
#7934=DIRECTION('center_axis',(-1.,0.,0.));
#7935=DIRECTION('ref_axis',(0.,-1.,0.));
#7936=DIRECTION('',(0.,-1.,0.));
#7937=DIRECTION('',(0.,-1.,0.));
#7938=DIRECTION('center_axis',(0.,0.,1.));
#7939=DIRECTION('ref_axis',(1.,0.,0.));
#7940=DIRECTION('center_axis',(0.,0.,1.));
#7941=DIRECTION('ref_axis',(1.,0.,0.));
#7942=DIRECTION('center_axis',(0.,1.,0.));
#7943=DIRECTION('ref_axis',(-1.,0.,0.));
#7944=DIRECTION('',(-1.,0.,0.));
#7945=DIRECTION('',(0.,0.,1.));
#7946=DIRECTION('',(-1.,0.,0.));
#7947=DIRECTION('',(0.,0.,1.));
#7948=DIRECTION('center_axis',(1.,0.,0.));
#7949=DIRECTION('ref_axis',(0.,1.,0.));
#7950=DIRECTION('',(0.,1.,0.));
#7951=DIRECTION('',(0.,1.,0.));
#7952=DIRECTION('',(0.,0.,1.));
#7953=DIRECTION('center_axis',(0.,-1.,0.));
#7954=DIRECTION('ref_axis',(1.,0.,0.));
#7955=DIRECTION('',(1.,0.,0.));
#7956=DIRECTION('',(1.,0.,0.));
#7957=DIRECTION('',(0.,0.,1.));
#7958=DIRECTION('center_axis',(-1.,0.,0.));
#7959=DIRECTION('ref_axis',(0.,-1.,0.));
#7960=DIRECTION('',(0.,-1.,0.));
#7961=DIRECTION('',(0.,-1.,0.));
#7962=DIRECTION('center_axis',(0.,0.,1.));
#7963=DIRECTION('ref_axis',(1.,0.,0.));
#7964=DIRECTION('center_axis',(0.,0.,1.));
#7965=DIRECTION('ref_axis',(1.,0.,0.));
#7966=DIRECTION('center_axis',(0.,1.,0.));
#7967=DIRECTION('ref_axis',(-1.,0.,0.));
#7968=DIRECTION('',(-1.,0.,0.));
#7969=DIRECTION('',(0.,0.,1.));
#7970=DIRECTION('',(-1.,0.,0.));
#7971=DIRECTION('',(0.,0.,1.));
#7972=DIRECTION('center_axis',(1.,0.,0.));
#7973=DIRECTION('ref_axis',(0.,1.,0.));
#7974=DIRECTION('',(0.,1.,0.));
#7975=DIRECTION('',(0.,1.,0.));
#7976=DIRECTION('',(0.,0.,1.));
#7977=DIRECTION('center_axis',(0.,-1.,0.));
#7978=DIRECTION('ref_axis',(1.,0.,0.));
#7979=DIRECTION('',(1.,0.,0.));
#7980=DIRECTION('',(1.,0.,0.));
#7981=DIRECTION('',(0.,0.,1.));
#7982=DIRECTION('center_axis',(-1.,0.,0.));
#7983=DIRECTION('ref_axis',(0.,-1.,0.));
#7984=DIRECTION('',(0.,-1.,0.));
#7985=DIRECTION('',(0.,-1.,0.));
#7986=DIRECTION('center_axis',(0.,0.,1.));
#7987=DIRECTION('ref_axis',(1.,0.,0.));
#7988=DIRECTION('center_axis',(0.,0.,1.));
#7989=DIRECTION('ref_axis',(1.,0.,0.));
#7990=DIRECTION('center_axis',(0.,1.,0.));
#7991=DIRECTION('ref_axis',(-1.,0.,0.));
#7992=DIRECTION('',(-1.,0.,0.));
#7993=DIRECTION('',(0.,0.,1.));
#7994=DIRECTION('',(-1.,0.,0.));
#7995=DIRECTION('',(0.,0.,1.));
#7996=DIRECTION('center_axis',(1.,0.,0.));
#7997=DIRECTION('ref_axis',(0.,1.,0.));
#7998=DIRECTION('',(0.,1.,0.));
#7999=DIRECTION('',(0.,1.,0.));
#8000=DIRECTION('',(0.,0.,1.));
#8001=DIRECTION('center_axis',(0.,-1.,0.));
#8002=DIRECTION('ref_axis',(1.,0.,0.));
#8003=DIRECTION('',(1.,0.,0.));
#8004=DIRECTION('',(1.,0.,0.));
#8005=DIRECTION('',(0.,0.,1.));
#8006=DIRECTION('center_axis',(-1.,0.,0.));
#8007=DIRECTION('ref_axis',(0.,-1.,0.));
#8008=DIRECTION('',(0.,-1.,0.));
#8009=DIRECTION('',(0.,-1.,0.));
#8010=DIRECTION('center_axis',(0.,0.,1.));
#8011=DIRECTION('ref_axis',(1.,0.,0.));
#8012=DIRECTION('center_axis',(0.,0.,1.));
#8013=DIRECTION('ref_axis',(1.,0.,0.));
#8014=DIRECTION('center_axis',(0.,1.,0.));
#8015=DIRECTION('ref_axis',(-1.,0.,0.));
#8016=DIRECTION('',(-1.,0.,0.));
#8017=DIRECTION('',(0.,0.,1.));
#8018=DIRECTION('',(-1.,0.,0.));
#8019=DIRECTION('',(0.,0.,1.));
#8020=DIRECTION('center_axis',(1.,-4.93432455388958E-17,0.));
#8021=DIRECTION('ref_axis',(4.93432455388958E-17,1.,0.));
#8022=DIRECTION('',(4.93432455388958E-17,1.,0.));
#8023=DIRECTION('',(4.93432455388958E-17,1.,0.));
#8024=DIRECTION('',(0.,0.,1.));
#8025=DIRECTION('center_axis',(0.,-1.,0.));
#8026=DIRECTION('ref_axis',(1.,0.,0.));
#8027=DIRECTION('',(1.,0.,0.));
#8028=DIRECTION('',(1.,0.,0.));
#8029=DIRECTION('',(0.,0.,1.));
#8030=DIRECTION('center_axis',(-1.,0.,0.));
#8031=DIRECTION('ref_axis',(0.,-1.,0.));
#8032=DIRECTION('',(0.,-1.,0.));
#8033=DIRECTION('',(0.,-1.,0.));
#8034=DIRECTION('center_axis',(0.,0.,1.));
#8035=DIRECTION('ref_axis',(1.,0.,0.));
#8036=DIRECTION('center_axis',(0.,0.,1.));
#8037=DIRECTION('ref_axis',(1.,0.,0.));
#8038=DIRECTION('center_axis',(0.,1.,0.));
#8039=DIRECTION('ref_axis',(1.,0.,0.));
#8040=DIRECTION('center_axis',(0.,1.,0.));
#8041=DIRECTION('ref_axis',(1.,0.,0.));
#8042=DIRECTION('',(0.,-1.,0.));
#8043=DIRECTION('center_axis',(0.,1.,0.));
#8044=DIRECTION('ref_axis',(1.,0.,0.));
#8045=DIRECTION('center_axis',(0.,1.,0.));
#8046=DIRECTION('ref_axis',(1.,0.,0.));
#8047=DIRECTION('center_axis',(0.,1.,0.));
#8048=DIRECTION('ref_axis',(1.,0.,0.));
#8049=DIRECTION('center_axis',(0.,1.,0.));
#8050=DIRECTION('ref_axis',(-1.,0.,0.));
#8051=DIRECTION('',(-1.,0.,0.));
#8052=DIRECTION('',(0.,0.,1.));
#8053=DIRECTION('',(-1.,0.,0.));
#8054=DIRECTION('',(0.,0.,1.));
#8055=DIRECTION('center_axis',(1.,0.,0.));
#8056=DIRECTION('ref_axis',(0.,1.,0.));
#8057=DIRECTION('',(0.,1.,0.));
#8058=DIRECTION('',(0.,1.,0.));
#8059=DIRECTION('',(0.,0.,1.));
#8060=DIRECTION('center_axis',(0.,-1.,0.));
#8061=DIRECTION('ref_axis',(1.,0.,0.));
#8062=DIRECTION('',(1.,0.,0.));
#8063=DIRECTION('',(1.,0.,0.));
#8064=DIRECTION('',(0.,0.,1.));
#8065=DIRECTION('center_axis',(-1.,0.,0.));
#8066=DIRECTION('ref_axis',(0.,-1.,0.));
#8067=DIRECTION('',(0.,-1.,0.));
#8068=DIRECTION('',(0.,-1.,0.));
#8069=DIRECTION('center_axis',(0.,0.,1.));
#8070=DIRECTION('ref_axis',(1.,0.,0.));
#8071=DIRECTION('center_axis',(0.,0.,1.));
#8072=DIRECTION('ref_axis',(1.,0.,0.));
#8073=DIRECTION('center_axis',(0.,0.,1.));
#8074=DIRECTION('ref_axis',(1.,0.,0.));
#8075=DIRECTION('center_axis',(0.,0.,1.));
#8076=DIRECTION('ref_axis',(1.,0.,0.));
#8077=DIRECTION('',(0.,0.,1.));
#8078=DIRECTION('center_axis',(0.,0.,-1.));
#8079=DIRECTION('ref_axis',(1.,0.,0.));
#8080=DIRECTION('center_axis',(0.,0.,1.));
#8081=DIRECTION('ref_axis',(1.,0.,0.));
#8082=DIRECTION('center_axis',(0.,0.,1.));
#8083=DIRECTION('ref_axis',(1.,0.,0.));
#8084=DIRECTION('',(0.,0.,1.));
#8085=DIRECTION('center_axis',(0.,0.,-1.));
#8086=DIRECTION('ref_axis',(1.,0.,0.));
#8087=DIRECTION('center_axis',(0.,1.,0.));
#8088=DIRECTION('ref_axis',(-1.,0.,0.));
#8089=DIRECTION('',(-1.,0.,0.));
#8090=DIRECTION('',(0.,0.,1.));
#8091=DIRECTION('',(-1.,0.,0.));
#8092=DIRECTION('',(0.,0.,1.));
#8093=DIRECTION('center_axis',(1.,0.,0.));
#8094=DIRECTION('ref_axis',(0.,1.,0.));
#8095=DIRECTION('',(0.,1.,0.));
#8096=DIRECTION('',(0.,1.,0.));
#8097=DIRECTION('',(0.,0.,1.));
#8098=DIRECTION('center_axis',(0.,-1.,0.));
#8099=DIRECTION('ref_axis',(1.,0.,0.));
#8100=DIRECTION('',(1.,0.,0.));
#8101=DIRECTION('',(1.,0.,0.));
#8102=DIRECTION('',(0.,0.,1.));
#8103=DIRECTION('center_axis',(-1.,0.,0.));
#8104=DIRECTION('ref_axis',(0.,-1.,0.));
#8105=DIRECTION('',(0.,-1.,0.));
#8106=DIRECTION('',(0.,-1.,0.));
#8107=DIRECTION('center_axis',(0.,0.,1.));
#8108=DIRECTION('ref_axis',(1.,0.,0.));
#8109=DIRECTION('center_axis',(0.,0.,1.));
#8110=DIRECTION('ref_axis',(1.,0.,0.));
#8111=DIRECTION('center_axis',(0.,0.,1.));
#8112=DIRECTION('ref_axis',(1.,0.,0.));
#8113=DIRECTION('center_axis',(0.,0.,1.));
#8114=DIRECTION('ref_axis',(1.,0.,0.));
#8115=DIRECTION('',(0.,0.,-1.));
#8116=DIRECTION('center_axis',(0.,0.,-1.));
#8117=DIRECTION('ref_axis',(1.,0.,0.));
#8118=DIRECTION('center_axis',(0.,0.,1.));
#8119=DIRECTION('ref_axis',(1.,0.,0.));
#8120=DIRECTION('center_axis',(0.,1.,0.));
#8121=DIRECTION('ref_axis',(-1.,0.,0.));
#8122=DIRECTION('',(-1.,0.,0.));
#8123=DIRECTION('',(0.,0.,1.));
#8124=DIRECTION('',(-1.,0.,0.));
#8125=DIRECTION('',(0.,0.,1.));
#8126=DIRECTION('center_axis',(1.,0.,0.));
#8127=DIRECTION('ref_axis',(0.,1.,0.));
#8128=DIRECTION('',(0.,1.,0.));
#8129=DIRECTION('',(0.,1.,0.));
#8130=DIRECTION('',(0.,0.,1.));
#8131=DIRECTION('center_axis',(0.,-1.,0.));
#8132=DIRECTION('ref_axis',(1.,0.,0.));
#8133=DIRECTION('',(1.,0.,0.));
#8134=DIRECTION('',(1.,0.,0.));
#8135=DIRECTION('',(0.,0.,1.));
#8136=DIRECTION('center_axis',(-1.,0.,0.));
#8137=DIRECTION('ref_axis',(0.,-1.,0.));
#8138=DIRECTION('',(0.,-1.,0.));
#8139=DIRECTION('',(0.,-1.,0.));
#8140=DIRECTION('center_axis',(0.,0.,1.));
#8141=DIRECTION('ref_axis',(1.,0.,0.));
#8142=DIRECTION('center_axis',(0.,0.,1.));
#8143=DIRECTION('ref_axis',(1.,0.,0.));
#8144=DIRECTION('center_axis',(0.,0.,1.));
#8145=DIRECTION('ref_axis',(1.,0.,0.));
#8146=DIRECTION('center_axis',(0.,0.,1.));
#8147=DIRECTION('ref_axis',(1.,0.,0.));
#8148=DIRECTION('',(0.,0.,-1.));
#8149=DIRECTION('center_axis',(0.,0.,-1.));
#8150=DIRECTION('ref_axis',(1.,0.,0.));
#8151=DIRECTION('center_axis',(0.,0.,1.));
#8152=DIRECTION('ref_axis',(1.,0.,0.));
#8153=DIRECTION('center_axis',(0.,1.,0.));
#8154=DIRECTION('ref_axis',(-1.,0.,0.));
#8155=DIRECTION('',(-1.,0.,0.));
#8156=DIRECTION('',(0.,0.,1.));
#8157=DIRECTION('',(-1.,0.,0.));
#8158=DIRECTION('',(0.,0.,1.));
#8159=DIRECTION('center_axis',(1.,0.,0.));
#8160=DIRECTION('ref_axis',(0.,1.,0.));
#8161=DIRECTION('',(0.,1.,0.));
#8162=DIRECTION('',(0.,1.,0.));
#8163=DIRECTION('',(0.,0.,1.));
#8164=DIRECTION('center_axis',(0.,-1.,0.));
#8165=DIRECTION('ref_axis',(1.,0.,0.));
#8166=DIRECTION('',(1.,0.,0.));
#8167=DIRECTION('',(1.,0.,0.));
#8168=DIRECTION('',(0.,0.,1.));
#8169=DIRECTION('center_axis',(-1.,0.,0.));
#8170=DIRECTION('ref_axis',(0.,-1.,0.));
#8171=DIRECTION('',(0.,-1.,0.));
#8172=DIRECTION('',(0.,-1.,0.));
#8173=DIRECTION('center_axis',(0.,0.,1.));
#8174=DIRECTION('ref_axis',(1.,0.,0.));
#8175=DIRECTION('center_axis',(0.,0.,1.));
#8176=DIRECTION('ref_axis',(1.,0.,0.));
#8177=DIRECTION('center_axis',(0.,0.,1.));
#8178=DIRECTION('ref_axis',(1.,0.,0.));
#8179=DIRECTION('center_axis',(0.,0.,1.));
#8180=DIRECTION('ref_axis',(1.,0.,0.));
#8181=DIRECTION('',(0.,0.,1.));
#8182=DIRECTION('center_axis',(0.,0.,1.));
#8183=DIRECTION('ref_axis',(1.,0.,0.));
#8184=DIRECTION('center_axis',(0.,0.,1.));
#8185=DIRECTION('ref_axis',(1.,0.,0.));
#8186=DIRECTION('center_axis',(0.,0.,1.));
#8187=DIRECTION('ref_axis',(1.,0.,0.));
#8188=DIRECTION('center_axis',(0.,0.,1.));
#8189=DIRECTION('ref_axis',(1.,0.,0.));
#8190=DIRECTION('',(0.,0.,-1.));
#8191=DIRECTION('center_axis',(0.,0.,-1.));
#8192=DIRECTION('ref_axis',(1.,0.,0.));
#8193=DIRECTION('center_axis',(0.,0.,1.));
#8194=DIRECTION('ref_axis',(1.,0.,0.));
#8195=DIRECTION('center_axis',(0.,0.,1.));
#8196=DIRECTION('ref_axis',(1.,0.,0.));
#8197=DIRECTION('center_axis',(0.,0.,1.));
#8198=DIRECTION('ref_axis',(1.,0.,0.));
#8199=DIRECTION('',(0.,0.,-1.));
#8200=DIRECTION('center_axis',(0.,0.,1.));
#8201=DIRECTION('ref_axis',(1.,0.,0.));
#8202=DIRECTION('center_axis',(0.,0.,1.));
#8203=DIRECTION('ref_axis',(1.,0.,0.));
#8204=DIRECTION('center_axis',(0.,0.,1.));
#8205=DIRECTION('ref_axis',(1.,0.,0.));
#8206=DIRECTION('center_axis',(0.,0.,1.));
#8207=DIRECTION('ref_axis',(1.,0.,0.));
#8208=DIRECTION('center_axis',(0.,0.,1.));
#8209=DIRECTION('ref_axis',(1.,0.,0.));
#8210=DIRECTION('',(0.,0.,1.));
#8211=DIRECTION('center_axis',(0.,0.,1.));
#8212=DIRECTION('ref_axis',(1.,0.,0.));
#8213=DIRECTION('center_axis',(0.,0.,1.));
#8214=DIRECTION('ref_axis',(1.,0.,0.));
#8215=DIRECTION('center_axis',(0.,0.,1.));
#8216=DIRECTION('ref_axis',(1.,0.,0.));
#8217=DIRECTION('center_axis',(0.,0.,1.));
#8218=DIRECTION('ref_axis',(1.,0.,0.));
#8219=DIRECTION('',(0.,0.,-1.));
#8220=DIRECTION('center_axis',(0.,0.,-1.));
#8221=DIRECTION('ref_axis',(1.,0.,0.));
#8222=DIRECTION('center_axis',(0.,0.,1.));
#8223=DIRECTION('ref_axis',(1.,0.,0.));
#8224=DIRECTION('center_axis',(0.,0.,1.));
#8225=DIRECTION('ref_axis',(1.,0.,0.));
#8226=DIRECTION('center_axis',(0.,0.,1.));
#8227=DIRECTION('ref_axis',(1.,0.,0.));
#8228=DIRECTION('',(0.,0.,-1.));
#8229=DIRECTION('center_axis',(0.,0.,1.));
#8230=DIRECTION('ref_axis',(1.,0.,0.));
#8231=DIRECTION('center_axis',(0.,0.,1.));
#8232=DIRECTION('ref_axis',(1.,0.,0.));
#8233=DIRECTION('center_axis',(0.,0.,1.));
#8234=DIRECTION('ref_axis',(1.,0.,0.));
#8235=DIRECTION('center_axis',(0.,0.,1.));
#8236=DIRECTION('ref_axis',(1.,0.,0.));
#8237=DIRECTION('center_axis',(0.,0.,1.));
#8238=DIRECTION('ref_axis',(1.,0.,0.));
#8239=DIRECTION('',(0.,0.,1.));
#8240=DIRECTION('center_axis',(0.,0.,-1.));
#8241=DIRECTION('ref_axis',(1.,0.,0.));
#8242=DIRECTION('center_axis',(0.,0.,1.));
#8243=DIRECTION('ref_axis',(1.,0.,0.));
#8244=DIRECTION('center_axis',(0.,0.,1.));
#8245=DIRECTION('ref_axis',(1.,0.,0.));
#8246=DIRECTION('',(0.,0.,-1.));
#8247=DIRECTION('center_axis',(0.,0.,1.));
#8248=DIRECTION('ref_axis',(1.,0.,0.));
#8249=DIRECTION('center_axis',(0.,0.,1.));
#8250=DIRECTION('ref_axis',(1.,0.,0.));
#8251=DIRECTION('center_axis',(0.,0.,1.));
#8252=DIRECTION('ref_axis',(1.,0.,0.));
#8253=DIRECTION('center_axis',(0.,0.,1.));
#8254=DIRECTION('ref_axis',(1.,0.,0.));
#8255=DIRECTION('center_axis',(0.,0.,1.));
#8256=DIRECTION('ref_axis',(1.,0.,0.));
#8257=DIRECTION('',(0.,0.,-1.));
#8258=DIRECTION('center_axis',(0.,0.,-1.));
#8259=DIRECTION('ref_axis',(1.,0.,0.));
#8260=DIRECTION('center_axis',(0.,0.,1.));
#8261=DIRECTION('ref_axis',(1.,0.,0.));
#8262=DIRECTION('center_axis',(0.,0.,1.));
#8263=DIRECTION('ref_axis',(1.,0.,0.));
#8264=DIRECTION('center_axis',(0.,0.,1.));
#8265=DIRECTION('ref_axis',(1.,0.,0.));
#8266=DIRECTION('',(0.,0.,-1.));
#8267=DIRECTION('center_axis',(0.,0.,1.));
#8268=DIRECTION('ref_axis',(1.,0.,0.));
#8269=DIRECTION('center_axis',(0.,0.,1.));
#8270=DIRECTION('ref_axis',(1.,0.,0.));
#8271=DIRECTION('center_axis',(0.,0.,1.));
#8272=DIRECTION('ref_axis',(1.,0.,0.));
#8273=DIRECTION('center_axis',(0.,0.,1.));
#8274=DIRECTION('ref_axis',(1.,0.,0.));
#8275=DIRECTION('center_axis',(0.,0.,1.));
#8276=DIRECTION('ref_axis',(1.,0.,0.));
#8277=DIRECTION('',(0.,0.,1.));
#8278=DIRECTION('center_axis',(0.,0.,-1.));
#8279=DIRECTION('ref_axis',(1.,0.,0.));
#8280=DIRECTION('center_axis',(0.,0.,1.));
#8281=DIRECTION('ref_axis',(1.,0.,0.));
#8282=DIRECTION('center_axis',(0.,0.,1.));
#8283=DIRECTION('ref_axis',(1.,0.,0.));
#8284=DIRECTION('',(0.,0.,-1.));
#8285=DIRECTION('center_axis',(0.,0.,1.));
#8286=DIRECTION('ref_axis',(1.,0.,0.));
#8287=DIRECTION('center_axis',(0.,0.,1.));
#8288=DIRECTION('ref_axis',(1.,0.,0.));
#8289=DIRECTION('center_axis',(0.,0.,1.));
#8290=DIRECTION('ref_axis',(1.,0.,0.));
#8291=DIRECTION('center_axis',(0.,0.,1.));
#8292=DIRECTION('ref_axis',(1.,0.,0.));
#8293=DIRECTION('center_axis',(0.,0.,1.));
#8294=DIRECTION('ref_axis',(1.,0.,0.));
#8295=DIRECTION('',(0.,0.,-1.));
#8296=DIRECTION('center_axis',(0.,0.,-1.));
#8297=DIRECTION('ref_axis',(1.,0.,0.));
#8298=DIRECTION('center_axis',(0.,0.,1.));
#8299=DIRECTION('ref_axis',(1.,0.,0.));
#8300=DIRECTION('center_axis',(0.,0.,1.));
#8301=DIRECTION('ref_axis',(1.,0.,0.));
#8302=DIRECTION('center_axis',(0.,0.,1.));
#8303=DIRECTION('ref_axis',(1.,0.,0.));
#8304=DIRECTION('',(0.,0.,-1.));
#8305=DIRECTION('center_axis',(0.,0.,1.));
#8306=DIRECTION('ref_axis',(1.,0.,0.));
#8307=DIRECTION('center_axis',(0.,0.,1.));
#8308=DIRECTION('ref_axis',(1.,0.,0.));
#8309=DIRECTION('center_axis',(0.,0.,1.));
#8310=DIRECTION('ref_axis',(1.,0.,0.));
#8311=DIRECTION('center_axis',(0.,0.,1.));
#8312=DIRECTION('ref_axis',(1.,0.,0.));
#8313=DIRECTION('center_axis',(0.,0.,1.));
#8314=DIRECTION('ref_axis',(1.,0.,0.));
#8315=DIRECTION('',(0.,0.,1.));
#8316=DIRECTION('center_axis',(0.,0.,-1.));
#8317=DIRECTION('ref_axis',(1.,0.,0.));
#8318=DIRECTION('center_axis',(0.,0.,1.));
#8319=DIRECTION('ref_axis',(1.,0.,0.));
#8320=DIRECTION('center_axis',(0.,0.,1.));
#8321=DIRECTION('ref_axis',(1.,0.,0.));
#8322=DIRECTION('',(0.,0.,-1.));
#8323=DIRECTION('center_axis',(0.,0.,1.));
#8324=DIRECTION('ref_axis',(1.,0.,0.));
#8325=DIRECTION('center_axis',(0.,0.,1.));
#8326=DIRECTION('ref_axis',(1.,0.,0.));
#8327=DIRECTION('center_axis',(0.,0.,1.));
#8328=DIRECTION('ref_axis',(1.,0.,0.));
#8329=DIRECTION('center_axis',(0.,0.,1.));
#8330=DIRECTION('ref_axis',(1.,0.,0.));
#8331=DIRECTION('center_axis',(0.,0.,1.));
#8332=DIRECTION('ref_axis',(1.,0.,0.));
#8333=DIRECTION('',(0.,0.,-1.));
#8334=DIRECTION('center_axis',(0.,0.,-1.));
#8335=DIRECTION('ref_axis',(1.,0.,0.));
#8336=DIRECTION('center_axis',(0.,0.,1.));
#8337=DIRECTION('ref_axis',(1.,0.,0.));
#8338=DIRECTION('center_axis',(0.,0.,1.));
#8339=DIRECTION('ref_axis',(1.,0.,0.));
#8340=DIRECTION('center_axis',(0.,0.,1.));
#8341=DIRECTION('ref_axis',(1.,0.,0.));
#8342=DIRECTION('',(0.,0.,-1.));
#8343=DIRECTION('center_axis',(0.,0.,1.));
#8344=DIRECTION('ref_axis',(1.,0.,0.));
#8345=DIRECTION('center_axis',(0.,0.,1.));
#8346=DIRECTION('ref_axis',(1.,0.,0.));
#8347=DIRECTION('center_axis',(0.,0.,1.));
#8348=DIRECTION('ref_axis',(1.,0.,0.));
#8349=DIRECTION('center_axis',(0.,0.,1.));
#8350=DIRECTION('ref_axis',(1.,0.,0.));
#8351=DIRECTION('center_axis',(0.,0.,1.));
#8352=DIRECTION('ref_axis',(1.,0.,0.));
#8353=DIRECTION('',(0.,0.,1.));
#8354=DIRECTION('center_axis',(0.,0.,-1.));
#8355=DIRECTION('ref_axis',(1.,0.,0.));
#8356=DIRECTION('center_axis',(0.,0.,1.));
#8357=DIRECTION('ref_axis',(1.,0.,0.));
#8358=DIRECTION('center_axis',(0.,0.,1.));
#8359=DIRECTION('ref_axis',(1.,0.,0.));
#8360=DIRECTION('',(0.,0.,-1.));
#8361=DIRECTION('center_axis',(0.,0.,1.));
#8362=DIRECTION('ref_axis',(1.,0.,0.));
#8363=DIRECTION('center_axis',(0.,0.,1.));
#8364=DIRECTION('ref_axis',(1.,0.,0.));
#8365=DIRECTION('center_axis',(0.,0.,1.));
#8366=DIRECTION('ref_axis',(1.,0.,0.));
#8367=DIRECTION('center_axis',(0.,0.,1.));
#8368=DIRECTION('ref_axis',(1.,0.,0.));
#8369=DIRECTION('center_axis',(0.,0.,1.));
#8370=DIRECTION('ref_axis',(1.,0.,0.));
#8371=DIRECTION('',(0.,0.,-1.));
#8372=DIRECTION('center_axis',(0.,0.,-1.));
#8373=DIRECTION('ref_axis',(1.,0.,0.));
#8374=DIRECTION('center_axis',(0.,0.,1.));
#8375=DIRECTION('ref_axis',(1.,0.,0.));
#8376=DIRECTION('center_axis',(0.,0.,1.));
#8377=DIRECTION('ref_axis',(1.,0.,0.));
#8378=DIRECTION('center_axis',(0.,0.,1.));
#8379=DIRECTION('ref_axis',(1.,0.,0.));
#8380=DIRECTION('',(0.,0.,-1.));
#8381=DIRECTION('center_axis',(0.,0.,1.));
#8382=DIRECTION('ref_axis',(1.,0.,0.));
#8383=DIRECTION('center_axis',(0.,0.,1.));
#8384=DIRECTION('ref_axis',(1.,0.,0.));
#8385=DIRECTION('center_axis',(0.,0.,1.));
#8386=DIRECTION('ref_axis',(1.,0.,0.));
#8387=CARTESIAN_POINT('',(0.,0.,0.));
#8388=CARTESIAN_POINT('Origin',(17.,72.,2.));
#8389=CARTESIAN_POINT('',(20.7,73.5198684153571,2.));
#8390=CARTESIAN_POINT('',(20.7,73.5198684153571,3.4));
#8391=CARTESIAN_POINT('',(20.7,73.5198684153571,2.));
#8392=CARTESIAN_POINT('',(17.4,75.9799497484265,2.));
#8393=CARTESIAN_POINT('Origin',(17.,72.,2.));
#8394=CARTESIAN_POINT('',(17.4,75.9799497484265,3.4));
#8395=CARTESIAN_POINT('',(17.4,75.9799497484265,2.));
#8396=CARTESIAN_POINT('Origin',(17.,72.,3.4));
#8397=CARTESIAN_POINT('Origin',(-17.,72.,2.));
#8398=CARTESIAN_POINT('',(-20.7,73.5198684153571,3.4));
#8399=CARTESIAN_POINT('',(-20.7,73.5198684153571,2.));
#8400=CARTESIAN_POINT('',(-20.7,73.5198684153571,2.));
#8401=CARTESIAN_POINT('',(-17.4,75.9799497484265,3.4));
#8402=CARTESIAN_POINT('Origin',(-17.,72.,3.4));
#8403=CARTESIAN_POINT('',(-17.4,75.9799497484265,2.));
#8404=CARTESIAN_POINT('',(-17.4,75.9799497484265,2.));
#8405=CARTESIAN_POINT('Origin',(-17.,72.,2.));
#8406=CARTESIAN_POINT('Origin',(17.8,72.,2.));
#8407=CARTESIAN_POINT('',(20.7,69.2450045372088,2.));
#8408=CARTESIAN_POINT('Origin',(17.8,72.,2.));
#8409=CARTESIAN_POINT('',(20.7,69.2450045372088,3.4));
#8410=CARTESIAN_POINT('',(20.7,69.2450045372088,2.));
#8411=CARTESIAN_POINT('Origin',(17.8,72.,3.4));
#8412=CARTESIAN_POINT('Origin',(0.,39.,2.));
#8413=CARTESIAN_POINT('',(17.,78.,2.));
#8414=CARTESIAN_POINT('',(4.5,78.,2.));
#8415=CARTESIAN_POINT('',(23.,78.,2.));
#8416=CARTESIAN_POINT('',(4.5,76.,2.));
#8417=CARTESIAN_POINT('',(4.5,57.5,2.));
#8418=CARTESIAN_POINT('',(-4.5,76.,2.));
#8419=CARTESIAN_POINT('',(-2.25,76.,2.));
#8420=CARTESIAN_POINT('',(-4.5,78.,2.));
#8421=CARTESIAN_POINT('',(-4.5,58.5,2.));
#8422=CARTESIAN_POINT('',(-17.,78.,2.));
#8423=CARTESIAN_POINT('',(23.,78.,2.));
#8424=CARTESIAN_POINT('',(-23.,72.,2.));
#8425=CARTESIAN_POINT('Origin',(-17.,72.,2.));
#8426=CARTESIAN_POINT('',(-23.,6.00000000000001,2.));
#8427=CARTESIAN_POINT('',(-23.,78.,2.));
#8428=CARTESIAN_POINT('',(-17.,0.,2.));
#8429=CARTESIAN_POINT('Origin',(-17.,6.,2.));
#8430=CARTESIAN_POINT('',(17.,0.,2.));
#8431=CARTESIAN_POINT('',(-23.,0.,2.));
#8432=CARTESIAN_POINT('',(23.,6.,2.));
#8433=CARTESIAN_POINT('Origin',(17.,6.,2.));
#8434=CARTESIAN_POINT('',(23.,72.,2.));
#8435=CARTESIAN_POINT('',(23.,0.,2.));
#8436=CARTESIAN_POINT('Origin',(17.,72.,2.));
#8437=CARTESIAN_POINT('',(2.,2.,2.));
#8438=CARTESIAN_POINT('',(2.,2.7,2.));
#8439=CARTESIAN_POINT('',(2.,20.85,2.));
#8440=CARTESIAN_POINT('',(7.8,2.7,2.));
#8441=CARTESIAN_POINT('',(3.9,2.7,2.));
#8442=CARTESIAN_POINT('',(7.8,2.,2.));
#8443=CARTESIAN_POINT('',(7.8,20.5,2.));
#8444=CARTESIAN_POINT('',(1.,2.,2.));
#8445=CARTESIAN_POINT('',(20.7,54.1225022686044,2.));
#8446=CARTESIAN_POINT('',(-14.,2.,2.));
#8447=CARTESIAN_POINT('',(-17.,2.,2.));
#8448=CARTESIAN_POINT('',(-10.,2.,2.));
#8449=CARTESIAN_POINT('',(-19.2605309110915,2.7,2.));
#8450=CARTESIAN_POINT('Origin',(-17.,6.,2.));
#8451=CARTESIAN_POINT('',(-14.,2.7,2.));
#8452=CARTESIAN_POINT('',(-7.,2.7,2.));
#8453=CARTESIAN_POINT('',(-14.,20.5,2.));
#8454=CARTESIAN_POINT('',(-20.,3.35424868893541,2.));
#8455=CARTESIAN_POINT('',(-19.6457513110646,3.,2.));
#8456=CARTESIAN_POINT('Origin',(-17.,6.,2.));
#8457=CARTESIAN_POINT('',(-20.,8.,2.));
#8458=CARTESIAN_POINT('',(-20.,23.5,2.));
#8459=CARTESIAN_POINT('',(-18.8,8.,2.));
#8460=CARTESIAN_POINT('',(-9.4,8.,2.));
#8461=CARTESIAN_POINT('',(-18.8,3.,2.));
#8462=CARTESIAN_POINT('',(-18.8,21.,2.));
#8463=CARTESIAN_POINT('',(-10.,3.,2.));
#8464=CARTESIAN_POINT('',(-20.7,69.2450045372088,2.));
#8465=CARTESIAN_POINT('Origin',(-17.8,72.,2.));
#8466=CARTESIAN_POINT('',(-20.7,56.8774977313956,2.));
#8467=CARTESIAN_POINT('',(-20.,25.5,2.));
#8468=CARTESIAN_POINT('',(-18.8,25.5,2.));
#8469=CARTESIAN_POINT('',(-9.4,25.5,2.));
#8470=CARTESIAN_POINT('',(-18.8,21.,2.));
#8471=CARTESIAN_POINT('',(-18.8,30.,2.));
#8472=CARTESIAN_POINT('',(-20.,21.,2.));
#8473=CARTESIAN_POINT('',(-10.,21.,2.));
#8474=CARTESIAN_POINT('',(-20.,32.25,2.));
#8475=CARTESIAN_POINT('',(6.5,34.,2.));
#8476=CARTESIAN_POINT('',(10.5,34.,2.));
#8477=CARTESIAN_POINT('',(5.25,34.,2.));
#8478=CARTESIAN_POINT('',(10.5,30.,2.));
#8479=CARTESIAN_POINT('',(10.5,34.5,2.));
#8480=CARTESIAN_POINT('',(6.5,30.,2.));
#8481=CARTESIAN_POINT('',(3.25,30.,2.));
#8482=CARTESIAN_POINT('',(6.5,36.5,2.));
#8483=CARTESIAN_POINT('',(10.8,65.,2.));
#8484=CARTESIAN_POINT('',(12.,65.,2.));
#8485=CARTESIAN_POINT('',(6.,65.,2.));
#8486=CARTESIAN_POINT('',(12.,61.,2.));
#8487=CARTESIAN_POINT('',(12.,50.,2.));
#8488=CARTESIAN_POINT('',(10.8,61.,2.));
#8489=CARTESIAN_POINT('',(5.4,61.,2.));
#8490=CARTESIAN_POINT('',(10.8,52.,2.));
#8491=CARTESIAN_POINT('',(-12.,65.,2.));
#8492=CARTESIAN_POINT('',(-10.8,65.,2.));
#8493=CARTESIAN_POINT('',(-5.4,65.,2.));
#8494=CARTESIAN_POINT('',(-10.8,61.,2.));
#8495=CARTESIAN_POINT('',(-10.8,50.,2.));
#8496=CARTESIAN_POINT('',(-12.,61.,2.));
#8497=CARTESIAN_POINT('',(-6.,61.,2.));
#8498=CARTESIAN_POINT('',(-12.,52.,2.));
#8499=CARTESIAN_POINT('',(9.3,75.,2.));
#8500=CARTESIAN_POINT('',(10.6,75.,2.));
#8501=CARTESIAN_POINT('',(5.3,75.,2.));
#8502=CARTESIAN_POINT('',(10.6,60.,2.));
#8503=CARTESIAN_POINT('',(10.6,49.5,2.));
#8504=CARTESIAN_POINT('',(9.3,60.,2.));
#8505=CARTESIAN_POINT('',(4.65,60.,2.));
#8506=CARTESIAN_POINT('',(9.3,57.,2.));
#8507=CARTESIAN_POINT('',(-10.6,75.,2.));
#8508=CARTESIAN_POINT('',(-9.3,75.,2.));
#8509=CARTESIAN_POINT('',(-4.65,75.,2.));
#8510=CARTESIAN_POINT('',(-9.3,60.,2.));
#8511=CARTESIAN_POINT('',(-9.3,49.5,2.));
#8512=CARTESIAN_POINT('',(-10.6,60.,2.));
#8513=CARTESIAN_POINT('',(-5.3,60.,2.));
#8514=CARTESIAN_POINT('',(-10.6,57.,2.));
#8515=CARTESIAN_POINT('',(-1.75,57.75,2.));
#8516=CARTESIAN_POINT('',(1.75,57.75,2.));
#8517=CARTESIAN_POINT('',(0.875,57.75,2.));
#8518=CARTESIAN_POINT('',(1.75,54.25,2.));
#8519=CARTESIAN_POINT('',(1.75,46.625,2.));
#8520=CARTESIAN_POINT('',(-1.75,54.25,2.));
#8521=CARTESIAN_POINT('',(-0.875,54.25,2.));
#8522=CARTESIAN_POINT('',(-1.75,48.375,2.));
#8523=CARTESIAN_POINT('',(12.25,42.25,2.));
#8524=CARTESIAN_POINT('',(15.75,42.25,2.));
#8525=CARTESIAN_POINT('',(7.875,42.25,2.));
#8526=CARTESIAN_POINT('',(15.75,38.75,2.));
#8527=CARTESIAN_POINT('',(15.75,38.875,2.));
#8528=CARTESIAN_POINT('',(12.25,38.75,2.));
#8529=CARTESIAN_POINT('',(6.125,38.75,2.));
#8530=CARTESIAN_POINT('',(12.25,40.625,2.));
#8531=CARTESIAN_POINT('',(-15.75,42.25,2.));
#8532=CARTESIAN_POINT('',(-12.25,42.25,2.));
#8533=CARTESIAN_POINT('',(-6.125,42.25,2.));
#8534=CARTESIAN_POINT('',(-12.25,38.75,2.));
#8535=CARTESIAN_POINT('',(-12.25,38.875,2.));
#8536=CARTESIAN_POINT('',(-15.75,38.75,2.));
#8537=CARTESIAN_POINT('',(-7.875,38.75,2.));
#8538=CARTESIAN_POINT('',(-15.75,40.625,2.));
#8539=CARTESIAN_POINT('',(-10.5,34.,2.));
#8540=CARTESIAN_POINT('',(-6.5,34.,2.));
#8541=CARTESIAN_POINT('',(-3.25,34.,2.));
#8542=CARTESIAN_POINT('',(-6.5,30.,2.));
#8543=CARTESIAN_POINT('',(-6.5,34.5,2.));
#8544=CARTESIAN_POINT('',(-10.5,30.,2.));
#8545=CARTESIAN_POINT('',(-5.25,30.,2.));
#8546=CARTESIAN_POINT('',(-10.5,36.5,2.));
#8547=CARTESIAN_POINT('',(7.8,21.5,2.));
#8548=CARTESIAN_POINT('',(18.5,21.5,2.));
#8549=CARTESIAN_POINT('',(9.25,21.5,2.));
#8550=CARTESIAN_POINT('',(18.5,19.5,2.));
#8551=CARTESIAN_POINT('',(18.5,29.25,2.));
#8552=CARTESIAN_POINT('',(7.5,19.5,2.));
#8553=CARTESIAN_POINT('',(3.75,19.5,2.));
#8554=CARTESIAN_POINT('',(7.5,21.,2.));
#8555=CARTESIAN_POINT('',(7.5,30.25,2.));
#8556=CARTESIAN_POINT('',(6.8,21.,2.));
#8557=CARTESIAN_POINT('',(3.4,21.,2.));
#8558=CARTESIAN_POINT('',(6.8,25.5,2.));
#8559=CARTESIAN_POINT('',(6.8,32.25,2.));
#8560=CARTESIAN_POINT('',(7.8,25.5,2.));
#8561=CARTESIAN_POINT('',(3.9,25.5,2.));
#8562=CARTESIAN_POINT('',(7.8,30.,2.));
#8563=CARTESIAN_POINT('',(7.8,6.5,2.));
#8564=CARTESIAN_POINT('',(18.5,6.5,2.));
#8565=CARTESIAN_POINT('',(9.25,6.5,2.));
#8566=CARTESIAN_POINT('',(18.5,4.5,2.));
#8567=CARTESIAN_POINT('',(18.5,21.75,2.));
#8568=CARTESIAN_POINT('',(7.8,4.5,2.));
#8569=CARTESIAN_POINT('',(3.75,4.5,2.));
#8570=CARTESIAN_POINT('',(7.8,3.,2.));
#8571=CARTESIAN_POINT('',(7.8,21.,2.));
#8572=CARTESIAN_POINT('',(6.8,3.,2.));
#8573=CARTESIAN_POINT('',(3.4,3.,2.));
#8574=CARTESIAN_POINT('',(6.8,8.,2.));
#8575=CARTESIAN_POINT('',(6.8,23.5,2.));
#8576=CARTESIAN_POINT('',(7.8,8.,2.));
#8577=CARTESIAN_POINT('',(3.9,8.,2.));
#8578=CARTESIAN_POINT('',(7.8,21.,2.));
#8579=CARTESIAN_POINT('',(-12.,26.6,2.));
#8580=CARTESIAN_POINT('',(-1.,26.6,2.));
#8581=CARTESIAN_POINT('',(-0.5,26.6,2.));
#8582=CARTESIAN_POINT('',(-1.,25.8,2.));
#8583=CARTESIAN_POINT('',(-0.999999999999994,32.4,2.));
#8584=CARTESIAN_POINT('',(-12.,25.8,2.));
#8585=CARTESIAN_POINT('',(-6.,25.8,2.));
#8586=CARTESIAN_POINT('',(-12.,32.8,2.));
#8587=CARTESIAN_POINT('',(-20.7,29.2450045372088,2.));
#8588=CARTESIAN_POINT('',(-20.7,34.7549954627912,2.));
#8589=CARTESIAN_POINT('',(-20.7,36.8774977313956,2.));
#8590=CARTESIAN_POINT('Origin',(-17.8,32.,2.));
#8591=CARTESIAN_POINT('',(20.7,34.7549954627912,2.));
#8592=CARTESIAN_POINT('',(20.7,29.2450045372088,2.));
#8593=CARTESIAN_POINT('',(20.7,34.1225022686044,2.));
#8594=CARTESIAN_POINT('Origin',(17.8,32.,2.));
#8595=CARTESIAN_POINT('Origin',(17.25,72.,3.4));
#8596=CARTESIAN_POINT('',(20.7,67.,3.4));
#8597=CARTESIAN_POINT('',(16.1,72.,3.4));
#8598=CARTESIAN_POINT('Origin',(17.8,72.,3.4));
#8599=CARTESIAN_POINT('Origin',(17.8,32.,0.));
#8600=CARTESIAN_POINT('',(14.7,32.,0.));
#8601=CARTESIAN_POINT('Origin',(17.8,32.,0.));
#8602=CARTESIAN_POINT('',(14.7,32.,1.9));
#8603=CARTESIAN_POINT('',(14.7,32.,0.));
#8604=CARTESIAN_POINT('Origin',(17.8,32.,1.9));
#8605=CARTESIAN_POINT('Origin',(17.8,32.,1.9));
#8606=CARTESIAN_POINT('',(16.1,32.,1.9));
#8607=CARTESIAN_POINT('Origin',(17.8,32.,1.9));
#8608=CARTESIAN_POINT('Origin',(-17.8,72.,0.));
#8609=CARTESIAN_POINT('',(-20.9,72.,0.));
#8610=CARTESIAN_POINT('Origin',(-17.8,72.,0.));
#8611=CARTESIAN_POINT('',(-20.9,72.,1.9));
#8612=CARTESIAN_POINT('',(-20.9,72.,0.));
#8613=CARTESIAN_POINT('Origin',(-17.8,72.,1.9));
#8614=CARTESIAN_POINT('Origin',(-17.8,72.,1.9));
#8615=CARTESIAN_POINT('',(-19.5,72.,1.9));
#8616=CARTESIAN_POINT('Origin',(-17.8,72.,1.9));
#8617=CARTESIAN_POINT('Origin',(-17.8,32.,0.));
#8618=CARTESIAN_POINT('',(-20.9,32.,0.));
#8619=CARTESIAN_POINT('Origin',(-17.8,32.,0.));
#8620=CARTESIAN_POINT('',(-20.9,32.,1.9));
#8621=CARTESIAN_POINT('',(-20.9,32.,0.));
#8622=CARTESIAN_POINT('Origin',(-17.8,32.,1.9));
#8623=CARTESIAN_POINT('Origin',(-17.8,32.,1.9));
#8624=CARTESIAN_POINT('',(-19.5,32.,1.9));
#8625=CARTESIAN_POINT('Origin',(-17.8,32.,1.9));
#8626=CARTESIAN_POINT('Origin',(17.8,72.,0.));
#8627=CARTESIAN_POINT('',(14.7,72.,0.));
#8628=CARTESIAN_POINT('Origin',(17.8,72.,0.));
#8629=CARTESIAN_POINT('',(14.7,72.,1.9));
#8630=CARTESIAN_POINT('',(14.7,72.,0.));
#8631=CARTESIAN_POINT('Origin',(17.8,72.,1.9));
#8632=CARTESIAN_POINT('Origin',(17.8,72.,1.9));
#8633=CARTESIAN_POINT('',(16.1,72.,1.9));
#8634=CARTESIAN_POINT('Origin',(17.8,72.,1.9));
#8635=CARTESIAN_POINT('Origin',(17.8,32.,0.));
#8636=CARTESIAN_POINT('',(16.1,32.,3.4));
#8637=CARTESIAN_POINT('',(16.1,32.,0.));
#8638=CARTESIAN_POINT('Origin',(17.8,32.,3.4));
#8639=CARTESIAN_POINT('Origin',(-17.8,72.,0.));
#8640=CARTESIAN_POINT('',(-19.5,72.,3.4));
#8641=CARTESIAN_POINT('',(-19.5,72.,0.));
#8642=CARTESIAN_POINT('Origin',(-17.8,72.,3.4));
#8643=CARTESIAN_POINT('Origin',(-17.8,32.,0.));
#8644=CARTESIAN_POINT('',(-19.5,32.,3.4));
#8645=CARTESIAN_POINT('',(-19.5,32.,0.));
#8646=CARTESIAN_POINT('Origin',(-17.8,32.,3.4));
#8647=CARTESIAN_POINT('Origin',(17.8,72.,0.));
#8648=CARTESIAN_POINT('',(16.1,72.,0.));
#8649=CARTESIAN_POINT('Origin',(20.7,69.2450045372088,2.));
#8650=CARTESIAN_POINT('Origin',(20.7,29.2450045372088,2.));
#8651=CARTESIAN_POINT('',(20.7,34.7549954627912,3.4));
#8652=CARTESIAN_POINT('',(20.7,34.7549954627912,2.));
#8653=CARTESIAN_POINT('',(20.7,29.2450045372088,3.4));
#8654=CARTESIAN_POINT('',(20.7,27.,3.4));
#8655=CARTESIAN_POINT('',(20.7,29.2450045372088,2.));
#8656=CARTESIAN_POINT('Origin',(17.8,32.,2.));
#8657=CARTESIAN_POINT('Origin',(17.8,32.,3.4));
#8658=CARTESIAN_POINT('Origin',(17.25,32.,3.4));
#8659=CARTESIAN_POINT('Origin',(-20.7,74.7549954627912,2.));
#8660=CARTESIAN_POINT('',(-20.7,69.2450045372088,3.4));
#8661=CARTESIAN_POINT('',(-20.7,69.2450045372088,2.));
#8662=CARTESIAN_POINT('',(-20.7,67.,3.4));
#8663=CARTESIAN_POINT('Origin',(-17.8,72.,2.));
#8664=CARTESIAN_POINT('Origin',(-17.8,72.,3.4));
#8665=CARTESIAN_POINT('Origin',(-17.25,72.,3.4));
#8666=CARTESIAN_POINT('Origin',(-20.7,34.7549954627912,2.));
#8667=CARTESIAN_POINT('',(-20.7,29.2450045372088,3.4));
#8668=CARTESIAN_POINT('',(-20.7,29.2450045372088,2.));
#8669=CARTESIAN_POINT('',(-20.7,34.7549954627912,3.4));
#8670=CARTESIAN_POINT('',(-20.7,27.,3.4));
#8671=CARTESIAN_POINT('',(-20.7,34.7549954627912,2.));
#8672=CARTESIAN_POINT('Origin',(-17.8,32.,2.));
#8673=CARTESIAN_POINT('Origin',(-17.8,32.,3.4));
#8674=CARTESIAN_POINT('Origin',(-17.25,32.,3.4));
#8675=CARTESIAN_POINT('Origin',(0.,32.,5.7));
#8676=CARTESIAN_POINT('',(-9.4,32.,5.7));
#8677=CARTESIAN_POINT('Origin',(-8.5,32.,5.7));
#8678=CARTESIAN_POINT('Origin',(0.,32.,5.7));
#8679=CARTESIAN_POINT('',(7.6,32.,5.7));
#8680=CARTESIAN_POINT('Origin',(8.5,32.,5.7));
#8681=CARTESIAN_POINT('Origin',(-17.,6.,2.));
#8682=CARTESIAN_POINT('',(-19.6457513110646,3.,5.));
#8683=CARTESIAN_POINT('',(-19.6457513110646,3.,2.));
#8684=CARTESIAN_POINT('',(-20.,3.35424868893541,5.));
#8685=CARTESIAN_POINT('Origin',(-17.,6.,5.));
#8686=CARTESIAN_POINT('',(-20.,3.35424868893541,2.));
#8687=CARTESIAN_POINT('Origin',(-17.,6.,2.));
#8688=CARTESIAN_POINT('',(-19.2605309110915,2.7,5.));
#8689=CARTESIAN_POINT('',(-17.,2.,5.));
#8690=CARTESIAN_POINT('Origin',(-17.,6.,5.));
#8691=CARTESIAN_POINT('',(-19.2605309110915,2.7,2.));
#8692=CARTESIAN_POINT('',(-17.,2.,2.));
#8693=CARTESIAN_POINT('Origin',(13.,3.,7.5));
#8694=CARTESIAN_POINT('',(7.8,6.5,7.5));
#8695=CARTESIAN_POINT('',(18.2,6.5,7.5));
#8696=CARTESIAN_POINT('Origin',(13.,6.5,7.5));
#8697=CARTESIAN_POINT('',(7.8,4.5,7.5));
#8698=CARTESIAN_POINT('',(7.8,3.,7.5));
#8699=CARTESIAN_POINT('',(18.2,4.5,7.5));
#8700=CARTESIAN_POINT('Origin',(13.,4.5,7.5));
#8701=CARTESIAN_POINT('',(18.2,3.,7.5));
#8702=CARTESIAN_POINT('Origin',(13.,3.,7.5));
#8703=CARTESIAN_POINT('',(18.2,19.5,7.5));
#8704=CARTESIAN_POINT('',(7.8,19.5,7.5));
#8705=CARTESIAN_POINT('Origin',(13.,19.5,7.5));
#8706=CARTESIAN_POINT('',(18.2,21.5,7.5));
#8707=CARTESIAN_POINT('',(18.2,3.,7.5));
#8708=CARTESIAN_POINT('',(7.8,21.5,7.5));
#8709=CARTESIAN_POINT('Origin',(13.,21.5,7.5));
#8710=CARTESIAN_POINT('',(7.8,3.,7.5));
#8711=CARTESIAN_POINT('Origin',(18.5,21.5,2.));
#8712=CARTESIAN_POINT('',(18.5,21.5,7.5));
#8713=CARTESIAN_POINT('',(18.5,21.5,7.5));
#8714=CARTESIAN_POINT('',(18.5,21.5,2.));
#8715=CARTESIAN_POINT('',(7.8,21.5,5.));
#8716=CARTESIAN_POINT('',(7.8,21.5,2.));
#8717=CARTESIAN_POINT('',(7.5,21.5,5.));
#8718=CARTESIAN_POINT('',(12.9,21.5,5.));
#8719=CARTESIAN_POINT('',(7.5,21.5,7.5));
#8720=CARTESIAN_POINT('',(7.5,21.5,2.));
#8721=CARTESIAN_POINT('',(18.5,21.5,7.5));
#8722=CARTESIAN_POINT('Origin',(13.,20.5,7.5));
#8723=CARTESIAN_POINT('',(18.5,19.5,7.5));
#8724=CARTESIAN_POINT('',(7.5,19.5,7.5));
#8725=CARTESIAN_POINT('',(18.5,19.5,7.5));
#8726=CARTESIAN_POINT('Origin',(7.5,4.5,2.));
#8727=CARTESIAN_POINT('',(7.5,4.5,7.5));
#8728=CARTESIAN_POINT('',(7.5,4.5,7.5));
#8729=CARTESIAN_POINT('',(7.5,4.5,5.));
#8730=CARTESIAN_POINT('',(7.5,4.5,2.));
#8731=CARTESIAN_POINT('',(7.8,4.5,5.));
#8732=CARTESIAN_POINT('',(7.4,4.5,5.));
#8733=CARTESIAN_POINT('',(7.8,4.5,2.));
#8734=CARTESIAN_POINT('',(18.5,4.5,7.5));
#8735=CARTESIAN_POINT('',(18.5,4.5,2.));
#8736=CARTESIAN_POINT('',(7.5,4.5,7.5));
#8737=CARTESIAN_POINT('Origin',(13.,5.5,7.5));
#8738=CARTESIAN_POINT('',(7.5,6.5,7.5));
#8739=CARTESIAN_POINT('',(18.5,6.5,7.5));
#8740=CARTESIAN_POINT('',(7.5,6.5,7.5));
#8741=CARTESIAN_POINT('Origin',(7.5,21.5,2.));
#8742=CARTESIAN_POINT('',(7.5,21.,5.));
#8743=CARTESIAN_POINT('',(7.5,22.375,5.));
#8744=CARTESIAN_POINT('',(7.5,21.,2.));
#8745=CARTESIAN_POINT('',(7.5,19.5,7.5));
#8746=CARTESIAN_POINT('',(7.5,19.5,2.));
#8747=CARTESIAN_POINT('',(7.5,21.5,7.5));
#8748=CARTESIAN_POINT('Origin',(18.5,19.5,2.));
#8749=CARTESIAN_POINT('',(18.5,19.5,2.));
#8750=CARTESIAN_POINT('Origin',(7.5,19.5,2.));
#8751=CARTESIAN_POINT('',(7.5,19.5,7.5));
#8752=CARTESIAN_POINT('Origin',(13.,20.5,7.5));
#8753=CARTESIAN_POINT('Origin',(7.5,6.5,2.));
#8754=CARTESIAN_POINT('',(7.5,6.5,5.));
#8755=CARTESIAN_POINT('',(7.5,6.,5.));
#8756=CARTESIAN_POINT('',(7.5,6.5,2.));
#8757=CARTESIAN_POINT('Origin',(18.5,6.5,2.));
#8758=CARTESIAN_POINT('',(18.5,6.5,7.5));
#8759=CARTESIAN_POINT('',(18.5,6.5,7.5));
#8760=CARTESIAN_POINT('',(18.5,6.5,2.));
#8761=CARTESIAN_POINT('',(7.8,6.5,5.));
#8762=CARTESIAN_POINT('',(7.8,6.5,2.));
#8763=CARTESIAN_POINT('',(12.9,6.5,5.));
#8764=CARTESIAN_POINT('Origin',(18.5,4.5,2.));
#8765=CARTESIAN_POINT('',(18.5,4.5,7.5));
#8766=CARTESIAN_POINT('Origin',(13.,5.5,7.5));
#8767=CARTESIAN_POINT('Origin',(7.8,3.,2.));
#8768=CARTESIAN_POINT('',(7.8,3.,5.));
#8769=CARTESIAN_POINT('',(7.8,3.,5.));
#8770=CARTESIAN_POINT('',(7.8,3.,2.));
#8771=CARTESIAN_POINT('Origin',(7.8,3.,2.));
#8772=CARTESIAN_POINT('',(7.8,8.,5.));
#8773=CARTESIAN_POINT('',(7.8,8.,2.));
#8774=CARTESIAN_POINT('',(7.8,3.,5.));
#8775=CARTESIAN_POINT('Origin',(-1.,26.6,2.));
#8776=CARTESIAN_POINT('',(-12.,26.6,5.));
#8777=CARTESIAN_POINT('',(-12.,26.6,2.));
#8778=CARTESIAN_POINT('',(-1.,26.6,5.));
#8779=CARTESIAN_POINT('',(-1.,26.6,5.));
#8780=CARTESIAN_POINT('',(-1.,26.6,2.));
#8781=CARTESIAN_POINT('Origin',(-1.,25.8,2.));
#8782=CARTESIAN_POINT('',(-1.,25.8,5.));
#8783=CARTESIAN_POINT('',(-1.,25.8,5.));
#8784=CARTESIAN_POINT('',(-1.,25.8,2.));
#8785=CARTESIAN_POINT('Origin',(-12.,25.8,2.));
#8786=CARTESIAN_POINT('',(-12.,25.8,5.));
#8787=CARTESIAN_POINT('',(-12.,25.8,5.));
#8788=CARTESIAN_POINT('',(-12.,25.8,2.));
#8789=CARTESIAN_POINT('Origin',(-12.,26.6,2.));
#8790=CARTESIAN_POINT('',(-12.,26.6,5.));
#8791=CARTESIAN_POINT('Origin',(-6.5,26.2,5.));
#8792=CARTESIAN_POINT('Origin',(-18.8,25.5,2.));
#8793=CARTESIAN_POINT('',(-20.,25.5,5.));
#8794=CARTESIAN_POINT('',(-20.,25.5,2.));
#8795=CARTESIAN_POINT('',(-18.8,25.5,5.));
#8796=CARTESIAN_POINT('',(-18.8,25.5,5.));
#8797=CARTESIAN_POINT('',(-18.8,25.5,2.));
#8798=CARTESIAN_POINT('Origin',(-18.8,21.,2.));
#8799=CARTESIAN_POINT('',(-18.8,21.,5.));
#8800=CARTESIAN_POINT('',(-18.8,21.,5.));
#8801=CARTESIAN_POINT('',(-18.8,21.,2.));
#8802=CARTESIAN_POINT('Origin',(-20.,21.,2.));
#8803=CARTESIAN_POINT('',(-20.,21.,5.));
#8804=CARTESIAN_POINT('',(-20.,21.,5.));
#8805=CARTESIAN_POINT('',(-20.,21.,2.));
#8806=CARTESIAN_POINT('Origin',(-20.,25.5,2.));
#8807=CARTESIAN_POINT('',(-20.,25.5,5.));
#8808=CARTESIAN_POINT('Origin',(-19.4,23.25,5.));
#8809=CARTESIAN_POINT('Origin',(7.8,2.7,2.));
#8810=CARTESIAN_POINT('',(2.,2.7,5.));
#8811=CARTESIAN_POINT('',(2.,2.7,2.));
#8812=CARTESIAN_POINT('',(7.8,2.7,5.));
#8813=CARTESIAN_POINT('',(7.8,2.7,5.));
#8814=CARTESIAN_POINT('',(7.8,2.7,2.));
#8815=CARTESIAN_POINT('Origin',(7.8,2.,2.));
#8816=CARTESIAN_POINT('',(7.8,2.,5.));
#8817=CARTESIAN_POINT('',(7.8,2.,5.));
#8818=CARTESIAN_POINT('',(7.8,2.,2.));
#8819=CARTESIAN_POINT('Origin',(2.,2.,2.));
#8820=CARTESIAN_POINT('',(2.,2.,5.));
#8821=CARTESIAN_POINT('',(2.,2.,5.));
#8822=CARTESIAN_POINT('',(2.,2.,2.));
#8823=CARTESIAN_POINT('Origin',(2.,2.7,2.));
#8824=CARTESIAN_POINT('',(2.,2.7,5.));
#8825=CARTESIAN_POINT('Origin',(4.9,2.35,5.));
#8826=CARTESIAN_POINT('Origin',(-14.,2.7,2.));
#8827=CARTESIAN_POINT('',(-14.,2.7,5.));
#8828=CARTESIAN_POINT('',(-14.,2.7,5.));
#8829=CARTESIAN_POINT('',(-14.,2.7,2.));
#8830=CARTESIAN_POINT('Origin',(-14.,2.,2.));
#8831=CARTESIAN_POINT('',(-14.,2.,5.));
#8832=CARTESIAN_POINT('',(-14.,2.,5.));
#8833=CARTESIAN_POINT('',(-14.,2.,2.));
#8834=CARTESIAN_POINT('Origin',(-20.,2.,2.));
#8835=CARTESIAN_POINT('',(-20.,2.,5.));
#8836=CARTESIAN_POINT('Origin',(-17.,2.35,5.));
#8837=CARTESIAN_POINT('Origin',(7.8,8.,2.));
#8838=CARTESIAN_POINT('',(6.8,8.,5.));
#8839=CARTESIAN_POINT('',(6.8,8.,2.));
#8840=CARTESIAN_POINT('',(7.8,8.,5.));
#8841=CARTESIAN_POINT('Origin',(6.8,3.,2.));
#8842=CARTESIAN_POINT('',(6.8,3.,5.));
#8843=CARTESIAN_POINT('',(6.8,3.,5.));
#8844=CARTESIAN_POINT('',(6.8,3.,2.));
#8845=CARTESIAN_POINT('Origin',(6.8,8.,2.));
#8846=CARTESIAN_POINT('',(6.8,8.,5.));
#8847=CARTESIAN_POINT('Origin',(7.3,5.5,5.));
#8848=CARTESIAN_POINT('Origin',(-18.8,8.,2.));
#8849=CARTESIAN_POINT('',(-20.,8.,5.));
#8850=CARTESIAN_POINT('',(-20.,8.,2.));
#8851=CARTESIAN_POINT('',(-18.8,8.,5.));
#8852=CARTESIAN_POINT('',(-18.8,8.,5.));
#8853=CARTESIAN_POINT('',(-18.8,8.,2.));
#8854=CARTESIAN_POINT('Origin',(-18.8,3.,2.));
#8855=CARTESIAN_POINT('',(-18.8,3.,5.));
#8856=CARTESIAN_POINT('',(-18.8,3.,5.));
#8857=CARTESIAN_POINT('',(-18.8,3.,2.));
#8858=CARTESIAN_POINT('Origin',(-20.,3.,2.));
#8859=CARTESIAN_POINT('',(-20.,3.,5.));
#8860=CARTESIAN_POINT('Origin',(-20.,8.,2.));
#8861=CARTESIAN_POINT('',(-20.,8.,5.));
#8862=CARTESIAN_POINT('Origin',(-19.4,5.5,5.));
#8863=CARTESIAN_POINT('Origin',(7.8,25.5,2.));
#8864=CARTESIAN_POINT('',(6.8,25.5,5.));
#8865=CARTESIAN_POINT('',(6.8,25.5,2.));
#8866=CARTESIAN_POINT('',(7.8,25.5,5.));
#8867=CARTESIAN_POINT('',(7.8,25.5,5.));
#8868=CARTESIAN_POINT('',(7.8,25.5,2.));
#8869=CARTESIAN_POINT('Origin',(7.8,21.,2.));
#8870=CARTESIAN_POINT('',(7.8,21.,5.));
#8871=CARTESIAN_POINT('Origin',(6.8,21.,2.));
#8872=CARTESIAN_POINT('',(6.8,21.,5.));
#8873=CARTESIAN_POINT('',(6.8,21.,5.));
#8874=CARTESIAN_POINT('',(6.8,21.,2.));
#8875=CARTESIAN_POINT('Origin',(6.8,25.5,2.));
#8876=CARTESIAN_POINT('',(6.8,25.5,5.));
#8877=CARTESIAN_POINT('Origin',(7.3,23.25,5.));
#8878=CARTESIAN_POINT('Origin',(8.5,32.,4.3));
#8879=CARTESIAN_POINT('',(7.6,32.,4.3));
#8880=CARTESIAN_POINT('',(7.6,32.,4.3));
#8881=CARTESIAN_POINT('Origin',(8.5,32.,4.3));
#8882=CARTESIAN_POINT('Origin',(-8.5,32.,4.3));
#8883=CARTESIAN_POINT('',(-9.4,32.,4.3));
#8884=CARTESIAN_POINT('',(-9.4,32.,4.3));
#8885=CARTESIAN_POINT('Origin',(-8.5,32.,4.3));
#8886=CARTESIAN_POINT('Origin',(10.5,34.,2.));
#8887=CARTESIAN_POINT('',(6.5,34.,4.3));
#8888=CARTESIAN_POINT('',(6.5,34.,2.));
#8889=CARTESIAN_POINT('',(10.5,34.,4.3));
#8890=CARTESIAN_POINT('',(10.5,34.,4.3));
#8891=CARTESIAN_POINT('',(10.5,34.,2.));
#8892=CARTESIAN_POINT('Origin',(10.5,30.,2.));
#8893=CARTESIAN_POINT('',(10.5,30.,4.3));
#8894=CARTESIAN_POINT('',(10.5,30.,4.3));
#8895=CARTESIAN_POINT('',(10.5,30.,2.));
#8896=CARTESIAN_POINT('Origin',(6.5,30.,2.));
#8897=CARTESIAN_POINT('',(6.5,30.,4.3));
#8898=CARTESIAN_POINT('',(6.5,30.,4.3));
#8899=CARTESIAN_POINT('',(6.5,30.,2.));
#8900=CARTESIAN_POINT('Origin',(6.5,34.,2.));
#8901=CARTESIAN_POINT('',(6.5,34.,4.3));
#8902=CARTESIAN_POINT('Origin',(8.5,32.,4.3));
#8903=CARTESIAN_POINT('Origin',(-6.5,34.,2.));
#8904=CARTESIAN_POINT('',(-10.5,34.,4.3));
#8905=CARTESIAN_POINT('',(-10.5,34.,2.));
#8906=CARTESIAN_POINT('',(-6.5,34.,4.3));
#8907=CARTESIAN_POINT('',(-6.5,34.,4.3));
#8908=CARTESIAN_POINT('',(-6.5,34.,2.));
#8909=CARTESIAN_POINT('Origin',(-6.5,30.,2.));
#8910=CARTESIAN_POINT('',(-6.5,30.,4.3));
#8911=CARTESIAN_POINT('',(-6.5,30.,4.3));
#8912=CARTESIAN_POINT('',(-6.5,30.,2.));
#8913=CARTESIAN_POINT('Origin',(-10.5,30.,2.));
#8914=CARTESIAN_POINT('',(-10.5,30.,4.3));
#8915=CARTESIAN_POINT('',(-10.5,30.,4.3));
#8916=CARTESIAN_POINT('',(-10.5,30.,2.));
#8917=CARTESIAN_POINT('Origin',(-10.5,34.,2.));
#8918=CARTESIAN_POINT('',(-10.5,34.,4.3));
#8919=CARTESIAN_POINT('Origin',(-8.5,32.,4.3));
#8920=CARTESIAN_POINT('Origin',(4.5,76.,2.));
#8921=CARTESIAN_POINT('',(4.5,78.,4.2));
#8922=CARTESIAN_POINT('',(4.5,78.,2.));
#8923=CARTESIAN_POINT('',(4.5,76.,4.2));
#8924=CARTESIAN_POINT('',(4.5,76.,4.2));
#8925=CARTESIAN_POINT('',(4.5,76.,2.));
#8926=CARTESIAN_POINT('Origin',(-4.5,76.,2.));
#8927=CARTESIAN_POINT('',(-4.5,76.,4.2));
#8928=CARTESIAN_POINT('',(-4.5,76.,4.2));
#8929=CARTESIAN_POINT('',(-4.5,76.,2.));
#8930=CARTESIAN_POINT('Origin',(-4.5,78.,2.));
#8931=CARTESIAN_POINT('',(-4.5,78.,4.2));
#8932=CARTESIAN_POINT('',(-4.5,78.,4.2));
#8933=CARTESIAN_POINT('',(-4.5,78.,2.));
#8934=CARTESIAN_POINT('Origin',(0.,77.,4.2));
#8935=CARTESIAN_POINT('',(4.5,78.,4.2));
#8936=CARTESIAN_POINT('Origin',(12.,65.,2.));
#8937=CARTESIAN_POINT('',(10.8,65.,5.5));
#8938=CARTESIAN_POINT('',(10.8,65.,2.));
#8939=CARTESIAN_POINT('',(12.,65.,5.5));
#8940=CARTESIAN_POINT('',(12.,65.,5.5));
#8941=CARTESIAN_POINT('',(12.,65.,2.));
#8942=CARTESIAN_POINT('Origin',(12.,61.,2.));
#8943=CARTESIAN_POINT('',(12.,61.,5.5));
#8944=CARTESIAN_POINT('',(12.,61.,5.5));
#8945=CARTESIAN_POINT('',(12.,61.,2.));
#8946=CARTESIAN_POINT('Origin',(10.8,61.,2.));
#8947=CARTESIAN_POINT('',(10.8,61.,5.5));
#8948=CARTESIAN_POINT('',(10.8,61.,5.5));
#8949=CARTESIAN_POINT('',(10.8,61.,2.));
#8950=CARTESIAN_POINT('Origin',(10.8,65.,2.));
#8951=CARTESIAN_POINT('',(10.8,65.,5.5));
#8952=CARTESIAN_POINT('Origin',(11.4,63.,5.5));
#8953=CARTESIAN_POINT('Origin',(-10.8,65.,2.));
#8954=CARTESIAN_POINT('',(-12.,65.,5.5));
#8955=CARTESIAN_POINT('',(-12.,65.,2.));
#8956=CARTESIAN_POINT('',(-10.8,65.,5.5));
#8957=CARTESIAN_POINT('',(-10.8,65.,5.5));
#8958=CARTESIAN_POINT('',(-10.8,65.,2.));
#8959=CARTESIAN_POINT('Origin',(-10.8,61.,2.));
#8960=CARTESIAN_POINT('',(-10.8,61.,5.5));
#8961=CARTESIAN_POINT('',(-10.8,61.,5.5));
#8962=CARTESIAN_POINT('',(-10.8,61.,2.));
#8963=CARTESIAN_POINT('Origin',(-12.,61.,2.));
#8964=CARTESIAN_POINT('',(-12.,61.,5.5));
#8965=CARTESIAN_POINT('',(-12.,61.,5.5));
#8966=CARTESIAN_POINT('',(-12.,61.,2.));
#8967=CARTESIAN_POINT('Origin',(-12.,65.,2.));
#8968=CARTESIAN_POINT('',(-12.,65.,5.5));
#8969=CARTESIAN_POINT('Origin',(-11.4,63.,5.5));
#8970=CARTESIAN_POINT('Origin',(10.6,75.,2.));
#8971=CARTESIAN_POINT('',(9.3,75.,3.5));
#8972=CARTESIAN_POINT('',(9.3,75.,2.));
#8973=CARTESIAN_POINT('',(10.6,75.,3.5));
#8974=CARTESIAN_POINT('',(10.6,75.,3.5));
#8975=CARTESIAN_POINT('',(10.6,75.,2.));
#8976=CARTESIAN_POINT('Origin',(10.6,60.,2.));
#8977=CARTESIAN_POINT('',(10.6,60.,3.5));
#8978=CARTESIAN_POINT('',(10.6,60.,3.5));
#8979=CARTESIAN_POINT('',(10.6,60.,2.));
#8980=CARTESIAN_POINT('Origin',(9.3,60.,2.));
#8981=CARTESIAN_POINT('',(9.3,60.,3.5));
#8982=CARTESIAN_POINT('',(9.3,60.,3.5));
#8983=CARTESIAN_POINT('',(9.3,60.,2.));
#8984=CARTESIAN_POINT('Origin',(9.3,75.,2.));
#8985=CARTESIAN_POINT('',(9.3,75.,3.5));
#8986=CARTESIAN_POINT('Origin',(9.95,67.5,3.5));
#8987=CARTESIAN_POINT('Origin',(-9.3,75.,2.));
#8988=CARTESIAN_POINT('',(-10.6,75.,3.5));
#8989=CARTESIAN_POINT('',(-10.6,75.,2.));
#8990=CARTESIAN_POINT('',(-9.3,75.,3.5));
#8991=CARTESIAN_POINT('',(-9.3,75.,3.5));
#8992=CARTESIAN_POINT('',(-9.3,75.,2.));
#8993=CARTESIAN_POINT('Origin',(-9.3,60.,2.));
#8994=CARTESIAN_POINT('',(-9.3,60.,3.5));
#8995=CARTESIAN_POINT('',(-9.3,60.,3.5));
#8996=CARTESIAN_POINT('',(-9.3,60.,2.));
#8997=CARTESIAN_POINT('Origin',(-10.6,60.,2.));
#8998=CARTESIAN_POINT('',(-10.6,60.,3.5));
#8999=CARTESIAN_POINT('',(-10.6,60.,3.5));
#9000=CARTESIAN_POINT('',(-10.6,60.,2.));
#9001=CARTESIAN_POINT('Origin',(-10.6,75.,2.));
#9002=CARTESIAN_POINT('',(-10.6,75.,3.5));
#9003=CARTESIAN_POINT('Origin',(-9.95,67.5,3.5));
#9004=CARTESIAN_POINT('Origin',(1.75,58.6,4.6));
#9005=CARTESIAN_POINT('',(1.75,58.6,4.6));
#9006=CARTESIAN_POINT('',(-1.75,58.6,4.6));
#9007=CARTESIAN_POINT('',(1.75,58.6,4.6));
#9008=CARTESIAN_POINT('',(-1.75,58.6,5.6));
#9009=CARTESIAN_POINT('',(-1.75,58.6,4.6));
#9010=CARTESIAN_POINT('',(1.75,58.6,5.6));
#9011=CARTESIAN_POINT('',(1.75,58.6,5.6));
#9012=CARTESIAN_POINT('',(1.75,58.6,4.6));
#9013=CARTESIAN_POINT('Origin',(0.,58.175,5.6));
#9014=CARTESIAN_POINT('',(-1.75,57.75,5.6));
#9015=CARTESIAN_POINT('',(-1.75,58.6,5.6));
#9016=CARTESIAN_POINT('',(1.75,57.75,5.6));
#9017=CARTESIAN_POINT('',(0.875,57.75,5.6));
#9018=CARTESIAN_POINT('',(1.75,57.75,5.6));
#9019=CARTESIAN_POINT('Origin',(0.,58.175,4.6));
#9020=CARTESIAN_POINT('',(-1.75,57.75,4.6));
#9021=CARTESIAN_POINT('',(-1.75,58.6,4.6));
#9022=CARTESIAN_POINT('',(1.75,57.75,4.6));
#9023=CARTESIAN_POINT('',(1.75,57.75,4.6));
#9024=CARTESIAN_POINT('',(0.875,57.75,4.6));
#9025=CARTESIAN_POINT('Origin',(1.75,57.75,2.));
#9026=CARTESIAN_POINT('',(-1.75,57.75,9.4));
#9027=CARTESIAN_POINT('',(-1.75,57.75,2.));
#9028=CARTESIAN_POINT('',(1.75,57.75,9.4));
#9029=CARTESIAN_POINT('',(1.75,57.75,9.4));
#9030=CARTESIAN_POINT('',(1.75,57.75,2.));
#9031=CARTESIAN_POINT('Origin',(1.75,57.75,2.));
#9032=CARTESIAN_POINT('',(1.75,57.75,2.));
#9033=CARTESIAN_POINT('',(-1.75,57.75,2.));
#9034=CARTESIAN_POINT('Origin',(1.75,54.25,2.));
#9035=CARTESIAN_POINT('',(1.75,54.25,9.4));
#9036=CARTESIAN_POINT('',(1.75,54.25,9.4));
#9037=CARTESIAN_POINT('',(1.75,54.25,2.));
#9038=CARTESIAN_POINT('Origin',(-1.75,54.25,2.));
#9039=CARTESIAN_POINT('',(-1.75,54.25,9.4));
#9040=CARTESIAN_POINT('',(-1.75,54.25,9.4));
#9041=CARTESIAN_POINT('',(-1.75,54.25,2.));
#9042=CARTESIAN_POINT('Origin',(-1.75,57.75,2.));
#9043=CARTESIAN_POINT('',(-1.75,57.75,9.4));
#9044=CARTESIAN_POINT('Origin',(0.,56.,9.4));
#9045=CARTESIAN_POINT('Origin',(15.75,42.25,2.));
#9046=CARTESIAN_POINT('',(12.25,42.25,9.4));
#9047=CARTESIAN_POINT('',(12.25,42.25,2.));
#9048=CARTESIAN_POINT('',(15.75,42.25,9.4));
#9049=CARTESIAN_POINT('',(15.75,42.25,9.4));
#9050=CARTESIAN_POINT('',(15.75,42.25,2.));
#9051=CARTESIAN_POINT('Origin',(15.75,38.75,2.));
#9052=CARTESIAN_POINT('',(15.75,38.75,9.4));
#9053=CARTESIAN_POINT('',(15.75,38.75,9.4));
#9054=CARTESIAN_POINT('',(15.75,38.75,2.));
#9055=CARTESIAN_POINT('Origin',(12.25,38.75,2.));
#9056=CARTESIAN_POINT('',(12.25,38.75,9.4));
#9057=CARTESIAN_POINT('',(12.25,38.75,9.4));
#9058=CARTESIAN_POINT('',(12.25,38.75,2.));
#9059=CARTESIAN_POINT('Origin',(12.25,42.25,2.));
#9060=CARTESIAN_POINT('',(12.25,42.25,9.4));
#9061=CARTESIAN_POINT('Origin',(14.,40.5,9.4));
#9062=CARTESIAN_POINT('Origin',(-12.25,42.25,2.));
#9063=CARTESIAN_POINT('',(-15.75,42.25,9.4));
#9064=CARTESIAN_POINT('',(-15.75,42.25,2.));
#9065=CARTESIAN_POINT('',(-12.25,42.25,9.4));
#9066=CARTESIAN_POINT('',(-12.25,42.25,9.4));
#9067=CARTESIAN_POINT('',(-12.25,42.25,2.));
#9068=CARTESIAN_POINT('Origin',(-12.25,38.75,2.));
#9069=CARTESIAN_POINT('',(-12.25,38.75,9.4));
#9070=CARTESIAN_POINT('',(-12.25,38.75,9.4));
#9071=CARTESIAN_POINT('',(-12.25,38.75,2.));
#9072=CARTESIAN_POINT('Origin',(-15.75,38.75,2.));
#9073=CARTESIAN_POINT('',(-15.75,38.75,9.4));
#9074=CARTESIAN_POINT('',(-15.75,38.75,9.4));
#9075=CARTESIAN_POINT('',(-15.75,38.75,2.));
#9076=CARTESIAN_POINT('Origin',(-15.75,42.25,2.));
#9077=CARTESIAN_POINT('',(-15.75,42.25,9.4));
#9078=CARTESIAN_POINT('Origin',(-14.,40.5,9.4));
#9079=CARTESIAN_POINT('Origin',(17.,72.,0.));
#9080=CARTESIAN_POINT('',(23.,72.,0.));
#9081=CARTESIAN_POINT('',(23.,72.,0.));
#9082=CARTESIAN_POINT('',(17.,78.,0.));
#9083=CARTESIAN_POINT('Origin',(17.,72.,0.));
#9084=CARTESIAN_POINT('',(17.,78.,0.));
#9085=CARTESIAN_POINT('Origin',(23.,0.,0.));
#9086=CARTESIAN_POINT('',(23.,6.,0.));
#9087=CARTESIAN_POINT('',(23.,6.,0.));
#9088=CARTESIAN_POINT('',(23.,0.,0.));
#9089=CARTESIAN_POINT('Origin',(-17.,72.,0.));
#9090=CARTESIAN_POINT('',(-17.,78.,0.));
#9091=CARTESIAN_POINT('',(-17.,78.,0.));
#9092=CARTESIAN_POINT('',(-23.,72.,0.));
#9093=CARTESIAN_POINT('Origin',(-17.,72.,0.));
#9094=CARTESIAN_POINT('',(-23.,72.,0.));
#9095=CARTESIAN_POINT('Origin',(-23.,78.,0.));
#9096=CARTESIAN_POINT('',(-23.,6.00000000000001,0.));
#9097=CARTESIAN_POINT('',(-23.,78.,0.));
#9098=CARTESIAN_POINT('',(-23.,6.,0.));
#9099=CARTESIAN_POINT('Origin',(-17.,6.,0.));
#9100=CARTESIAN_POINT('',(-17.,0.,0.));
#9101=CARTESIAN_POINT('Origin',(-17.,6.,0.));
#9102=CARTESIAN_POINT('',(-17.,0.,0.));
#9103=CARTESIAN_POINT('Origin',(17.,6.,0.));
#9104=CARTESIAN_POINT('',(17.,0.,0.));
#9105=CARTESIAN_POINT('',(17.,0.,0.));
#9106=CARTESIAN_POINT('Origin',(17.,6.,0.));
#9107=CARTESIAN_POINT('Origin',(-23.,0.,0.));
#9108=CARTESIAN_POINT('',(-23.,0.,0.));
#9109=CARTESIAN_POINT('Origin',(23.,78.,0.));
#9110=CARTESIAN_POINT('',(23.,78.,0.));
#9111=CARTESIAN_POINT('Origin',(0.,39.,0.));
#9112=CARTESIAN_POINT('Origin',(17.8,32.,3.4));
#9113=CARTESIAN_POINT('',(15.6,32.,3.4));
#9114=CARTESIAN_POINT('Origin',(17.8,32.,3.4));
#9115=CARTESIAN_POINT('',(15.6,32.,9.4));
#9116=CARTESIAN_POINT('',(15.6,32.,3.4));
#9117=CARTESIAN_POINT('Origin',(17.8,32.,9.4));
#9118=CARTESIAN_POINT('Origin',(17.8,32.,9.4));
#9119=CARTESIAN_POINT('Origin',(-17.8,72.,3.4));
#9120=CARTESIAN_POINT('',(-20.,72.,3.4));
#9121=CARTESIAN_POINT('Origin',(-17.8,72.,3.4));
#9122=CARTESIAN_POINT('',(-20.,72.,9.4));
#9123=CARTESIAN_POINT('',(-20.,72.,3.4));
#9124=CARTESIAN_POINT('Origin',(-17.8,72.,9.4));
#9125=CARTESIAN_POINT('Origin',(-17.8,72.,9.4));
#9126=CARTESIAN_POINT('Origin',(-17.8,32.,3.4));
#9127=CARTESIAN_POINT('',(-20.,32.,3.4));
#9128=CARTESIAN_POINT('Origin',(-17.8,32.,3.4));
#9129=CARTESIAN_POINT('',(-20.,32.,9.4));
#9130=CARTESIAN_POINT('',(-20.,32.,3.4));
#9131=CARTESIAN_POINT('Origin',(-17.8,32.,9.4));
#9132=CARTESIAN_POINT('Origin',(-17.8,32.,9.4));
#9133=CARTESIAN_POINT('Origin',(17.8,72.,3.4));
#9134=CARTESIAN_POINT('',(15.6,72.,3.4));
#9135=CARTESIAN_POINT('Origin',(17.8,72.,3.4));
#9136=CARTESIAN_POINT('',(15.6,72.,9.4));
#9137=CARTESIAN_POINT('',(15.6,72.,3.4));
#9138=CARTESIAN_POINT('Origin',(17.8,72.,9.4));
#9139=CARTESIAN_POINT('Origin',(17.8,72.,9.4));
#9140=CARTESIAN_POINT('Origin',(17.8,72.,3.4));
#9141=CARTESIAN_POINT('',(21.,69.6,14.));
#9142=CARTESIAN_POINT('',(21.,69.6,3.4));
#9143=CARTESIAN_POINT('',(21.,69.6,3.4));
#9144=CARTESIAN_POINT('',(17.4,75.9799497484265,14.));
#9145=CARTESIAN_POINT('Origin',(17.8,72.,14.));
#9146=CARTESIAN_POINT('',(17.4,75.9799497484265,3.4));
#9147=CARTESIAN_POINT('',(17.4,75.9799497484265,3.4));
#9148=CARTESIAN_POINT('Origin',(17.8,72.,3.4));
#9149=CARTESIAN_POINT('Origin',(17.8,72.,3.4));
#9150=CARTESIAN_POINT('',(21.,72.,3.4));
#9151=CARTESIAN_POINT('',(21.,36.,3.4));
#9152=CARTESIAN_POINT('Origin',(17.,72.,3.4));
#9153=CARTESIAN_POINT('Origin',(17.,72.,2.));
#9154=CARTESIAN_POINT('',(17.,76.,14.));
#9155=CARTESIAN_POINT('Origin',(17.,72.,14.));
#9156=CARTESIAN_POINT('',(17.,76.,2.));
#9157=CARTESIAN_POINT('',(17.,76.,2.));
#9158=CARTESIAN_POINT('',(21.,72.,2.));
#9159=CARTESIAN_POINT('Origin',(17.,72.,2.));
#9160=CARTESIAN_POINT('',(21.,72.,2.));
#9161=CARTESIAN_POINT('Origin',(-17.8,32.,3.4));
#9162=CARTESIAN_POINT('',(-21.,34.4,14.));
#9163=CARTESIAN_POINT('',(-21.,34.4,3.4));
#9164=CARTESIAN_POINT('',(-21.,34.4,3.4));
#9165=CARTESIAN_POINT('',(-21.,29.6,14.));
#9166=CARTESIAN_POINT('Origin',(-17.8,32.,14.));
#9167=CARTESIAN_POINT('',(-21.,29.6,3.4));
#9168=CARTESIAN_POINT('',(-21.,29.6,3.4));
#9169=CARTESIAN_POINT('Origin',(-17.8,32.,3.4));
#9170=CARTESIAN_POINT('Origin',(-17.8,32.,3.4));
#9171=CARTESIAN_POINT('',(-21.,55.,3.4));
#9172=CARTESIAN_POINT('Origin',(-21.,78.,2.));
#9173=CARTESIAN_POINT('',(-21.,6.,14.));
#9174=CARTESIAN_POINT('',(-21.,58.5,14.));
#9175=CARTESIAN_POINT('',(-21.,6.,2.));
#9176=CARTESIAN_POINT('',(-21.,6.,2.));
#9177=CARTESIAN_POINT('',(-21.,72.,2.));
#9178=CARTESIAN_POINT('',(-21.,58.5,2.));
#9179=CARTESIAN_POINT('',(-21.,72.,3.4));
#9180=CARTESIAN_POINT('',(-21.,72.,2.));
#9181=CARTESIAN_POINT('',(-21.,69.6,3.4));
#9182=CARTESIAN_POINT('',(-21.,75.,3.4));
#9183=CARTESIAN_POINT('',(-21.,69.6,14.));
#9184=CARTESIAN_POINT('',(-21.,69.6,3.4));
#9185=CARTESIAN_POINT('',(-21.,58.5,14.));
#9186=CARTESIAN_POINT('Origin',(-17.8,72.,3.4));
#9187=CARTESIAN_POINT('',(-17.4,75.9799497484265,14.));
#9188=CARTESIAN_POINT('',(-17.4,75.9799497484265,3.4));
#9189=CARTESIAN_POINT('',(-17.4,75.9799497484265,3.4));
#9190=CARTESIAN_POINT('Origin',(-17.8,72.,14.));
#9191=CARTESIAN_POINT('Origin',(-17.8,72.,3.4));
#9192=CARTESIAN_POINT('Origin',(-17.8,72.,3.4));
#9193=CARTESIAN_POINT('Origin',(-17.,72.,3.4));
#9194=CARTESIAN_POINT('Origin',(17.8,32.,3.4));
#9195=CARTESIAN_POINT('',(21.,29.6,3.4));
#9196=CARTESIAN_POINT('',(21.,34.4,3.4));
#9197=CARTESIAN_POINT('',(21.,16.,3.4));
#9198=CARTESIAN_POINT('Origin',(17.8,32.,3.4));
#9199=CARTESIAN_POINT('Origin',(17.8,32.,3.4));
#9200=CARTESIAN_POINT('',(21.,34.4,14.));
#9201=CARTESIAN_POINT('',(21.,34.4,3.4));
#9202=CARTESIAN_POINT('',(21.,29.6,14.));
#9203=CARTESIAN_POINT('',(21.,29.6,3.4));
#9204=CARTESIAN_POINT('Origin',(17.8,32.,14.));
#9205=CARTESIAN_POINT('Origin',(0.,39.,14.));
#9206=CARTESIAN_POINT('',(21.,19.5,14.));
#9207=CARTESIAN_POINT('',(21.,6.,14.));
#9208=CARTESIAN_POINT('',(21.,19.5,14.));
#9209=CARTESIAN_POINT('',(17.,2.,14.));
#9210=CARTESIAN_POINT('Origin',(17.,6.,14.));
#9211=CARTESIAN_POINT('',(-17.,2.,14.));
#9212=CARTESIAN_POINT('',(-11.5,2.,14.));
#9213=CARTESIAN_POINT('Origin',(-17.,6.,14.));
#9214=CARTESIAN_POINT('',(-17.,76.,14.));
#9215=CARTESIAN_POINT('Origin',(-17.,72.,14.));
#9216=CARTESIAN_POINT('',(11.5,76.,14.));
#9217=CARTESIAN_POINT('',(5.,20.2,14.));
#9218=CARTESIAN_POINT('',(-17.,20.2,14.));
#9219=CARTESIAN_POINT('',(2.5,20.2,14.));
#9220=CARTESIAN_POINT('',(-17.,19.,14.));
#9221=CARTESIAN_POINT('',(-17.,29.6,14.));
#9222=CARTESIAN_POINT('',(5.,19.,14.));
#9223=CARTESIAN_POINT('',(-8.5,19.,14.));
#9224=CARTESIAN_POINT('',(4.99999999999998,29.,14.));
#9225=CARTESIAN_POINT('',(3.4,32.,14.));
#9226=CARTESIAN_POINT('Origin',(6.5,32.,14.));
#9227=CARTESIAN_POINT('',(-9.6,32.,14.));
#9228=CARTESIAN_POINT('Origin',(-6.5,32.,14.));
#9229=CARTESIAN_POINT('',(12.25,58.4,14.));
#9230=CARTESIAN_POINT('',(-12.25,58.4,14.));
#9231=CARTESIAN_POINT('',(-6.125,58.4,14.));
#9232=CARTESIAN_POINT('',(-12.25,44.6,14.));
#9233=CARTESIAN_POINT('',(-12.25,41.8,14.));
#9234=CARTESIAN_POINT('',(12.25,44.6,14.));
#9235=CARTESIAN_POINT('',(6.125,44.6,14.));
#9236=CARTESIAN_POINT('',(12.25,48.7,14.));
#9237=CARTESIAN_POINT('',(16.3,38.2,14.));
#9238=CARTESIAN_POINT('',(12.,38.2,14.));
#9239=CARTESIAN_POINT('',(8.15,38.2,14.));
#9240=CARTESIAN_POINT('',(12.,37.,14.));
#9241=CARTESIAN_POINT('',(12.,38.6,14.));
#9242=CARTESIAN_POINT('',(17.5,37.,14.));
#9243=CARTESIAN_POINT('',(6.,37.,14.));
#9244=CARTESIAN_POINT('',(17.5,43.,14.));
#9245=CARTESIAN_POINT('',(17.5,38.,14.));
#9246=CARTESIAN_POINT('',(16.3,43.,14.));
#9247=CARTESIAN_POINT('',(8.75,43.,14.));
#9248=CARTESIAN_POINT('',(16.3,41.,14.));
#9249=CARTESIAN_POINT('',(-12.,66.,14.));
#9250=CARTESIAN_POINT('',(-17.5,66.,14.));
#9251=CARTESIAN_POINT('',(-6.,66.,14.));
#9252=CARTESIAN_POINT('',(-17.5,60.,14.));
#9253=CARTESIAN_POINT('',(-17.5,52.5,14.));
#9254=CARTESIAN_POINT('',(-16.3,60.,14.));
#9255=CARTESIAN_POINT('',(-8.75,60.,14.));
#9256=CARTESIAN_POINT('',(-16.3,64.8,14.));
#9257=CARTESIAN_POINT('',(-16.3,49.5,14.));
#9258=CARTESIAN_POINT('',(-12.,64.8,14.));
#9259=CARTESIAN_POINT('',(-8.15,64.8,14.));
#9260=CARTESIAN_POINT('',(-12.,51.9,14.));
#9261=CARTESIAN_POINT('',(-16.3,43.,14.));
#9262=CARTESIAN_POINT('',(-17.5,43.,14.));
#9263=CARTESIAN_POINT('',(-8.15,43.,14.));
#9264=CARTESIAN_POINT('',(-17.5,37.,14.));
#9265=CARTESIAN_POINT('',(-17.5,41.,14.));
#9266=CARTESIAN_POINT('',(-12.,37.,14.));
#9267=CARTESIAN_POINT('',(-8.75,37.,14.));
#9268=CARTESIAN_POINT('',(-12.,38.2,14.));
#9269=CARTESIAN_POINT('',(-12.,38.,14.));
#9270=CARTESIAN_POINT('',(-16.3,38.2,14.));
#9271=CARTESIAN_POINT('',(-6.,38.2,14.));
#9272=CARTESIAN_POINT('',(-16.3,38.6,14.));
#9273=CARTESIAN_POINT('',(17.5,66.,14.));
#9274=CARTESIAN_POINT('',(12.,66.,14.));
#9275=CARTESIAN_POINT('',(8.75,66.,14.));
#9276=CARTESIAN_POINT('',(12.,64.8,14.));
#9277=CARTESIAN_POINT('',(12.,52.5,14.));
#9278=CARTESIAN_POINT('',(16.3,64.8,14.));
#9279=CARTESIAN_POINT('',(6.,64.8,14.));
#9280=CARTESIAN_POINT('',(16.3,60.,14.));
#9281=CARTESIAN_POINT('',(16.3,51.9,14.));
#9282=CARTESIAN_POINT('',(17.5,60.,14.));
#9283=CARTESIAN_POINT('',(8.15,60.,14.));
#9284=CARTESIAN_POINT('',(17.5,49.5,14.));
#9285=CARTESIAN_POINT('',(5.,9.2,14.));
#9286=CARTESIAN_POINT('',(-17.,9.2,14.));
#9287=CARTESIAN_POINT('',(2.5,9.2,14.));
#9288=CARTESIAN_POINT('',(-17.,8.,14.));
#9289=CARTESIAN_POINT('',(-17.,24.1,14.));
#9290=CARTESIAN_POINT('',(5.,8.,14.));
#9291=CARTESIAN_POINT('',(-8.5,8.,14.));
#9292=CARTESIAN_POINT('',(4.99999999999997,23.5,14.));
#9293=CARTESIAN_POINT('',(18.,14.,14.));
#9294=CARTESIAN_POINT('',(8.,14.,14.));
#9295=CARTESIAN_POINT('',(9.,14.,14.));
#9296=CARTESIAN_POINT('',(8.,12.,14.));
#9297=CARTESIAN_POINT('',(8.,26.5,14.));
#9298=CARTESIAN_POINT('',(18.,12.,14.));
#9299=CARTESIAN_POINT('',(4.,12.,14.));
#9300=CARTESIAN_POINT('',(18.,25.5,14.));
#9301=CARTESIAN_POINT('Origin',(18.,14.,12.7));
#9302=CARTESIAN_POINT('',(18.,14.,12.7));
#9303=CARTESIAN_POINT('',(8.,14.,12.7));
#9304=CARTESIAN_POINT('',(18.,14.,12.7));
#9305=CARTESIAN_POINT('',(8.,14.,12.7));
#9306=CARTESIAN_POINT('',(18.,14.,12.7));
#9307=CARTESIAN_POINT('Origin',(18.,12.,12.7));
#9308=CARTESIAN_POINT('',(18.,12.,12.7));
#9309=CARTESIAN_POINT('',(18.,12.,12.7));
#9310=CARTESIAN_POINT('',(18.,12.,12.7));
#9311=CARTESIAN_POINT('Origin',(8.,12.,12.7));
#9312=CARTESIAN_POINT('',(8.,12.,12.7));
#9313=CARTESIAN_POINT('',(8.,12.,12.7));
#9314=CARTESIAN_POINT('',(8.,12.,12.7));
#9315=CARTESIAN_POINT('Origin',(8.,14.,12.7));
#9316=CARTESIAN_POINT('',(8.,14.,12.7));
#9317=CARTESIAN_POINT('Origin',(13.,13.,12.7));
#9318=CARTESIAN_POINT('Origin',(5.,20.2,9.7));
#9319=CARTESIAN_POINT('',(5.,20.2,9.7));
#9320=CARTESIAN_POINT('',(-17.,20.2,9.7));
#9321=CARTESIAN_POINT('',(5.,20.2,9.7));
#9322=CARTESIAN_POINT('',(-17.,20.2,9.7));
#9323=CARTESIAN_POINT('',(5.,20.2,9.7));
#9324=CARTESIAN_POINT('Origin',(5.,19.,9.7));
#9325=CARTESIAN_POINT('',(5.,19.,9.7));
#9326=CARTESIAN_POINT('',(5.,19.,9.7));
#9327=CARTESIAN_POINT('',(5.,19.,9.7));
#9328=CARTESIAN_POINT('Origin',(-17.,19.,9.7));
#9329=CARTESIAN_POINT('',(-17.,19.,9.7));
#9330=CARTESIAN_POINT('',(-17.,19.,9.7));
#9331=CARTESIAN_POINT('',(-17.,19.,9.7));
#9332=CARTESIAN_POINT('Origin',(-17.,20.2,9.7));
#9333=CARTESIAN_POINT('',(-17.,20.2,9.7));
#9334=CARTESIAN_POINT('Origin',(-6.,19.6,9.7));
#9335=CARTESIAN_POINT('Origin',(5.,9.2,9.7));
#9336=CARTESIAN_POINT('',(5.,9.2,9.7));
#9337=CARTESIAN_POINT('',(-17.,9.2,9.7));
#9338=CARTESIAN_POINT('',(5.,9.2,9.7));
#9339=CARTESIAN_POINT('',(-17.,9.2,9.7));
#9340=CARTESIAN_POINT('',(5.,9.2,9.7));
#9341=CARTESIAN_POINT('Origin',(5.,8.,9.7));
#9342=CARTESIAN_POINT('',(5.,8.,9.7));
#9343=CARTESIAN_POINT('',(5.,8.,9.7));
#9344=CARTESIAN_POINT('',(5.,8.,9.7));
#9345=CARTESIAN_POINT('Origin',(-17.,8.,9.7));
#9346=CARTESIAN_POINT('',(-17.,8.,9.7));
#9347=CARTESIAN_POINT('',(-17.,8.,9.7));
#9348=CARTESIAN_POINT('',(-17.,8.,9.7));
#9349=CARTESIAN_POINT('Origin',(-17.,9.2,9.7));
#9350=CARTESIAN_POINT('',(-17.,9.2,9.7));
#9351=CARTESIAN_POINT('Origin',(-6.,8.6,9.7));
#9352=CARTESIAN_POINT('Origin',(17.5,66.,9.3));
#9353=CARTESIAN_POINT('',(17.5,66.,9.3));
#9354=CARTESIAN_POINT('',(12.,66.,9.3));
#9355=CARTESIAN_POINT('',(17.5,66.,9.3));
#9356=CARTESIAN_POINT('',(12.,66.,9.3));
#9357=CARTESIAN_POINT('',(17.5,66.,9.3));
#9358=CARTESIAN_POINT('Origin',(17.5,60.,9.3));
#9359=CARTESIAN_POINT('',(17.5,60.,9.3));
#9360=CARTESIAN_POINT('',(17.5,60.,9.3));
#9361=CARTESIAN_POINT('',(17.5,60.,9.3));
#9362=CARTESIAN_POINT('Origin',(16.3,60.,9.3));
#9363=CARTESIAN_POINT('',(16.3,60.,9.3));
#9364=CARTESIAN_POINT('',(16.3,60.,9.3));
#9365=CARTESIAN_POINT('',(16.3,60.,9.3));
#9366=CARTESIAN_POINT('Origin',(16.3,64.8,9.3));
#9367=CARTESIAN_POINT('',(16.3,64.8,9.3));
#9368=CARTESIAN_POINT('',(16.3,64.8,9.3));
#9369=CARTESIAN_POINT('',(16.3,64.8,9.3));
#9370=CARTESIAN_POINT('Origin',(12.,64.8,9.3));
#9371=CARTESIAN_POINT('',(12.,64.8,9.3));
#9372=CARTESIAN_POINT('',(12.,64.8,9.3));
#9373=CARTESIAN_POINT('',(12.,64.8,9.3));
#9374=CARTESIAN_POINT('Origin',(12.,66.,9.3));
#9375=CARTESIAN_POINT('',(12.,66.,9.3));
#9376=CARTESIAN_POINT('Origin',(14.75,63.,9.3));
#9377=CARTESIAN_POINT('Origin',(-16.3,43.,9.3));
#9378=CARTESIAN_POINT('',(-16.3,43.,9.3));
#9379=CARTESIAN_POINT('',(-17.5,43.,9.3));
#9380=CARTESIAN_POINT('',(-16.3,43.,9.3));
#9381=CARTESIAN_POINT('',(-17.5,43.,9.3));
#9382=CARTESIAN_POINT('',(-16.3,43.,9.3));
#9383=CARTESIAN_POINT('Origin',(-16.3,38.2,9.3));
#9384=CARTESIAN_POINT('',(-16.3,38.2,9.3));
#9385=CARTESIAN_POINT('',(-16.3,38.2,9.3));
#9386=CARTESIAN_POINT('',(-16.3,38.2,9.3));
#9387=CARTESIAN_POINT('Origin',(-12.,38.2,9.3));
#9388=CARTESIAN_POINT('',(-12.,38.2,9.3));
#9389=CARTESIAN_POINT('',(-12.,38.2,9.3));
#9390=CARTESIAN_POINT('',(-12.,38.2,9.3));
#9391=CARTESIAN_POINT('Origin',(-12.,37.,9.3));
#9392=CARTESIAN_POINT('',(-12.,37.,9.3));
#9393=CARTESIAN_POINT('',(-12.,37.,9.3));
#9394=CARTESIAN_POINT('',(-12.,37.,9.3));
#9395=CARTESIAN_POINT('Origin',(-17.5,37.,9.3));
#9396=CARTESIAN_POINT('',(-17.5,37.,9.3));
#9397=CARTESIAN_POINT('',(-17.5,37.,9.3));
#9398=CARTESIAN_POINT('',(-17.5,37.,9.3));
#9399=CARTESIAN_POINT('Origin',(-17.5,43.,9.3));
#9400=CARTESIAN_POINT('',(-17.5,38.2,9.3));
#9401=CARTESIAN_POINT('Origin',(-14.75,40.,9.3));
#9402=CARTESIAN_POINT('Origin',(-12.,66.,9.3));
#9403=CARTESIAN_POINT('',(-12.,66.,9.3));
#9404=CARTESIAN_POINT('',(-17.5,66.,9.3));
#9405=CARTESIAN_POINT('',(-12.,66.,9.3));
#9406=CARTESIAN_POINT('',(-17.5,66.,9.3));
#9407=CARTESIAN_POINT('',(-12.,66.,9.3));
#9408=CARTESIAN_POINT('Origin',(-12.,64.8,9.3));
#9409=CARTESIAN_POINT('',(-12.,64.8,9.3));
#9410=CARTESIAN_POINT('',(-12.,64.8,9.3));
#9411=CARTESIAN_POINT('',(-12.,64.8,9.3));
#9412=CARTESIAN_POINT('Origin',(-16.3,64.8,9.3));
#9413=CARTESIAN_POINT('',(-16.3,64.8,9.3));
#9414=CARTESIAN_POINT('',(-17.5,64.8,9.3));
#9415=CARTESIAN_POINT('',(-16.3,64.8,9.3));
#9416=CARTESIAN_POINT('Origin',(-16.3,60.,9.3));
#9417=CARTESIAN_POINT('',(-16.3,60.,9.3));
#9418=CARTESIAN_POINT('',(-16.3,60.,9.3));
#9419=CARTESIAN_POINT('',(-16.3,60.,9.3));
#9420=CARTESIAN_POINT('Origin',(-17.5,60.,9.3));
#9421=CARTESIAN_POINT('',(-17.5,60.,9.3));
#9422=CARTESIAN_POINT('',(-17.5,60.,9.3));
#9423=CARTESIAN_POINT('',(-17.5,60.,9.3));
#9424=CARTESIAN_POINT('Origin',(-17.5,66.,9.3));
#9425=CARTESIAN_POINT('',(-17.5,66.,9.3));
#9426=CARTESIAN_POINT('Origin',(-14.75,63.,9.3));
#9427=CARTESIAN_POINT('Origin',(16.3,38.2,9.3));
#9428=CARTESIAN_POINT('',(16.3,38.2,9.3));
#9429=CARTESIAN_POINT('',(12.,38.2,9.3));
#9430=CARTESIAN_POINT('',(17.5,38.2,9.3));
#9431=CARTESIAN_POINT('',(12.,38.2,9.3));
#9432=CARTESIAN_POINT('',(16.3,38.2,9.3));
#9433=CARTESIAN_POINT('Origin',(16.3,43.,9.3));
#9434=CARTESIAN_POINT('',(16.3,43.,9.3));
#9435=CARTESIAN_POINT('',(16.3,43.,9.3));
#9436=CARTESIAN_POINT('',(16.3,43.,9.3));
#9437=CARTESIAN_POINT('Origin',(17.5,43.,9.3));
#9438=CARTESIAN_POINT('',(17.5,43.,9.3));
#9439=CARTESIAN_POINT('',(17.5,43.,9.3));
#9440=CARTESIAN_POINT('',(17.5,43.,9.3));
#9441=CARTESIAN_POINT('Origin',(17.5,37.,9.3));
#9442=CARTESIAN_POINT('',(17.5,37.,9.3));
#9443=CARTESIAN_POINT('',(17.5,37.,9.3));
#9444=CARTESIAN_POINT('',(17.5,37.,9.3));
#9445=CARTESIAN_POINT('Origin',(12.,37.,9.3));
#9446=CARTESIAN_POINT('',(12.,37.,9.3));
#9447=CARTESIAN_POINT('',(12.,37.,9.3));
#9448=CARTESIAN_POINT('',(12.,37.,9.3));
#9449=CARTESIAN_POINT('Origin',(12.,38.2,9.3));
#9450=CARTESIAN_POINT('',(12.,38.2,9.3));
#9451=CARTESIAN_POINT('Origin',(14.75,40.,9.3));
#9452=CARTESIAN_POINT('Origin',(23.,76.,2.));
#9453=CARTESIAN_POINT('',(-4.6,76.,2.));
#9454=CARTESIAN_POINT('',(-4.6,76.,7.9));
#9455=CARTESIAN_POINT('',(-4.6,76.,3.15));
#9456=CARTESIAN_POINT('',(4.6,76.,7.9));
#9457=CARTESIAN_POINT('',(9.2,76.,7.9));
#9458=CARTESIAN_POINT('',(4.6,76.,2.));
#9459=CARTESIAN_POINT('',(4.6,76.,4.95));
#9460=CARTESIAN_POINT('',(11.5,76.,2.));
#9461=CARTESIAN_POINT('',(-17.,76.,2.));
#9462=CARTESIAN_POINT('',(-17.,76.,2.));
#9463=CARTESIAN_POINT('',(11.5,76.,2.));
#9464=CARTESIAN_POINT('Origin',(0.,39.,2.));
#9465=CARTESIAN_POINT('',(-4.6,78.,2.));
#9466=CARTESIAN_POINT('',(-4.6,58.5,2.));
#9467=CARTESIAN_POINT('Origin',(-17.,72.,2.));
#9468=CARTESIAN_POINT('',(-17.,2.,2.));
#9469=CARTESIAN_POINT('Origin',(-17.,6.,2.));
#9470=CARTESIAN_POINT('',(17.,2.,2.));
#9471=CARTESIAN_POINT('',(-11.5,2.,2.));
#9472=CARTESIAN_POINT('',(21.,6.,2.));
#9473=CARTESIAN_POINT('Origin',(17.,6.,2.));
#9474=CARTESIAN_POINT('',(21.,19.5,2.));
#9475=CARTESIAN_POINT('',(4.6,78.,2.));
#9476=CARTESIAN_POINT('',(4.6,58.5,2.));
#9477=CARTESIAN_POINT('',(17.,78.,2.));
#9478=CARTESIAN_POINT('',(23.,78.,2.));
#9479=CARTESIAN_POINT('',(23.,72.,2.));
#9480=CARTESIAN_POINT('Origin',(17.,72.,2.));
#9481=CARTESIAN_POINT('',(23.,6.,2.));
#9482=CARTESIAN_POINT('',(23.,0.,2.));
#9483=CARTESIAN_POINT('',(17.,0.,2.));
#9484=CARTESIAN_POINT('Origin',(17.,6.,2.));
#9485=CARTESIAN_POINT('',(-17.,0.,2.));
#9486=CARTESIAN_POINT('',(-23.,0.,2.));
#9487=CARTESIAN_POINT('',(-23.,6.00000000000001,2.));
#9488=CARTESIAN_POINT('Origin',(-17.,6.,2.));
#9489=CARTESIAN_POINT('',(-23.,72.,2.));
#9490=CARTESIAN_POINT('',(-23.,78.,2.));
#9491=CARTESIAN_POINT('',(-17.,78.,2.));
#9492=CARTESIAN_POINT('Origin',(-17.,72.,2.));
#9493=CARTESIAN_POINT('',(23.,78.,2.));
#9494=CARTESIAN_POINT('Origin',(-17.,72.,15.6));
#9495=CARTESIAN_POINT('',(-17.,77.2,16.));
#9496=CARTESIAN_POINT('',(-17.,78.,15.2));
#9497=CARTESIAN_POINT('',(-17.,77.2,16.));
#9498=CARTESIAN_POINT('',(-23.,72.,15.2));
#9499=CARTESIAN_POINT('Origin',(-17.,72.,15.2));
#9500=CARTESIAN_POINT('',(-22.2,72.,16.));
#9501=CARTESIAN_POINT('',(-23.,72.,15.2));
#9502=CARTESIAN_POINT('Origin',(-17.,72.,16.));
#9503=CARTESIAN_POINT('Origin',(11.5,77.6,15.6));
#9504=CARTESIAN_POINT('',(17.,77.2,16.));
#9505=CARTESIAN_POINT('',(11.5,77.2,16.));
#9506=CARTESIAN_POINT('',(17.,78.,15.2));
#9507=CARTESIAN_POINT('',(17.,77.2,16.));
#9508=CARTESIAN_POINT('',(11.5,78.,15.2));
#9509=CARTESIAN_POINT('Origin',(17.,72.,15.6));
#9510=CARTESIAN_POINT('',(22.2,72.,16.));
#9511=CARTESIAN_POINT('',(23.,72.,15.2));
#9512=CARTESIAN_POINT('',(22.2,72.,16.));
#9513=CARTESIAN_POINT('Origin',(17.,72.,15.2));
#9514=CARTESIAN_POINT('Origin',(17.,72.,16.));
#9515=CARTESIAN_POINT('Origin',(22.6,19.5,15.6));
#9516=CARTESIAN_POINT('',(22.2,6.,16.));
#9517=CARTESIAN_POINT('',(22.2,19.5,16.));
#9518=CARTESIAN_POINT('',(23.,6.,15.2));
#9519=CARTESIAN_POINT('',(22.2,6.,16.));
#9520=CARTESIAN_POINT('',(23.,19.5,15.2));
#9521=CARTESIAN_POINT('Origin',(17.,6.,15.6));
#9522=CARTESIAN_POINT('',(17.,0.799999999999997,16.));
#9523=CARTESIAN_POINT('',(17.,0.,15.2));
#9524=CARTESIAN_POINT('',(17.,0.799999999999997,16.));
#9525=CARTESIAN_POINT('Origin',(17.,6.,15.2));
#9526=CARTESIAN_POINT('Origin',(17.,6.,16.));
#9527=CARTESIAN_POINT('Origin',(-11.5,0.4,15.6));
#9528=CARTESIAN_POINT('',(-17.,0.800000000000001,16.));
#9529=CARTESIAN_POINT('',(-11.5,0.800000000000001,16.));
#9530=CARTESIAN_POINT('',(-17.,0.,15.2));
#9531=CARTESIAN_POINT('',(-17.,0.800000000000001,16.));
#9532=CARTESIAN_POINT('',(-11.5,0.,15.2));
#9533=CARTESIAN_POINT('Origin',(-17.,6.,15.6));
#9534=CARTESIAN_POINT('',(-22.2,6.,16.));
#9535=CARTESIAN_POINT('',(-23.,6.,15.2));
#9536=CARTESIAN_POINT('',(-22.2,6.,16.));
#9537=CARTESIAN_POINT('Origin',(-17.,6.,15.2));
#9538=CARTESIAN_POINT('Origin',(-17.,6.,16.));
#9539=CARTESIAN_POINT('Origin',(-22.6,58.5,15.6));
#9540=CARTESIAN_POINT('',(-22.2,58.5,16.));
#9541=CARTESIAN_POINT('',(-23.,58.5,15.2));
#9542=CARTESIAN_POINT('Origin',(-23.,0.,2.));
#9543=CARTESIAN_POINT('',(-17.,0.,2.));
#9544=CARTESIAN_POINT('',(17.,0.,2.));
#9545=CARTESIAN_POINT('Origin',(-17.,6.,2.));
#9546=CARTESIAN_POINT('',(-23.,6.,2.));
#9547=CARTESIAN_POINT('Origin',(-23.,78.,2.));
#9548=CARTESIAN_POINT('',(-23.,72.,2.));
#9549=CARTESIAN_POINT('Origin',(-17.,72.,2.));
#9550=CARTESIAN_POINT('',(-17.,78.,2.));
#9551=CARTESIAN_POINT('Origin',(0.,39.,16.));
#9552=CARTESIAN_POINT('',(3.4,32.,16.));
#9553=CARTESIAN_POINT('Origin',(6.5,32.,16.));
#9554=CARTESIAN_POINT('',(-9.6,32.,16.));
#9555=CARTESIAN_POINT('Origin',(-6.5,32.,16.));
#9556=CARTESIAN_POINT('',(-12.25,58.4,16.));
#9557=CARTESIAN_POINT('',(12.25,58.4,16.));
#9558=CARTESIAN_POINT('',(-6.125,58.4,16.));
#9559=CARTESIAN_POINT('',(12.25,44.6,16.));
#9560=CARTESIAN_POINT('',(12.25,48.7,16.));
#9561=CARTESIAN_POINT('',(-12.25,44.6,16.));
#9562=CARTESIAN_POINT('',(6.125,44.6,16.));
#9563=CARTESIAN_POINT('',(-12.25,41.8,16.));
#9564=CARTESIAN_POINT('Origin',(12.25,44.6,16.));
#9565=CARTESIAN_POINT('',(-12.25,44.6,16.));
#9566=CARTESIAN_POINT('',(12.25,44.6,16.));
#9567=CARTESIAN_POINT('Origin',(12.25,58.4,16.));
#9568=CARTESIAN_POINT('',(12.25,58.4,16.));
#9569=CARTESIAN_POINT('Origin',(-12.25,58.4,16.));
#9570=CARTESIAN_POINT('',(-12.25,58.4,16.));
#9571=CARTESIAN_POINT('Origin',(-12.25,44.6,16.));
#9572=CARTESIAN_POINT('Origin',(-6.5,32.,16.));
#9573=CARTESIAN_POINT('',(-9.6,32.,16.));
#9574=CARTESIAN_POINT('Origin',(6.5,32.,16.));
#9575=CARTESIAN_POINT('',(3.4,32.,16.));
#9576=CARTESIAN_POINT('Origin',(-4.6,78.,4.3));
#9577=CARTESIAN_POINT('',(-4.6,78.,7.9));
#9578=CARTESIAN_POINT('',(-4.6,78.,3.15));
#9579=CARTESIAN_POINT('',(-4.6,78.,7.9));
#9580=CARTESIAN_POINT('Origin',(4.6,78.,7.9));
#9581=CARTESIAN_POINT('',(4.6,78.,7.9));
#9582=CARTESIAN_POINT('',(4.6,78.,4.95));
#9583=CARTESIAN_POINT('',(4.6,78.,7.9));
#9584=CARTESIAN_POINT('Origin',(-4.6,78.,7.9));
#9585=CARTESIAN_POINT('',(9.2,78.,7.9));
#9586=CARTESIAN_POINT('Origin',(21.,0.,2.));
#9587=CARTESIAN_POINT('',(21.,6.,2.));
#9588=CARTESIAN_POINT('Origin',(-17.,72.,2.));
#9589=CARTESIAN_POINT('Origin',(-17.,6.,2.));
#9590=CARTESIAN_POINT('',(-17.,2.,2.));
#9591=CARTESIAN_POINT('Origin',(17.,6.,2.));
#9592=CARTESIAN_POINT('',(17.,2.,2.));
#9593=CARTESIAN_POINT('Origin',(-23.,2.,2.));
#9594=CARTESIAN_POINT('Origin',(17.,72.,2.));
#9595=CARTESIAN_POINT('',(23.,72.,2.));
#9596=CARTESIAN_POINT('',(17.,78.,2.));
#9597=CARTESIAN_POINT('Origin',(23.,0.,2.));
#9598=CARTESIAN_POINT('',(23.,6.,2.));
#9599=CARTESIAN_POINT('Origin',(17.,6.,2.));
#9600=CARTESIAN_POINT('Origin',(23.,78.,2.));
#9601=CARTESIAN_POINT('Origin',(10.5,75.5,3.5));
#9602=CARTESIAN_POINT('',(10.5,75.5,3.5));
#9603=CARTESIAN_POINT('',(-10.5,75.5,3.5));
#9604=CARTESIAN_POINT('',(10.5,75.5,3.5));
#9605=CARTESIAN_POINT('',(-10.5,75.5,4.5));
#9606=CARTESIAN_POINT('',(-10.5,75.5,3.5));
#9607=CARTESIAN_POINT('',(10.5,75.5,4.5));
#9608=CARTESIAN_POINT('',(10.5,75.5,4.5));
#9609=CARTESIAN_POINT('',(10.5,75.5,3.5));
#9610=CARTESIAN_POINT('Origin',(10.5,58.,3.5));
#9611=CARTESIAN_POINT('',(10.5,58.,3.5));
#9612=CARTESIAN_POINT('',(10.5,58.,3.5));
#9613=CARTESIAN_POINT('',(10.5,58.,4.5));
#9614=CARTESIAN_POINT('',(10.5,58.,4.5));
#9615=CARTESIAN_POINT('',(10.5,58.,3.5));
#9616=CARTESIAN_POINT('Origin',(-10.5,58.,3.5));
#9617=CARTESIAN_POINT('',(-10.5,58.,3.5));
#9618=CARTESIAN_POINT('',(-10.5,58.,3.5));
#9619=CARTESIAN_POINT('',(-10.5,58.,4.5));
#9620=CARTESIAN_POINT('',(-10.5,58.,4.5));
#9621=CARTESIAN_POINT('',(-10.5,58.,3.5));
#9622=CARTESIAN_POINT('Origin',(-10.5,75.5,3.5));
#9623=CARTESIAN_POINT('',(-10.5,75.5,3.5));
#9624=CARTESIAN_POINT('',(-10.5,75.5,4.5));
#9625=CARTESIAN_POINT('Origin',(0.,66.75,4.5));
#9626=CARTESIAN_POINT('Origin',(0.,66.75,3.5));
#9627=CARTESIAN_POINT('Origin',(9.,74.,2.5));
#9628=CARTESIAN_POINT('',(9.,74.,2.5));
#9629=CARTESIAN_POINT('',(-9.,74.,2.5));
#9630=CARTESIAN_POINT('',(9.,74.,2.5));
#9631=CARTESIAN_POINT('',(-9.,74.,3.5));
#9632=CARTESIAN_POINT('',(-9.,74.,2.5));
#9633=CARTESIAN_POINT('',(9.,74.,3.5));
#9634=CARTESIAN_POINT('',(9.,74.,3.5));
#9635=CARTESIAN_POINT('',(9.,74.,2.5));
#9636=CARTESIAN_POINT('Origin',(9.,60.,2.5));
#9637=CARTESIAN_POINT('',(9.,60.,2.5));
#9638=CARTESIAN_POINT('',(9.,60.,2.5));
#9639=CARTESIAN_POINT('',(9.,60.,3.5));
#9640=CARTESIAN_POINT('',(9.,60.,3.5));
#9641=CARTESIAN_POINT('',(9.,60.,2.5));
#9642=CARTESIAN_POINT('Origin',(-9.,60.,2.5));
#9643=CARTESIAN_POINT('',(-9.,60.,2.5));
#9644=CARTESIAN_POINT('',(-9.,60.,2.5));
#9645=CARTESIAN_POINT('',(-9.,60.,3.5));
#9646=CARTESIAN_POINT('',(-9.,60.,3.5));
#9647=CARTESIAN_POINT('',(-9.,60.,2.5));
#9648=CARTESIAN_POINT('Origin',(-9.,74.,2.5));
#9649=CARTESIAN_POINT('',(-9.,74.,2.5));
#9650=CARTESIAN_POINT('',(-9.,74.,3.5));
#9651=CARTESIAN_POINT('Origin',(0.,67.,3.5));
#9652=CARTESIAN_POINT('Origin',(0.,67.,2.5));
#9653=CARTESIAN_POINT('Origin',(6.,68.5,4.5));
#9654=CARTESIAN_POINT('',(6.,68.5,4.5));
#9655=CARTESIAN_POINT('',(-6.,68.5,4.5));
#9656=CARTESIAN_POINT('',(6.,68.5,4.5));
#9657=CARTESIAN_POINT('',(-6.,68.5,6.9));
#9658=CARTESIAN_POINT('',(-6.,68.5,4.5));
#9659=CARTESIAN_POINT('',(6.,68.5,6.9));
#9660=CARTESIAN_POINT('',(6.,68.5,6.9));
#9661=CARTESIAN_POINT('',(6.,68.5,4.5));
#9662=CARTESIAN_POINT('Origin',(6.,59.,4.5));
#9663=CARTESIAN_POINT('',(6.,59.,4.5));
#9664=CARTESIAN_POINT('',(6.,59.,4.5));
#9665=CARTESIAN_POINT('',(6.,59.,6.9));
#9666=CARTESIAN_POINT('',(6.,59.,6.9));
#9667=CARTESIAN_POINT('',(6.,59.,4.5));
#9668=CARTESIAN_POINT('Origin',(-6.,59.,4.5));
#9669=CARTESIAN_POINT('',(-6.,59.,4.5));
#9670=CARTESIAN_POINT('',(-6.,59.,4.5));
#9671=CARTESIAN_POINT('',(-6.,59.,6.9));
#9672=CARTESIAN_POINT('',(-6.,59.,6.9));
#9673=CARTESIAN_POINT('',(-6.,59.,4.5));
#9674=CARTESIAN_POINT('Origin',(-6.,68.5,4.5));
#9675=CARTESIAN_POINT('',(-6.,68.5,4.5));
#9676=CARTESIAN_POINT('',(-6.,68.5,6.9));
#9677=CARTESIAN_POINT('Origin',(0.,63.75,6.9));
#9678=CARTESIAN_POINT('Origin',(0.,63.75,4.5));
#9679=CARTESIAN_POINT('Origin',(4.45,76.8,4.5));
#9680=CARTESIAN_POINT('',(4.45,76.8,4.5));
#9681=CARTESIAN_POINT('',(-4.45,76.8,4.5));
#9682=CARTESIAN_POINT('',(4.45,76.8,4.5));
#9683=CARTESIAN_POINT('',(-4.45,76.8,7.7));
#9684=CARTESIAN_POINT('',(-4.45,76.8,4.5));
#9685=CARTESIAN_POINT('',(4.45,76.8,7.7));
#9686=CARTESIAN_POINT('',(4.45,76.8,7.7));
#9687=CARTESIAN_POINT('',(4.45,76.8,4.5));
#9688=CARTESIAN_POINT('Origin',(4.45,69.5,4.5));
#9689=CARTESIAN_POINT('',(4.45,69.5,4.5));
#9690=CARTESIAN_POINT('',(4.45,69.5,4.5));
#9691=CARTESIAN_POINT('',(4.45,69.5,7.7));
#9692=CARTESIAN_POINT('',(4.45,69.5,7.7));
#9693=CARTESIAN_POINT('',(4.45,69.5,4.5));
#9694=CARTESIAN_POINT('Origin',(-4.45,69.5,4.5));
#9695=CARTESIAN_POINT('',(-4.45,69.5,4.5));
#9696=CARTESIAN_POINT('',(-4.45,69.5,4.5));
#9697=CARTESIAN_POINT('',(-4.45,69.5,7.7));
#9698=CARTESIAN_POINT('',(-4.45,69.5,7.7));
#9699=CARTESIAN_POINT('',(-4.45,69.5,4.5));
#9700=CARTESIAN_POINT('Origin',(-4.45,76.8,4.5));
#9701=CARTESIAN_POINT('',(-4.45,76.8,4.5));
#9702=CARTESIAN_POINT('',(-4.45,76.8,7.7));
#9703=CARTESIAN_POINT('Origin',(0.,73.15,7.7));
#9704=CARTESIAN_POINT('Origin',(0.,73.15,4.5));
#9705=CARTESIAN_POINT('Origin',(16.,64.5,9.5));
#9706=CARTESIAN_POINT('',(16.,64.5,9.5));
#9707=CARTESIAN_POINT('',(-16.,64.5,9.5));
#9708=CARTESIAN_POINT('',(16.,64.5,9.5));
#9709=CARTESIAN_POINT('',(-16.,64.5,10.7));
#9710=CARTESIAN_POINT('',(-16.,64.5,9.5));
#9711=CARTESIAN_POINT('',(16.,64.5,10.7));
#9712=CARTESIAN_POINT('',(16.,64.5,10.7));
#9713=CARTESIAN_POINT('',(16.,64.5,9.5));
#9714=CARTESIAN_POINT('Origin',(16.,38.5,9.5));
#9715=CARTESIAN_POINT('',(16.,38.5,9.5));
#9716=CARTESIAN_POINT('',(16.,38.5,9.5));
#9717=CARTESIAN_POINT('',(16.,38.5,10.7));
#9718=CARTESIAN_POINT('',(16.,38.5,10.7));
#9719=CARTESIAN_POINT('',(16.,38.5,9.5));
#9720=CARTESIAN_POINT('Origin',(-16.,38.5,9.5));
#9721=CARTESIAN_POINT('',(-16.,38.5,9.5));
#9722=CARTESIAN_POINT('',(-16.,38.5,9.5));
#9723=CARTESIAN_POINT('',(-16.,38.5,10.7));
#9724=CARTESIAN_POINT('',(-16.,38.5,10.7));
#9725=CARTESIAN_POINT('',(-16.,38.5,9.5));
#9726=CARTESIAN_POINT('Origin',(-16.,64.5,9.5));
#9727=CARTESIAN_POINT('',(-16.,64.5,9.5));
#9728=CARTESIAN_POINT('',(-16.,64.5,10.7));
#9729=CARTESIAN_POINT('Origin',(0.,51.5,10.7));
#9730=CARTESIAN_POINT('Origin',(0.,51.5,9.5));
#9731=CARTESIAN_POINT('Origin',(15.,63.5,10.7));
#9732=CARTESIAN_POINT('',(15.,63.5,10.7));
#9733=CARTESIAN_POINT('',(-15.,63.5,10.7));
#9734=CARTESIAN_POINT('',(15.,63.5,10.7));
#9735=CARTESIAN_POINT('',(-15.,63.5,14.));
#9736=CARTESIAN_POINT('',(-15.,63.5,10.7));
#9737=CARTESIAN_POINT('',(15.,63.5,14.));
#9738=CARTESIAN_POINT('',(15.,63.5,14.));
#9739=CARTESIAN_POINT('',(15.,63.5,10.7));
#9740=CARTESIAN_POINT('Origin',(15.,39.5,10.7));
#9741=CARTESIAN_POINT('',(15.,39.5,10.7));
#9742=CARTESIAN_POINT('',(15.,39.5,10.7));
#9743=CARTESIAN_POINT('',(15.,39.5,14.));
#9744=CARTESIAN_POINT('',(15.,39.5,14.));
#9745=CARTESIAN_POINT('',(15.,39.5,10.7));
#9746=CARTESIAN_POINT('Origin',(-15.,39.5,10.7));
#9747=CARTESIAN_POINT('',(-15.,39.5,10.7));
#9748=CARTESIAN_POINT('',(-15.,39.5,10.7));
#9749=CARTESIAN_POINT('',(-15.,39.5,14.));
#9750=CARTESIAN_POINT('',(-15.,39.5,14.));
#9751=CARTESIAN_POINT('',(-15.,39.5,10.7));
#9752=CARTESIAN_POINT('Origin',(-15.,63.5,10.7));
#9753=CARTESIAN_POINT('',(-15.,63.5,10.7));
#9754=CARTESIAN_POINT('',(-15.,63.5,14.));
#9755=CARTESIAN_POINT('Origin',(0.,51.5,14.));
#9756=CARTESIAN_POINT('Origin',(0.,51.5,10.7));
#9757=CARTESIAN_POINT('Origin',(12.05,58.2,14.));
#9758=CARTESIAN_POINT('',(12.05,58.2,14.));
#9759=CARTESIAN_POINT('',(-12.05,58.2,14.));
#9760=CARTESIAN_POINT('',(12.05,58.2,14.));
#9761=CARTESIAN_POINT('',(-12.05,58.2,15.2));
#9762=CARTESIAN_POINT('',(-12.05,58.2,14.));
#9763=CARTESIAN_POINT('',(12.05,58.2,15.2));
#9764=CARTESIAN_POINT('',(12.05,58.2,15.2));
#9765=CARTESIAN_POINT('',(12.05,58.2,14.));
#9766=CARTESIAN_POINT('Origin',(12.05,44.8,14.));
#9767=CARTESIAN_POINT('',(12.05,44.8,14.));
#9768=CARTESIAN_POINT('',(12.05,44.8,14.));
#9769=CARTESIAN_POINT('',(12.05,44.8,15.2));
#9770=CARTESIAN_POINT('',(12.05,44.8,15.2));
#9771=CARTESIAN_POINT('',(12.05,44.8,14.));
#9772=CARTESIAN_POINT('Origin',(-12.05,44.8,14.));
#9773=CARTESIAN_POINT('',(-12.05,44.8,14.));
#9774=CARTESIAN_POINT('',(-12.05,44.8,14.));
#9775=CARTESIAN_POINT('',(-12.05,44.8,15.2));
#9776=CARTESIAN_POINT('',(-12.05,44.8,15.2));
#9777=CARTESIAN_POINT('',(-12.05,44.8,14.));
#9778=CARTESIAN_POINT('Origin',(-12.05,58.2,14.));
#9779=CARTESIAN_POINT('',(-12.05,58.2,14.));
#9780=CARTESIAN_POINT('',(-12.05,58.2,15.2));
#9781=CARTESIAN_POINT('Origin',(0.,51.5,15.2));
#9782=CARTESIAN_POINT('Origin',(0.,51.5,14.));
#9783=CARTESIAN_POINT('Origin',(6.5,25.5,2.5));
#9784=CARTESIAN_POINT('',(6.5,25.5,2.5));
#9785=CARTESIAN_POINT('',(-18.5,25.5,2.5));
#9786=CARTESIAN_POINT('',(6.5,25.5,2.5));
#9787=CARTESIAN_POINT('',(-18.5,25.5,9.5));
#9788=CARTESIAN_POINT('',(-18.5,25.5,2.5));
#9789=CARTESIAN_POINT('',(6.5,25.5,9.5));
#9790=CARTESIAN_POINT('',(6.5,25.5,9.5));
#9791=CARTESIAN_POINT('',(6.5,25.5,2.5));
#9792=CARTESIAN_POINT('Origin',(6.5,3.,2.5));
#9793=CARTESIAN_POINT('',(6.5,3.,2.5));
#9794=CARTESIAN_POINT('',(6.5,3.,2.5));
#9795=CARTESIAN_POINT('',(6.5,3.,9.5));
#9796=CARTESIAN_POINT('',(6.5,3.,9.5));
#9797=CARTESIAN_POINT('',(6.5,3.,2.5));
#9798=CARTESIAN_POINT('Origin',(-18.5,3.,2.5));
#9799=CARTESIAN_POINT('',(-18.5,3.,2.5));
#9800=CARTESIAN_POINT('',(-18.5,3.,2.5));
#9801=CARTESIAN_POINT('',(-18.5,3.,9.5));
#9802=CARTESIAN_POINT('',(-18.5,3.,9.5));
#9803=CARTESIAN_POINT('',(-18.5,3.,2.5));
#9804=CARTESIAN_POINT('Origin',(-18.5,25.5,2.5));
#9805=CARTESIAN_POINT('',(-18.5,25.5,2.5));
#9806=CARTESIAN_POINT('',(-18.5,25.5,9.5));
#9807=CARTESIAN_POINT('Origin',(-6.,14.25,9.5));
#9808=CARTESIAN_POINT('Origin',(-6.,14.25,2.5));
#9809=CARTESIAN_POINT('Origin',(13.,3.,7.5));
#9810=CARTESIAN_POINT('',(8.,23.,7.5));
#9811=CARTESIAN_POINT('Origin',(13.,23.,7.5));
#9812=CARTESIAN_POINT('',(8.,3.,7.5));
#9813=CARTESIAN_POINT('',(8.,3.,7.5));
#9814=CARTESIAN_POINT('Origin',(13.,3.,7.5));
#9815=CARTESIAN_POINT('Origin',(13.,23.,7.5));
#9816=CARTESIAN_POINT('Origin',(13.,3.,7.5));
#9817=CARTESIAN_POINT('Origin',(20.,53.5,2.));
#9818=CARTESIAN_POINT('',(20.,53.5,2.));
#9819=CARTESIAN_POINT('',(-20.,53.5,2.));
#9820=CARTESIAN_POINT('',(20.,53.5,2.));
#9821=CARTESIAN_POINT('',(-20.,53.5,3.));
#9822=CARTESIAN_POINT('',(-20.,53.5,2.));
#9823=CARTESIAN_POINT('',(20.,53.5,3.));
#9824=CARTESIAN_POINT('',(20.,53.5,3.));
#9825=CARTESIAN_POINT('',(20.,53.5,2.));
#9826=CARTESIAN_POINT('Origin',(20.,42.5,2.));
#9827=CARTESIAN_POINT('',(20.,42.5,2.));
#9828=CARTESIAN_POINT('',(20.,42.5,2.));
#9829=CARTESIAN_POINT('',(20.,42.5,3.));
#9830=CARTESIAN_POINT('',(20.,42.5,3.));
#9831=CARTESIAN_POINT('',(20.,42.5,2.));
#9832=CARTESIAN_POINT('Origin',(-20.,42.5,2.));
#9833=CARTESIAN_POINT('',(-20.,42.5,2.));
#9834=CARTESIAN_POINT('',(-20.,42.5,2.));
#9835=CARTESIAN_POINT('',(-20.,42.5,3.));
#9836=CARTESIAN_POINT('',(-20.,42.5,3.));
#9837=CARTESIAN_POINT('',(-20.,42.5,2.));
#9838=CARTESIAN_POINT('Origin',(-20.,53.5,2.));
#9839=CARTESIAN_POINT('',(-20.,53.5,2.));
#9840=CARTESIAN_POINT('',(-20.,53.5,3.));
#9841=CARTESIAN_POINT('Origin',(0.,48.,3.));
#9842=CARTESIAN_POINT('Origin',(0.,48.,2.));
#9843=CARTESIAN_POINT('Origin',(-8.5,32.,4.));
#9844=CARTESIAN_POINT('',(-9.5,32.,4.3));
#9845=CARTESIAN_POINT('Origin',(-8.5,32.,4.3));
#9846=CARTESIAN_POINT('',(-9.5,32.,5.9));
#9847=CARTESIAN_POINT('',(-9.5,32.,4.));
#9848=CARTESIAN_POINT('Origin',(-8.5,32.,5.9));
#9849=CARTESIAN_POINT('Origin',(8.5,32.,4.));
#9850=CARTESIAN_POINT('',(7.5,32.,4.3));
#9851=CARTESIAN_POINT('Origin',(8.5,32.,4.3));
#9852=CARTESIAN_POINT('',(7.5,32.,5.9));
#9853=CARTESIAN_POINT('',(7.5,32.,4.));
#9854=CARTESIAN_POINT('Origin',(8.5,32.,5.9));
#9855=CARTESIAN_POINT('Origin',(10.,36.,4.3));
#9856=CARTESIAN_POINT('',(10.,36.,4.3));
#9857=CARTESIAN_POINT('',(-10.,36.,4.3));
#9858=CARTESIAN_POINT('',(10.,36.,4.3));
#9859=CARTESIAN_POINT('',(-10.,36.,5.9));
#9860=CARTESIAN_POINT('',(-10.,36.,4.3));
#9861=CARTESIAN_POINT('',(10.,36.,5.9));
#9862=CARTESIAN_POINT('',(10.,36.,5.9));
#9863=CARTESIAN_POINT('',(10.,36.,4.3));
#9864=CARTESIAN_POINT('Origin',(10.,28.,4.3));
#9865=CARTESIAN_POINT('',(10.,28.,4.3));
#9866=CARTESIAN_POINT('',(10.,28.,4.3));
#9867=CARTESIAN_POINT('',(10.,28.,5.9));
#9868=CARTESIAN_POINT('',(10.,28.,5.9));
#9869=CARTESIAN_POINT('',(10.,28.,4.3));
#9870=CARTESIAN_POINT('Origin',(-10.,28.,4.3));
#9871=CARTESIAN_POINT('',(-10.,28.,4.3));
#9872=CARTESIAN_POINT('',(-10.,28.,4.3));
#9873=CARTESIAN_POINT('',(-10.,28.,5.9));
#9874=CARTESIAN_POINT('',(-10.,28.,5.9));
#9875=CARTESIAN_POINT('',(-10.,28.,4.3));
#9876=CARTESIAN_POINT('Origin',(-10.,36.,4.3));
#9877=CARTESIAN_POINT('',(-10.,36.,4.3));
#9878=CARTESIAN_POINT('',(-10.,36.,5.9));
#9879=CARTESIAN_POINT('Origin',(0.,32.,5.9));
#9880=CARTESIAN_POINT('Origin',(0.,32.,4.3));
#9881=CARTESIAN_POINT('Origin',(-6.5,32.,9.4));
#9882=CARTESIAN_POINT('',(-8.25,32.,12.9));
#9883=CARTESIAN_POINT('Origin',(-6.5,32.,12.9));
#9884=CARTESIAN_POINT('',(-8.25,32.,9.4));
#9885=CARTESIAN_POINT('',(-8.25,32.,9.4));
#9886=CARTESIAN_POINT('Origin',(-6.5,32.,9.4));
#9887=CARTESIAN_POINT('Origin',(-6.5,32.,12.9));
#9888=CARTESIAN_POINT('Origin',(-3.5,35.,5.9));
#9889=CARTESIAN_POINT('',(-3.5,35.,5.9));
#9890=CARTESIAN_POINT('',(-9.5,35.,5.9));
#9891=CARTESIAN_POINT('',(-3.5,35.,5.9));
#9892=CARTESIAN_POINT('',(-9.5,35.,9.4));
#9893=CARTESIAN_POINT('',(-9.5,35.,5.9));
#9894=CARTESIAN_POINT('',(-3.5,35.,9.4));
#9895=CARTESIAN_POINT('',(-3.5,35.,9.4));
#9896=CARTESIAN_POINT('',(-3.5,35.,5.9));
#9897=CARTESIAN_POINT('Origin',(-3.5,29.,5.9));
#9898=CARTESIAN_POINT('',(-3.5,29.,5.9));
#9899=CARTESIAN_POINT('',(-3.5,29.,5.9));
#9900=CARTESIAN_POINT('',(-3.5,29.,9.4));
#9901=CARTESIAN_POINT('',(-3.5,29.,9.4));
#9902=CARTESIAN_POINT('',(-3.5,29.,5.9));
#9903=CARTESIAN_POINT('Origin',(-9.5,29.,5.9));
#9904=CARTESIAN_POINT('',(-9.5,29.,5.9));
#9905=CARTESIAN_POINT('',(-9.5,29.,5.9));
#9906=CARTESIAN_POINT('',(-9.5,29.,9.4));
#9907=CARTESIAN_POINT('',(-9.5,29.,9.4));
#9908=CARTESIAN_POINT('',(-9.5,29.,5.9));
#9909=CARTESIAN_POINT('Origin',(-9.5,35.,5.9));
#9910=CARTESIAN_POINT('',(-9.5,35.,5.9));
#9911=CARTESIAN_POINT('',(-9.5,35.,9.4));
#9912=CARTESIAN_POINT('Origin',(-6.5,32.,9.4));
#9913=CARTESIAN_POINT('Origin',(-6.5,32.,5.9));
#9914=CARTESIAN_POINT('Origin',(6.5,32.,9.4));
#9915=CARTESIAN_POINT('',(4.75,32.,12.9));
#9916=CARTESIAN_POINT('Origin',(6.5,32.,12.9));
#9917=CARTESIAN_POINT('',(4.75,32.,9.4));
#9918=CARTESIAN_POINT('',(4.75,32.,9.4));
#9919=CARTESIAN_POINT('Origin',(6.5,32.,9.4));
#9920=CARTESIAN_POINT('Origin',(6.5,32.,12.9));
#9921=CARTESIAN_POINT('Origin',(9.5,35.,5.9));
#9922=CARTESIAN_POINT('',(9.5,35.,5.9));
#9923=CARTESIAN_POINT('',(3.5,35.,5.9));
#9924=CARTESIAN_POINT('',(9.5,35.,5.9));
#9925=CARTESIAN_POINT('',(3.5,35.,9.4));
#9926=CARTESIAN_POINT('',(3.5,35.,5.9));
#9927=CARTESIAN_POINT('',(9.5,35.,9.4));
#9928=CARTESIAN_POINT('',(9.5,35.,9.4));
#9929=CARTESIAN_POINT('',(9.5,35.,5.9));
#9930=CARTESIAN_POINT('Origin',(9.5,29.,5.9));
#9931=CARTESIAN_POINT('',(9.5,29.,5.9));
#9932=CARTESIAN_POINT('',(9.5,29.,5.9));
#9933=CARTESIAN_POINT('',(9.5,29.,9.4));
#9934=CARTESIAN_POINT('',(9.5,29.,9.4));
#9935=CARTESIAN_POINT('',(9.5,29.,5.9));
#9936=CARTESIAN_POINT('Origin',(3.5,29.,5.9));
#9937=CARTESIAN_POINT('',(3.5,29.,5.9));
#9938=CARTESIAN_POINT('',(3.5,29.,5.9));
#9939=CARTESIAN_POINT('',(3.5,29.,9.4));
#9940=CARTESIAN_POINT('',(3.5,29.,9.4));
#9941=CARTESIAN_POINT('',(3.5,29.,5.9));
#9942=CARTESIAN_POINT('Origin',(3.5,35.,5.9));
#9943=CARTESIAN_POINT('',(3.5,35.,5.9));
#9944=CARTESIAN_POINT('',(3.5,35.,9.4));
#9945=CARTESIAN_POINT('Origin',(6.5,32.,9.4));
#9946=CARTESIAN_POINT('Origin',(6.5,32.,5.9));
#9947=CARTESIAN_POINT('Origin',(-6.5,32.,13.));
#9948=CARTESIAN_POINT('',(-8.35,32.,13.));
#9949=CARTESIAN_POINT('Origin',(-6.5,32.,13.));
#9950=CARTESIAN_POINT('',(-8.35,32.,14.));
#9951=CARTESIAN_POINT('',(-8.35,32.,13.));
#9952=CARTESIAN_POINT('Origin',(-6.5,32.,14.));
#9953=CARTESIAN_POINT('Origin',(-6.5,32.,14.));
#9954=CARTESIAN_POINT('Origin',(-6.5,32.,14.));
#9955=CARTESIAN_POINT('',(-9.3,32.,16.8));
#9956=CARTESIAN_POINT('Origin',(-6.5,32.,16.8));
#9957=CARTESIAN_POINT('',(-9.3,32.,14.));
#9958=CARTESIAN_POINT('',(-9.3,32.,14.));
#9959=CARTESIAN_POINT('Origin',(-6.5,32.,14.));
#9960=CARTESIAN_POINT('Origin',(-6.5,32.,16.8));
#9961=CARTESIAN_POINT('Origin',(-6.5,32.,13.));
#9962=CARTESIAN_POINT('',(-10.5,32.,14.));
#9963=CARTESIAN_POINT('Origin',(-6.5,32.,14.));
#9964=CARTESIAN_POINT('',(-10.5,32.,13.));
#9965=CARTESIAN_POINT('',(-10.5,32.,13.));
#9966=CARTESIAN_POINT('Origin',(-6.5,32.,13.));
#9967=CARTESIAN_POINT('Origin',(-6.5,32.,14.));
#9968=CARTESIAN_POINT('Origin',(-6.5,32.,13.));
#9969=CARTESIAN_POINT('Origin',(6.5,32.,13.));
#9970=CARTESIAN_POINT('',(4.65,32.,13.));
#9971=CARTESIAN_POINT('Origin',(6.5,32.,13.));
#9972=CARTESIAN_POINT('',(4.65,32.,14.));
#9973=CARTESIAN_POINT('',(4.65,32.,13.));
#9974=CARTESIAN_POINT('Origin',(6.5,32.,14.));
#9975=CARTESIAN_POINT('Origin',(6.5,32.,14.));
#9976=CARTESIAN_POINT('Origin',(6.5,32.,14.));
#9977=CARTESIAN_POINT('',(3.7,32.,16.8));
#9978=CARTESIAN_POINT('Origin',(6.5,32.,16.8));
#9979=CARTESIAN_POINT('',(3.7,32.,14.));
#9980=CARTESIAN_POINT('',(3.7,32.,14.));
#9981=CARTESIAN_POINT('Origin',(6.5,32.,14.));
#9982=CARTESIAN_POINT('Origin',(6.5,32.,16.8));
#9983=CARTESIAN_POINT('Origin',(6.5,32.,13.));
#9984=CARTESIAN_POINT('',(2.5,32.,14.));
#9985=CARTESIAN_POINT('Origin',(6.5,32.,14.));
#9986=CARTESIAN_POINT('',(2.5,32.,13.));
#9987=CARTESIAN_POINT('',(2.5,32.,13.));
#9988=CARTESIAN_POINT('Origin',(6.5,32.,13.));
#9989=CARTESIAN_POINT('Origin',(6.5,32.,14.));
#9990=CARTESIAN_POINT('Origin',(6.5,32.,13.));
#9991=CARTESIAN_POINT('Origin',(-17.8,32.,3.4));
#9992=CARTESIAN_POINT('',(-19.3,32.,3.4));
#9993=CARTESIAN_POINT('Origin',(-17.8,32.,3.4));
#9994=CARTESIAN_POINT('',(-19.3,32.,8.4));
#9995=CARTESIAN_POINT('',(-19.3,32.,3.4));
#9996=CARTESIAN_POINT('Origin',(-17.8,32.,8.4));
#9997=CARTESIAN_POINT('Origin',(-17.8,32.,3.4));
#9998=CARTESIAN_POINT('',(-20.,32.,8.4));
#9999=CARTESIAN_POINT('Origin',(-17.8,32.,8.4));
#10000=CARTESIAN_POINT('',(-20.,32.,3.4));
#10001=CARTESIAN_POINT('',(-20.,32.,3.4));
#10002=CARTESIAN_POINT('Origin',(-17.8,32.,3.4));
#10003=CARTESIAN_POINT('Origin',(-17.8,32.,8.4));
#10004=CARTESIAN_POINT('Origin',(-17.8,32.,3.4));
#10005=CARTESIAN_POINT('Origin',(-17.8,32.,1.9));
#10006=CARTESIAN_POINT('',(-19.25,32.,7.9));
#10007=CARTESIAN_POINT('Origin',(-17.8,32.,7.9));
#10008=CARTESIAN_POINT('',(-19.25,32.,1.9));
#10009=CARTESIAN_POINT('',(-19.25,32.,1.9));
#10010=CARTESIAN_POINT('Origin',(-17.8,32.,1.9));
#10011=CARTESIAN_POINT('Origin',(-17.8,32.,7.9));
#10012=CARTESIAN_POINT('Origin',(-17.8,32.,0.25));
#10013=CARTESIAN_POINT('',(-20.65,32.,1.9));
#10014=CARTESIAN_POINT('Origin',(-17.8,32.,1.9));
#10015=CARTESIAN_POINT('',(-20.65,32.,0.25));
#10016=CARTESIAN_POINT('',(-20.65,32.,0.25));
#10017=CARTESIAN_POINT('Origin',(-17.8,32.,0.25));
#10018=CARTESIAN_POINT('Origin',(-17.8,32.,1.9));
#10019=CARTESIAN_POINT('Origin',(-17.8,32.,0.25));
#10020=CARTESIAN_POINT('Origin',(-17.8,72.,3.4));
#10021=CARTESIAN_POINT('',(-19.3,72.,3.4));
#10022=CARTESIAN_POINT('Origin',(-17.8,72.,3.4));
#10023=CARTESIAN_POINT('',(-19.3,72.,8.4));
#10024=CARTESIAN_POINT('',(-19.3,72.,3.4));
#10025=CARTESIAN_POINT('Origin',(-17.8,72.,8.4));
#10026=CARTESIAN_POINT('Origin',(-17.8,72.,3.4));
#10027=CARTESIAN_POINT('',(-20.,72.,8.4));
#10028=CARTESIAN_POINT('Origin',(-17.8,72.,8.4));
#10029=CARTESIAN_POINT('',(-20.,72.,3.4));
#10030=CARTESIAN_POINT('',(-20.,72.,3.4));
#10031=CARTESIAN_POINT('Origin',(-17.8,72.,3.4));
#10032=CARTESIAN_POINT('Origin',(-17.8,72.,8.4));
#10033=CARTESIAN_POINT('Origin',(-17.8,72.,3.4));
#10034=CARTESIAN_POINT('Origin',(-17.8,72.,1.9));
#10035=CARTESIAN_POINT('',(-19.25,72.,7.9));
#10036=CARTESIAN_POINT('Origin',(-17.8,72.,7.9));
#10037=CARTESIAN_POINT('',(-19.25,72.,1.9));
#10038=CARTESIAN_POINT('',(-19.25,72.,1.9));
#10039=CARTESIAN_POINT('Origin',(-17.8,72.,1.9));
#10040=CARTESIAN_POINT('Origin',(-17.8,72.,7.9));
#10041=CARTESIAN_POINT('Origin',(-17.8,72.,0.25));
#10042=CARTESIAN_POINT('',(-20.65,72.,1.9));
#10043=CARTESIAN_POINT('Origin',(-17.8,72.,1.9));
#10044=CARTESIAN_POINT('',(-20.65,72.,0.25));
#10045=CARTESIAN_POINT('',(-20.65,72.,0.25));
#10046=CARTESIAN_POINT('Origin',(-17.8,72.,0.25));
#10047=CARTESIAN_POINT('Origin',(-17.8,72.,1.9));
#10048=CARTESIAN_POINT('Origin',(-17.8,72.,0.25));
#10049=CARTESIAN_POINT('Origin',(17.8,32.,3.4));
#10050=CARTESIAN_POINT('',(16.3,32.,3.4));
#10051=CARTESIAN_POINT('Origin',(17.8,32.,3.4));
#10052=CARTESIAN_POINT('',(16.3,32.,8.4));
#10053=CARTESIAN_POINT('',(16.3,32.,3.4));
#10054=CARTESIAN_POINT('Origin',(17.8,32.,8.4));
#10055=CARTESIAN_POINT('Origin',(17.8,32.,3.4));
#10056=CARTESIAN_POINT('',(15.6,32.,8.4));
#10057=CARTESIAN_POINT('Origin',(17.8,32.,8.4));
#10058=CARTESIAN_POINT('',(15.6,32.,3.4));
#10059=CARTESIAN_POINT('',(15.6,32.,3.4));
#10060=CARTESIAN_POINT('Origin',(17.8,32.,3.4));
#10061=CARTESIAN_POINT('Origin',(17.8,32.,8.4));
#10062=CARTESIAN_POINT('Origin',(17.8,32.,3.4));
#10063=CARTESIAN_POINT('Origin',(17.8,32.,1.9));
#10064=CARTESIAN_POINT('',(16.35,32.,7.9));
#10065=CARTESIAN_POINT('Origin',(17.8,32.,7.9));
#10066=CARTESIAN_POINT('',(16.35,32.,1.9));
#10067=CARTESIAN_POINT('',(16.35,32.,1.9));
#10068=CARTESIAN_POINT('Origin',(17.8,32.,1.9));
#10069=CARTESIAN_POINT('Origin',(17.8,32.,7.9));
#10070=CARTESIAN_POINT('Origin',(17.8,32.,0.25));
#10071=CARTESIAN_POINT('',(14.95,32.,1.9));
#10072=CARTESIAN_POINT('Origin',(17.8,32.,1.9));
#10073=CARTESIAN_POINT('',(14.95,32.,0.25));
#10074=CARTESIAN_POINT('',(14.95,32.,0.25));
#10075=CARTESIAN_POINT('Origin',(17.8,32.,0.25));
#10076=CARTESIAN_POINT('Origin',(17.8,32.,1.9));
#10077=CARTESIAN_POINT('Origin',(17.8,32.,0.25));
#10078=CARTESIAN_POINT('Origin',(17.8,72.,3.4));
#10079=CARTESIAN_POINT('',(16.3,72.,3.4));
#10080=CARTESIAN_POINT('Origin',(17.8,72.,3.4));
#10081=CARTESIAN_POINT('',(16.3,72.,8.4));
#10082=CARTESIAN_POINT('',(16.3,72.,3.4));
#10083=CARTESIAN_POINT('Origin',(17.8,72.,8.4));
#10084=CARTESIAN_POINT('Origin',(17.8,72.,3.4));
#10085=CARTESIAN_POINT('',(15.6,72.,8.4));
#10086=CARTESIAN_POINT('Origin',(17.8,72.,8.4));
#10087=CARTESIAN_POINT('',(15.6,72.,3.4));
#10088=CARTESIAN_POINT('',(15.6,72.,3.4));
#10089=CARTESIAN_POINT('Origin',(17.8,72.,3.4));
#10090=CARTESIAN_POINT('Origin',(17.8,72.,8.4));
#10091=CARTESIAN_POINT('Origin',(17.8,72.,3.4));
#10092=CARTESIAN_POINT('Origin',(17.8,72.,1.9));
#10093=CARTESIAN_POINT('',(16.35,72.,7.9));
#10094=CARTESIAN_POINT('Origin',(17.8,72.,7.9));
#10095=CARTESIAN_POINT('',(16.35,72.,1.9));
#10096=CARTESIAN_POINT('',(16.35,72.,1.9));
#10097=CARTESIAN_POINT('Origin',(17.8,72.,1.9));
#10098=CARTESIAN_POINT('Origin',(17.8,72.,7.9));
#10099=CARTESIAN_POINT('Origin',(17.8,72.,0.25));
#10100=CARTESIAN_POINT('',(14.95,72.,1.9));
#10101=CARTESIAN_POINT('Origin',(17.8,72.,1.9));
#10102=CARTESIAN_POINT('',(14.95,72.,0.25));
#10103=CARTESIAN_POINT('',(14.95,72.,0.25));
#10104=CARTESIAN_POINT('Origin',(17.8,72.,0.25));
#10105=CARTESIAN_POINT('Origin',(17.8,72.,1.9));
#10106=CARTESIAN_POINT('Origin',(17.8,72.,0.25));
#10107=UNCERTAINTY_MEASURE_WITH_UNIT(LENGTH_MEASURE(0.01),#10111,
'DISTANCE_ACCURACY_VALUE',
'Maximum model space distance between geometric entities at asserted c
onnectivities');
#10108=UNCERTAINTY_MEASURE_WITH_UNIT(LENGTH_MEASURE(0.01),#10111,
'DISTANCE_ACCURACY_VALUE',
'Maximum model space distance between geometric entities at asserted c
onnectivities');
#10109=(
GEOMETRIC_REPRESENTATION_CONTEXT(3)
GLOBAL_UNCERTAINTY_ASSIGNED_CONTEXT((#10107))
GLOBAL_UNIT_ASSIGNED_CONTEXT((#10111,#10113,#10114))
REPRESENTATION_CONTEXT('','3D')
);
#10110=(
GEOMETRIC_REPRESENTATION_CONTEXT(3)
GLOBAL_UNCERTAINTY_ASSIGNED_CONTEXT((#10108))
GLOBAL_UNIT_ASSIGNED_CONTEXT((#10111,#10113,#10114))
REPRESENTATION_CONTEXT('','3D')
);
#10111=(
LENGTH_UNIT()
NAMED_UNIT(*)
SI_UNIT(.MILLI.,.METRE.)
);
#10112=(
LENGTH_UNIT()
NAMED_UNIT(*)
SI_UNIT($,.METRE.)
);
#10113=(
NAMED_UNIT(*)
PLANE_ANGLE_UNIT()
SI_UNIT($,.RADIAN.)
);
#10114=(
NAMED_UNIT(*)
SI_UNIT($,.STERADIAN.)
SOLID_ANGLE_UNIT()
);
#10115=SHAPE_DEFINITION_REPRESENTATION(#10116,#10117);
#10116=PRODUCT_DEFINITION_SHAPE('',$,#10119);
#10117=SHAPE_REPRESENTATION('',(#6175),#10109);
#10118=PRODUCT_DEFINITION_CONTEXT('part definition',#10123,'design');
#10119=PRODUCT_DEFINITION('2026-09-10-15-50-54-312','(Unsaved)',#10120,
#10118);
#10120=PRODUCT_DEFINITION_FORMATION('',$,#10125);
#10121=PRODUCT_RELATED_PRODUCT_CATEGORY('(Unsaved)','(Unsaved)',(#10125));
#10122=APPLICATION_PROTOCOL_DEFINITION('international standard',
'automotive_design',2009,#10123);
#10123=APPLICATION_CONTEXT(
'Core Data for Automotive Mechanical Design Process');
#10124=PRODUCT_CONTEXT('part definition',#10123,'mechanical');
#10125=PRODUCT('2026-09-10-15-50-54-312','(Unsaved)',$,(#10124));
#10126=PRESENTATION_STYLE_ASSIGNMENT((#10136));
#10127=PRESENTATION_STYLE_ASSIGNMENT((#10137));
#10128=PRESENTATION_STYLE_ASSIGNMENT((#10138));
#10129=PRESENTATION_STYLE_ASSIGNMENT((#10139));
#10130=PRESENTATION_STYLE_ASSIGNMENT((#10140));
#10131=PRESENTATION_STYLE_ASSIGNMENT((#10141));
#10132=PRESENTATION_STYLE_ASSIGNMENT((#10142));
#10133=PRESENTATION_STYLE_ASSIGNMENT((#10143));
#10134=PRESENTATION_STYLE_ASSIGNMENT((#10144));
#10135=PRESENTATION_STYLE_ASSIGNMENT((#10145));
#10136=SURFACE_STYLE_USAGE(.BOTH.,#10146);
#10137=SURFACE_STYLE_USAGE(.BOTH.,#10147);
#10138=SURFACE_STYLE_USAGE(.BOTH.,#10148);
#10139=SURFACE_STYLE_USAGE(.BOTH.,#10149);
#10140=SURFACE_STYLE_USAGE(.BOTH.,#10150);
#10141=SURFACE_STYLE_USAGE(.BOTH.,#10151);
#10142=SURFACE_STYLE_USAGE(.BOTH.,#10152);
#10143=SURFACE_STYLE_USAGE(.BOTH.,#10153);
#10144=SURFACE_STYLE_USAGE(.BOTH.,#10154);
#10145=SURFACE_STYLE_USAGE(.BOTH.,#10155);
#10146=SURFACE_SIDE_STYLE('',(#10156));
#10147=SURFACE_SIDE_STYLE('',(#10157));
#10148=SURFACE_SIDE_STYLE('',(#10158));
#10149=SURFACE_SIDE_STYLE('',(#10159));
#10150=SURFACE_SIDE_STYLE('',(#10160));
#10151=SURFACE_SIDE_STYLE('',(#10161));
#10152=SURFACE_SIDE_STYLE('',(#10162));
#10153=SURFACE_SIDE_STYLE('',(#10163));
#10154=SURFACE_SIDE_STYLE('',(#10164));
#10155=SURFACE_SIDE_STYLE('',(#10165));
#10156=SURFACE_STYLE_FILL_AREA(#10166);
#10157=SURFACE_STYLE_FILL_AREA(#10167);
#10158=SURFACE_STYLE_FILL_AREA(#10168);
#10159=SURFACE_STYLE_FILL_AREA(#10169);
#10160=SURFACE_STYLE_FILL_AREA(#10170);
#10161=SURFACE_STYLE_FILL_AREA(#10171);
#10162=SURFACE_STYLE_FILL_AREA(#10172);
#10163=SURFACE_STYLE_FILL_AREA(#10173);
#10164=SURFACE_STYLE_FILL_AREA(#10174);
#10165=SURFACE_STYLE_FILL_AREA(#10175);
#10166=FILL_AREA_STYLE('Steel - Satin',(#10176));
#10167=FILL_AREA_STYLE('Plastic - Matte (Black)',(#10177));
#10168=FILL_AREA_STYLE('Plastic - Glossy (Black)',(#10178));
#10169=FILL_AREA_STYLE('Plastic - Matte (Gray)',(#10179));
#10170=FILL_AREA_STYLE('Aluminum - Anodized Glossy (Grey)',(#10180));
#10171=FILL_AREA_STYLE('Aluminum - Polished',(#10181));
#10172=FILL_AREA_STYLE('Glass - Heavy Color (Blue)',(#10182));
#10173=FILL_AREA_STYLE('Plastic - Glossy (Red)',(#10183));
#10174=FILL_AREA_STYLE('Paint - Enamel Glossy (Blue)',(#10184));
#10175=FILL_AREA_STYLE('Plastic - Matte (Green)',(#10185));
#10176=FILL_AREA_STYLE_COLOUR('Steel - Satin',#10186);
#10177=FILL_AREA_STYLE_COLOUR('Plastic - Matte (Black)',#10187);
#10178=FILL_AREA_STYLE_COLOUR('Plastic - Glossy (Black)',#10188);
#10179=FILL_AREA_STYLE_COLOUR('Plastic - Matte (Gray)',#10189);
#10180=FILL_AREA_STYLE_COLOUR('Aluminum - Anodized Glossy (Grey)',#10190);
#10181=FILL_AREA_STYLE_COLOUR('Aluminum - Polished',#10191);
#10182=FILL_AREA_STYLE_COLOUR('Glass - Heavy Color (Blue)',#10192);
#10183=FILL_AREA_STYLE_COLOUR('Plastic - Glossy (Red)',#10193);
#10184=FILL_AREA_STYLE_COLOUR('Paint - Enamel Glossy (Blue)',#10194);
#10185=FILL_AREA_STYLE_COLOUR('Plastic - Matte (Green)',#10195);
#10186=COLOUR_RGB('Steel - Satin',0.627450980392157,0.627450980392157,0.627450980392157);
#10187=COLOUR_RGB('Plastic - Matte (Black)',0.0980392156862745,0.0980392156862745,
0.0980392156862745);
#10188=COLOUR_RGB('Plastic - Glossy (Black)',0.0980392156862745,0.0980392156862745,
0.0980392156862745);
#10189=COLOUR_RGB('Plastic - Matte (Gray)',0.701960784313725,0.701960784313725,
0.701960784313725);
#10190=COLOUR_RGB('Aluminum - Anodized Glossy (Grey)',0.537254901960784,
0.537254901960784,0.537254901960784);
#10191=COLOUR_RGB('Aluminum - Polished',0.96078431372549,0.96078431372549,
0.964705882352941);
#10192=COLOUR_RGB('Glass - Heavy Color (Blue)',0.423529411764706,0.768627450980392,
0.854901960784314);
#10193=COLOUR_RGB('Plastic - Glossy (Red)',0.768627450980392,0.207843137254902,
0.152941176470588);
#10194=COLOUR_RGB('Paint - Enamel Glossy (Blue)',0.188235294117647,0.231372549019608,
0.588235294117647);
#10195=COLOUR_RGB('Plastic - Matte (Green)',0.266666666666667,0.588235294117647,
0.282352941176471);
ENDSEC;
END-ISO-10303-21;
